code,measured,depth_cm,max_cm,status
FL.STN.04,2026-10-05 16:35,0.0,,Out of order
FL.STN.04,2026-10-05 17:35,0.0,,Out of order
FL.STN.04,2026-10-05 17:50,0.0,,Out of order
FL.STN.04,2026-10-05 18:35,0.0,,Out of order
FL.STN.04,2026-10-05 19:35,0.0,,Out of order
FL.CTC.07,2026-10-05 20:05,0.0,,Normal
FL.NKM.02,2026-10-05 20:10,0.0,,Normal
FL.BBN.01,2026-10-05 20:15,0.0,,Normal
FL.BBN.02,2026-10-05 20:15,0.0,,Normal
FL.BBN.03,2026-10-05 20:15,0.0,,Normal
FL.BBN.04,2026-10-05 20:15,0.0,,Normal
FL.BBN.05,2026-10-05 20:15,0.0,,Normal
FL.BBN.06,2026-10-05 20:15,0.0,,Normal
FL.BBN.07,2026-10-05 20:15,0.0,,Normal
FL.BKA.02,2026-10-05 20:15,0.0,,Normal
FL.BKA.03,2026-10-05 20:15,0.0,,Normal
FL.BKA.04,2026-10-05 20:15,0.0,,Normal
FL.BKA.05,2026-10-05 20:15,0.0,,Normal
FL.BKA.06,2026-10-05 20:15,0.0,,Normal
FL.BKA.07,2026-10-05 20:15,0.0,,Normal
FL.BKA.08,2026-10-05 20:15,0.0,,Normal
FL.BKA.09,2026-10-05 20:15,0.0,,Normal
FL.BKA.10,2026-10-05 20:15,0.0,,Normal
FL.BKA.11,2026-10-05 20:15,0.0,,Normal
FL.BKE.01,2026-10-05 20:15,0.0,,Normal
FL.BKE.02,2026-10-05 20:15,0.0,,Normal
FL.BKE.03,2026-10-05 20:15,0.0,,Normal
FL.BKE.04,2026-10-05 20:15,0.0,,Normal
FL.BKE.05,2026-10-05 20:15,0.0,,Normal
FL.BKE.06,2026-10-05 20:15,0.0,,Normal
FL.BKL.02,2026-10-05 20:15,0.0,,Normal
FL.BKL.03,2026-10-05 20:15,0.0,,Normal
FL.BKM.01,2026-10-05 20:15,0.0,,Normal
FL.BKM.02,2026-10-05 20:15,0.0,,Normal
FL.BKM.03,2026-10-05 20:15,0.0,,Normal
FL.BKM.04,2026-10-05 20:15,0.0,,Normal
FL.BKM.05,2026-10-05 20:15,0.0,,Normal
FL.BKM.06,2026-10-05 20:15,0.0,,Normal
FL.BKN.01,2026-10-05 20:15,0.0,,Normal
FL.BKN.02,2026-10-05 20:15,0.0,,Normal
FL.BKP.01,2026-10-05 20:15,0.0,,Normal
FL.BKP.04,2026-10-05 20:15,0.0,,Normal
FL.BKP.07,2026-10-05 20:15,0.0,,Normal
FL.BKP.08,2026-10-05 20:15,0.0,,Normal
FL.BKP.09,2026-10-05 20:15,0.0,,Normal
FL.BKP.10,2026-10-05 20:15,0.0,,Normal
FL.BKP.12,2026-10-05 20:15,0.0,,Normal
FL.BKT.01,2026-10-05 20:15,0.0,,Normal
FL.BKT.02,2026-10-05 20:15,0.0,,Normal
FL.BKT.03,2026-10-05 20:15,0.0,,Normal
FL.BKT.04,2026-10-05 20:15,0.0,,Normal
FL.BKY.01,2026-10-05 20:15,0.0,,Normal
FL.BNA.01,2026-10-05 20:15,0.0,,Normal
FL.BNA.02,2026-10-05 20:15,0.0,,Normal
FL.BNA.03,2026-10-05 20:15,0.0,,Normal
FL.BNA.04,2026-10-05 20:15,0.0,,Normal
FL.BNA.05,2026-10-05 20:15,0.0,,Normal
FL.BNA.06,2026-10-05 20:15,0.0,,Normal
FL.BNA.07,2026-10-05 20:15,0.0,,Normal
FL.BNA.08,2026-10-05 20:15,0.0,,Normal
FL.BNA.09,2026-10-05 20:15,0.0,,Normal
FL.BRK.01,2026-10-05 20:15,0.0,,Normal
FL.BRK.02,2026-10-05 20:15,0.0,,Normal
FL.BRK.03,2026-10-05 20:15,0.0,,Normal
FL.BSU.01,2026-10-05 20:15,0.0,,Normal
FL.BSU.02,2026-10-05 20:15,0.0,,Normal
FL.CTC.01,2026-10-05 20:15,0.0,,Normal
FL.CTC.02,2026-10-05 20:15,0.0,,Normal
FL.CTC.04,2026-10-05 20:15,0.0,,Normal
FL.CTC.05,2026-10-05 20:15,0.0,,Normal
FL.CTC.06,2026-10-05 20:15,0.0,,Normal
FL.CTC.08,2026-10-05 20:15,0.0,,Normal
FL.CTC.09,2026-10-05 20:15,0.0,,Normal
FL.CTC.10,2026-10-05 20:15,0.0,,Normal
FL.CTC.11,2026-10-05 20:15,0.0,,Normal
FL.CTC.12,2026-10-05 20:15,0.0,,Normal
FL.CTC.13,2026-10-05 20:15,0.0,,Normal
FL.CTC.14,2026-10-05 20:15,0.0,,Normal
FL.CTC.15,2026-10-05 20:15,0.0,,Normal
FL.DDG.01,2026-10-05 20:15,0.0,,Normal
FL.DDG.02,2026-10-05 20:15,0.0,,Normal
FL.DDG.03,2026-10-05 20:15,0.0,,Normal
FL.DDG.04,2026-10-05 20:15,0.0,,Normal
FL.DDG.05,2026-10-05 20:15,0.0,,Normal
FL.DDG.06,2026-10-05 20:15,0.0,,Normal
FL.DDG.07,2026-10-05 20:15,0.0,,Normal
FL.DDG.08,2026-10-05 20:15,0.0,,Normal
FL.DDG.09,2026-10-05 20:15,0.0,,Normal
FL.DDG.10,2026-10-05 20:15,0.0,,Normal
FL.DDG.11,2026-10-05 20:15,0.0,,Normal
FL.DDG.12,2026-10-05 20:15,0.0,,Normal
FL.DDG.13,2026-10-05 20:15,0.0,,Normal
FL.DMG.01,2026-10-05 20:15,0.0,,Normal
FL.DMG.02,2026-10-05 20:15,0.0,,Normal
FL.DMG.03,2026-10-05 20:15,0.0,,Normal
FL.DST.03,2026-10-05 20:15,0.0,,Normal
FL.DST.04,2026-10-05 20:15,0.0,,Normal
FL.DST.06,2026-10-05 20:15,0.0,,Normal
FL.DST.07,2026-10-05 20:15,0.0,,Normal
FL.DST.08,2026-10-05 20:15,0.0,,Normal
FL.HKG.01,2026-10-05 20:15,0.0,,Normal
FL.HKG.02,2026-10-05 20:15,0.0,,Normal
FL.HKG.03,2026-10-05 20:15,0.0,,Normal
FL.HKG.04,2026-10-05 20:15,0.0,,Normal
FL.HKG.05,2026-10-05 20:15,0.0,,Normal
FL.JTG.01,2026-10-05 20:15,0.0,,Normal
FL.JTG.02,2026-10-05 20:15,0.0,,Normal
FL.KNY.01,2026-10-05 20:15,0.0,,Normal
FL.KSN.01,2026-10-05 20:15,0.0,,Normal
FL.KTY.01,2026-10-05 20:15,0.0,,Normal
FL.KTY.02,2026-10-05 20:15,0.0,,Normal
FL.KTY.03,2026-10-05 20:15,0.0,,Normal
FL.KTY.04,2026-10-05 20:15,0.0,,Normal
FL.KTY.06,2026-10-05 20:15,0.0,,Normal
FL.KTY.07,2026-10-05 20:15,0.0,,Normal
FL.KTY.08,2026-10-05 20:15,0.0,,Normal
FL.KTY.09,2026-10-05 20:15,0.0,,Normal
FL.KTY.10,2026-10-05 20:15,0.0,,Normal
FL.LKB.01,2026-10-05 20:15,0.0,,Normal
FL.LKB.02,2026-10-05 20:15,0.0,,Normal
FL.LKB.03,2026-10-05 20:15,20.0,,Flood
FL.LKB.04,2026-10-05 20:15,0.0,,Normal
FL.LKB.05,2026-10-05 20:15,0.0,,Normal
FL.LKB.08,2026-10-05 20:15,0.0,,Normal
FL.LKB.09,2026-10-05 20:15,20.0,,Flood
FL.LKB.10,2026-10-05 20:15,20.0,,Flood
FL.LPW.01,2026-10-05 20:15,0.0,,Normal
FL.LPW.02,2026-10-05 20:15,0.0,,Normal
FL.LPW.03,2026-10-05 20:15,0.0,,Normal
FL.LPW.05,2026-10-05 20:15,0.0,,Normal
FL.LPW.06,2026-10-05 20:15,0.0,,Normal
FL.LPW.07,2026-10-05 20:15,0.0,,Normal
FL.LPW.08,2026-10-05 20:15,0.0,,Normal
FL.LSI.02,2026-10-05 20:15,0.0,,Normal
FL.LSI.03,2026-10-05 20:15,0.0,,Normal
FL.LSI.04,2026-10-05 20:15,0.0,,Normal
FL.LSI.05,2026-10-05 20:15,0.0,,Normal
FL.LSI.06,2026-10-05 20:15,0.0,,Normal
FL.LSI.07,2026-10-05 20:15,0.0,,Normal
FL.MBR.01,2026-10-05 20:15,0.0,,Normal
FL.MBR.02,2026-10-05 20:15,20.0,,Flood
FL.MBR.03,2026-10-05 20:15,0.0,,Normal
FL.NKM.01,2026-10-05 20:15,0.0,,Normal
FL.PKN.01,2026-10-05 20:15,0.0,,Normal
FL.PKN.02,2026-10-05 20:15,0.0,,Normal
FL.PKN.03,2026-10-05 20:15,0.0,,Normal
FL.PKN.04,2026-10-05 20:15,0.0,,Normal
FL.PNK.02,2026-10-05 20:15,0.0,,Normal
FL.PPS.01,2026-10-05 20:15,0.0,,Normal
FL.PPS.02,2026-10-05 20:15,0.0,,Normal
FL.PSC.01,2026-10-05 20:15,0.0,,Normal
FL.PSC.02,2026-10-05 20:15,0.0,,Normal
FL.PSC.03,2026-10-05 20:15,0.0,,Normal
FL.PSC.04,2026-10-05 20:15,0.0,,Normal
FL.PTW.01,2026-10-05 20:15,0.0,,Normal
FL.PTW.02,2026-10-05 20:15,0.0,,Normal
FL.PTW.03,2026-10-05 20:15,0.0,,Normal
FL.PTW.05,2026-10-05 20:15,0.0,,Normal
FL.PWT.01,2026-10-05 20:15,0.0,,Normal
FL.PWT.02,2026-10-05 20:15,0.0,,Normal
FL.PWT.03,2026-10-05 20:15,0.0,,Normal
FL.PWT.04,2026-10-05 20:15,10.0,,Minor flooding
FL.PYT.01,2026-10-05 20:15,0.0,,Normal
FL.PYT.02,2026-10-05 20:15,0.0,,Normal
FL.PYT.03,2026-10-05 20:15,0.0,,Normal
FL.PYT.04,2026-10-05 20:15,0.0,,Normal
FL.PYT.05,2026-10-05 20:15,0.0,,Normal
FL.PYT.06,2026-10-05 20:15,0.0,,Normal
FL.PYT.07,2026-10-05 20:15,0.0,,Normal
FL.PYT.08,2026-10-05 20:15,0.0,,Normal
FL.PYT.09,2026-10-05 20:15,0.0,,Normal
FL.PYT.10,2026-10-05 20:15,0.0,,Normal
FL.RTW.01,2026-10-05 20:15,0.0,,Normal
FL.RTW.02,2026-10-05 20:15,0.0,,Normal
FL.RTW.04,2026-10-05 20:15,0.0,,Normal
FL.RTW.05,2026-10-05 20:15,0.0,,Normal
FL.RTW.06,2026-10-05 20:15,0.0,,Normal
FL.RTW.07,2026-10-05 20:15,0.0,,Normal
FL.RTW.08,2026-10-05 20:15,0.0,,Normal
FL.RTW.09,2026-10-05 20:15,0.0,,Normal
FL.RTW.10,2026-10-05 20:15,0.0,,Normal
FL.RTW.11,2026-10-05 20:15,0.0,,Normal
FL.RTW.12,2026-10-05 20:15,0.0,,Normal
FL.RTW.13,2026-10-05 20:15,0.0,,Normal
FL.SLG.01,2026-10-05 20:15,7.6,57.2,Minor flooding
FL.SLG.02,2026-10-05 20:15,0.0,,Normal
FL.SLG.03,2026-10-05 20:15,0.0,,Normal
FL.SLG.04,2026-10-05 20:15,0.0,,Normal
FL.SLG.05,2026-10-05 20:15,0.0,,Normal
FL.SLG.06,2026-10-05 20:15,0.0,,Normal
FL.SMI.01,2026-10-05 20:15,0.0,12.2,Normal
FL.SMI.02,2026-10-05 20:15,0.0,,Normal
FL.SPW.01,2026-10-05 20:15,0.0,,Normal
FL.SPW.02,2026-10-05 20:15,0.0,,Normal
FL.STN.01,2026-10-05 20:15,0.0,,Normal
FL.STN.02,2026-10-05 20:15,0.0,,Normal
FL.STN.03,2026-10-05 20:15,0.0,,Normal
FL.STN.05,2026-10-05 20:15,0.0,,Normal
FL.STN.06,2026-10-05 20:15,0.0,,Normal
FL.STN.07,2026-10-05 20:15,0.0,,Normal
FL.STN.08,2026-10-05 20:15,0.0,,Normal
FL.STN.09,2026-10-05 20:15,0.0,,Normal
FL.STN.10,2026-10-05 20:15,0.0,,Normal
FL.TBR.01,2026-10-05 20:15,0.0,,Normal
FL.TKU.01,2026-10-05 20:15,0.0,,Normal
FL.TKU.02,2026-10-05 20:15,0.0,,Normal
FL.TKU.03,2026-10-05 20:15,0.0,,Normal
FL.TLC.01,2026-10-05 20:15,0.0,,Normal
FL.TLC.02,2026-10-05 20:15,0.0,,Normal
FL.WTL.01,2026-10-05 20:15,0.0,,Normal
FL.WTL.02,2026-10-05 20:15,0.0,,Normal
FL.WTL.03,2026-10-05 20:15,0.0,,Normal
FL.WTL.05,2026-10-05 20:15,0.0,,Normal
FL.WTL.06,2026-10-05 20:15,0.0,,Normal
FL.WTL.07,2026-10-05 20:15,0.0,,Normal
FL.WTL.08,2026-10-05 20:15,5.0,,Normal
FL.WTL.10,2026-10-05 20:15,0.0,,Normal
FL.WTN.01,2026-10-05 20:15,0.0,,Normal
FL.WTN.02,2026-10-05 20:15,0.0,,Normal
FL.WTN.03,2026-10-05 20:15,0.0,,Normal
FL.WTN.04,2026-10-05 20:15,0.0,,Normal
FL.WTN.05,2026-10-05 20:15,0.0,,Normal
FL.WTN.06,2026-10-05 20:15,0.0,,Normal
FL.WTN.08,2026-10-05 20:15,0.0,,Normal
FL.WTN.09,2026-10-05 20:15,0.0,,Normal
FL.WTN.10,2026-10-05 20:15,0.0,,Normal
FL.YNW.01,2026-10-05 20:15,0.0,,Normal
FL.YNW.02,2026-10-05 20:15,0.0,,Normal
FL.YNW.03,2026-10-05 20:15,0.0,,Normal
TN.BKY.01,2026-10-05 20:15,0.0,,Normal
TN.BPD.01,2026-10-05 20:15,0.0,,Normal
TN.DDG.01,2026-10-05 20:15,0.0,,Normal
TN.HKG.01,2026-10-05 20:15,0.0,,Normal
TN.HKG.01,2026-10-05 20:15,0.0,,Normal
TN.HKG.02,2026-10-05 20:15,0.0,,Normal
TN.HKG.02,2026-10-05 20:15,0.0,,Normal
TN.SLG.01,2026-10-05 20:15,0.0,,Normal
TN.SLG.02,2026-10-05 20:15,0.0,,Normal
TN.SLG.02,2026-10-05 20:15,0.0,,Normal
FL.STN.04,2026-10-05 20:35,0.0,,Out of order
FL.CTC.07,2026-10-05 21:05,0.0,,Normal
FL.CTC.13,2026-10-05 21:10,0.0,,Normal
FL.BBN.01,2026-10-05 21:15,0.0,,Normal
FL.BBN.02,2026-10-05 21:15,0.0,,Normal
FL.BBN.03,2026-10-05 21:15,0.0,,Normal
FL.BBN.04,2026-10-05 21:15,0.0,,Normal
FL.BBN.05,2026-10-05 21:15,0.0,,Normal
FL.BBN.06,2026-10-05 21:15,0.0,,Normal
FL.BBN.07,2026-10-05 21:15,0.0,,Normal
FL.BKA.02,2026-10-05 21:15,0.0,,Normal
FL.BKA.03,2026-10-05 21:15,0.0,,Normal
FL.BKA.04,2026-10-05 21:15,0.0,,Normal
FL.BKA.05,2026-10-05 21:15,0.0,,Normal
FL.BKA.06,2026-10-05 21:15,0.0,,Normal
FL.BKA.07,2026-10-05 21:15,0.0,,Normal
FL.BKA.08,2026-10-05 21:15,0.0,,Normal
FL.BKA.09,2026-10-05 21:15,0.0,,Normal
FL.BKA.10,2026-10-05 21:15,0.0,,Normal
FL.BKA.11,2026-10-05 21:15,0.0,,Normal
FL.BKE.01,2026-10-05 21:15,0.0,,Normal
FL.BKE.02,2026-10-05 21:15,0.0,,Normal
FL.BKE.03,2026-10-05 21:15,0.0,,Normal
FL.BKE.04,2026-10-05 21:15,0.0,,Normal
FL.BKE.05,2026-10-05 21:15,0.0,,Normal
FL.BKE.06,2026-10-05 21:15,0.0,,Normal
FL.BKL.02,2026-10-05 21:15,0.0,,Normal
FL.BKL.03,2026-10-05 21:15,0.0,,Normal
FL.BKM.01,2026-10-05 21:15,0.0,,Normal
FL.BKM.02,2026-10-05 21:15,0.0,,Normal
FL.BKM.03,2026-10-05 21:15,0.0,,Normal
FL.BKM.04,2026-10-05 21:15,0.0,,Normal
FL.BKM.05,2026-10-05 21:15,0.0,,Normal
FL.BKM.06,2026-10-05 21:15,0.0,,Normal
FL.BKN.01,2026-10-05 21:15,0.0,,Normal
FL.BKN.02,2026-10-05 21:15,0.0,,Normal
FL.BKP.01,2026-10-05 21:15,0.0,,Normal
FL.BKP.04,2026-10-05 21:15,0.0,,Normal
FL.BKP.07,2026-10-05 21:15,0.0,,Normal
FL.BKP.08,2026-10-05 21:15,0.0,,Normal
FL.BKP.09,2026-10-05 21:15,0.0,,Normal
FL.BKP.10,2026-10-05 21:15,0.0,,Normal
FL.BKP.12,2026-10-05 21:15,0.0,,Normal
FL.BKT.01,2026-10-05 21:15,0.0,,Normal
FL.BKT.02,2026-10-05 21:15,0.0,,Normal
FL.BKT.03,2026-10-05 21:15,0.0,,Normal
FL.BKT.04,2026-10-05 21:15,0.0,,Normal
FL.BKY.01,2026-10-05 21:15,0.0,,Normal
FL.BNA.01,2026-10-05 21:15,0.0,,Normal
FL.BNA.02,2026-10-05 21:15,0.0,,Normal
FL.BNA.03,2026-10-05 21:15,0.0,,Normal
FL.BNA.04,2026-10-05 21:15,0.0,,Normal
FL.BNA.05,2026-10-05 21:15,0.0,,Normal
FL.BNA.06,2026-10-05 21:15,0.0,,Normal
FL.BNA.07,2026-10-05 21:15,0.0,,Normal
FL.BNA.08,2026-10-05 21:15,0.0,,Normal
FL.BNA.09,2026-10-05 21:15,0.0,,Normal
FL.BRK.01,2026-10-05 21:15,0.0,,Normal
FL.BRK.02,2026-10-05 21:15,0.0,,Normal
FL.BRK.03,2026-10-05 21:15,0.0,,Normal
FL.BSU.01,2026-10-05 21:15,0.0,,Normal
FL.BSU.02,2026-10-05 21:15,0.0,,Normal
FL.CTC.01,2026-10-05 21:15,0.0,,Normal
FL.CTC.02,2026-10-05 21:15,0.0,,Normal
FL.CTC.04,2026-10-05 21:15,0.0,,Normal
FL.CTC.05,2026-10-05 21:15,0.0,,Normal
FL.CTC.06,2026-10-05 21:15,0.0,,Normal
FL.CTC.08,2026-10-05 21:15,0.0,,Normal
FL.CTC.09,2026-10-05 21:15,0.0,,Normal
FL.CTC.10,2026-10-05 21:15,0.0,,Normal
FL.CTC.11,2026-10-05 21:15,0.0,,Normal
FL.CTC.12,2026-10-05 21:15,0.0,,Normal
FL.CTC.14,2026-10-05 21:15,0.0,,Normal
FL.CTC.15,2026-10-05 21:15,0.0,,Normal
FL.DDG.01,2026-10-05 21:15,0.0,,Normal
FL.DDG.02,2026-10-05 21:15,0.0,,Normal
FL.DDG.03,2026-10-05 21:15,0.0,,Normal
FL.DDG.04,2026-10-05 21:15,0.0,,Normal
FL.DDG.05,2026-10-05 21:15,0.0,,Normal
FL.DDG.06,2026-10-05 21:15,0.0,,Normal
FL.DDG.07,2026-10-05 21:15,0.0,,Normal
FL.DDG.08,2026-10-05 21:15,0.0,,Normal
FL.DDG.09,2026-10-05 21:15,0.0,,Normal
FL.DDG.10,2026-10-05 21:15,0.0,,Normal
FL.DDG.11,2026-10-05 21:15,0.0,,Normal
FL.DDG.12,2026-10-05 21:15,0.0,,Normal
FL.DDG.13,2026-10-05 21:15,0.0,,Normal
FL.DMG.01,2026-10-05 21:15,0.0,,Normal
FL.DMG.02,2026-10-05 21:15,0.0,,Normal
FL.DMG.03,2026-10-05 21:15,0.0,,Normal
FL.DST.03,2026-10-05 21:15,0.0,,Normal
FL.DST.04,2026-10-05 21:15,0.0,,Normal
FL.DST.06,2026-10-05 21:15,0.0,,Normal
FL.DST.07,2026-10-05 21:15,0.0,,Normal
FL.DST.08,2026-10-05 21:15,0.0,,Normal
FL.HKG.01,2026-10-05 21:15,0.0,,Normal
FL.HKG.02,2026-10-05 21:15,0.0,,Normal
FL.HKG.03,2026-10-05 21:15,0.0,,Normal
FL.HKG.04,2026-10-05 21:15,0.0,,Normal
FL.HKG.05,2026-10-05 21:15,0.0,,Normal
FL.JTG.01,2026-10-05 21:15,0.0,,Normal
FL.JTG.02,2026-10-05 21:15,0.0,,Normal
FL.KNY.01,2026-10-05 21:15,0.0,,Normal
FL.KSN.01,2026-10-05 21:15,0.0,,Normal
FL.KTY.01,2026-10-05 21:15,0.0,,Normal
FL.KTY.02,2026-10-05 21:15,0.0,,Normal
FL.KTY.03,2026-10-05 21:15,0.0,,Normal
FL.KTY.04,2026-10-05 21:15,0.0,,Normal
FL.KTY.06,2026-10-05 21:15,0.0,,Normal
FL.KTY.07,2026-10-05 21:15,0.0,,Normal
FL.KTY.08,2026-10-05 21:15,0.0,,Normal
FL.KTY.09,2026-10-05 21:15,0.0,,Normal
FL.KTY.10,2026-10-05 21:15,0.0,,Normal
FL.LKB.01,2026-10-05 21:15,0.0,,Normal
FL.LKB.02,2026-10-05 21:15,0.0,,Normal
FL.LKB.03,2026-10-05 21:15,15.0,,Flood
FL.LKB.04,2026-10-05 21:15,0.0,,Normal
FL.LKB.05,2026-10-05 21:15,0.0,,Normal
FL.LKB.08,2026-10-05 21:15,0.0,,Normal
FL.LKB.09,2026-10-05 21:15,15.0,,Flood
FL.LKB.10,2026-10-05 21:15,20.0,,Flood
FL.LPW.01,2026-10-05 21:15,0.0,,Normal
FL.LPW.02,2026-10-05 21:15,0.0,,Normal
FL.LPW.03,2026-10-05 21:15,0.0,,Normal
FL.LPW.05,2026-10-05 21:15,0.0,,Normal
FL.LPW.06,2026-10-05 21:15,0.0,,Normal
FL.LPW.07,2026-10-05 21:15,0.0,,Normal
FL.LPW.08,2026-10-05 21:15,0.0,,Normal
FL.LSI.02,2026-10-05 21:15,0.0,,Normal
FL.LSI.03,2026-10-05 21:15,0.0,,Normal
FL.LSI.04,2026-10-05 21:15,0.0,,Normal
FL.LSI.05,2026-10-05 21:15,0.0,,Normal
FL.LSI.06,2026-10-05 21:15,0.0,,Normal
FL.LSI.07,2026-10-05 21:15,0.0,,Normal
FL.MBR.01,2026-10-05 21:15,0.0,,Normal
FL.MBR.02,2026-10-05 21:15,20.0,,Flood
FL.MBR.03,2026-10-05 21:15,0.0,,Normal
FL.NKM.01,2026-10-05 21:15,0.0,,Normal
FL.NKM.02,2026-10-05 21:15,0.0,,Normal
FL.PKN.01,2026-10-05 21:15,0.0,,Normal
FL.PKN.02,2026-10-05 21:15,0.0,,Normal
FL.PKN.03,2026-10-05 21:15,0.0,,Normal
FL.PKN.04,2026-10-05 21:15,0.0,,Normal
FL.PNK.02,2026-10-05 21:15,0.0,,Normal
FL.PPS.01,2026-10-05 21:15,0.0,,Normal
FL.PPS.02,2026-10-05 21:15,0.0,,Normal
FL.PSC.01,2026-10-05 21:15,0.0,,Normal
FL.PSC.02,2026-10-05 21:15,0.0,,Normal
FL.PSC.03,2026-10-05 21:15,0.0,,Normal
FL.PSC.04,2026-10-05 21:15,0.0,,Normal
FL.PTW.01,2026-10-05 21:15,0.0,,Normal
FL.PTW.02,2026-10-05 21:15,0.0,,Normal
FL.PTW.03,2026-10-05 21:15,0.0,,Normal
FL.PTW.05,2026-10-05 21:15,0.0,,Normal
FL.PWT.01,2026-10-05 21:15,0.0,,Normal
FL.PWT.02,2026-10-05 21:15,0.0,,Normal
FL.PWT.03,2026-10-05 21:15,0.0,,Normal
FL.PWT.04,2026-10-05 21:15,10.0,,Minor flooding
FL.PYT.01,2026-10-05 21:15,0.0,,Normal
FL.PYT.02,2026-10-05 21:15,0.0,,Normal
FL.PYT.03,2026-10-05 21:15,0.0,,Normal
FL.PYT.04,2026-10-05 21:15,0.0,,Normal
FL.PYT.05,2026-10-05 21:15,0.0,,Normal
FL.PYT.06,2026-10-05 21:15,0.0,,Normal
FL.PYT.07,2026-10-05 21:15,0.0,,Normal
FL.PYT.08,2026-10-05 21:15,0.0,,Normal
FL.PYT.09,2026-10-05 21:15,0.0,,Normal
FL.PYT.10,2026-10-05 21:15,0.0,,Normal
FL.RTW.01,2026-10-05 21:15,0.0,,Normal
FL.RTW.02,2026-10-05 21:15,0.0,,Normal
FL.RTW.04,2026-10-05 21:15,0.0,,Normal
FL.RTW.05,2026-10-05 21:15,0.0,,Normal
FL.RTW.06,2026-10-05 21:15,0.0,,Normal
FL.RTW.07,2026-10-05 21:15,0.0,,Normal
FL.RTW.08,2026-10-05 21:15,0.0,,Normal
FL.RTW.09,2026-10-05 21:15,0.0,,Normal
FL.RTW.10,2026-10-05 21:15,0.0,,Normal
FL.RTW.11,2026-10-05 21:15,0.0,,Normal
FL.RTW.12,2026-10-05 21:15,0.0,,Normal
FL.RTW.13,2026-10-05 21:15,0.0,,Normal
FL.SLG.01,2026-10-05 21:15,7.4,57.2,Minor flooding
FL.SLG.02,2026-10-05 21:15,0.0,,Normal
FL.SLG.03,2026-10-05 21:15,0.0,,Normal
FL.SLG.04,2026-10-05 21:15,0.0,,Normal
FL.SLG.05,2026-10-05 21:15,0.0,,Normal
FL.SLG.06,2026-10-05 21:15,0.0,,Normal
FL.SMI.01,2026-10-05 21:15,0.0,12.2,Normal
FL.SMI.02,2026-10-05 21:15,0.0,,Normal
FL.SPW.01,2026-10-05 21:15,0.0,,Normal
FL.SPW.02,2026-10-05 21:15,0.0,,Normal
FL.STN.01,2026-10-05 21:15,0.0,,Normal
FL.STN.02,2026-10-05 21:15,0.0,,Normal
FL.STN.03,2026-10-05 21:15,0.0,,Normal
FL.STN.05,2026-10-05 21:15,0.0,,Normal
FL.STN.06,2026-10-05 21:15,0.0,,Normal
FL.STN.07,2026-10-05 21:15,0.0,,Normal
FL.STN.08,2026-10-05 21:15,0.0,,Normal
FL.STN.09,2026-10-05 21:15,0.0,,Normal
FL.STN.10,2026-10-05 21:15,0.0,,Normal
FL.TBR.01,2026-10-05 21:15,0.0,,Normal
FL.TKU.01,2026-10-05 21:15,0.0,,Normal
FL.TKU.02,2026-10-05 21:15,0.0,,Normal
FL.TKU.03,2026-10-05 21:15,0.0,,Normal
FL.TLC.01,2026-10-05 21:15,0.0,,Normal
FL.TLC.02,2026-10-05 21:15,0.0,,Normal
FL.WTL.01,2026-10-05 21:15,0.0,,Normal
FL.WTL.02,2026-10-05 21:15,0.0,,Normal
FL.WTL.03,2026-10-05 21:15,0.0,,Normal
FL.WTL.05,2026-10-05 21:15,0.0,,Normal
FL.WTL.06,2026-10-05 21:15,0.0,,Normal
FL.WTL.07,2026-10-05 21:15,0.0,,Normal
FL.WTL.08,2026-10-05 21:15,5.0,,Normal
FL.WTL.10,2026-10-05 21:15,0.0,,Normal
FL.WTN.01,2026-10-05 21:15,0.0,,Normal
FL.WTN.02,2026-10-05 21:15,0.0,,Normal
FL.WTN.03,2026-10-05 21:15,0.0,,Normal
FL.WTN.04,2026-10-05 21:15,0.0,,Normal
FL.WTN.05,2026-10-05 21:15,0.0,,Normal
FL.WTN.06,2026-10-05 21:15,0.0,,Normal
FL.WTN.08,2026-10-05 21:15,0.0,,Normal
FL.WTN.09,2026-10-05 21:15,0.0,,Normal
FL.WTN.10,2026-10-05 21:15,0.0,,Normal
FL.YNW.01,2026-10-05 21:15,0.0,,Normal
FL.YNW.02,2026-10-05 21:15,0.0,,Normal
FL.YNW.03,2026-10-05 21:15,0.0,,Normal
TN.BKY.01,2026-10-05 21:15,0.0,,Normal
TN.BPD.01,2026-10-05 21:15,0.0,,Normal
TN.DDG.01,2026-10-05 21:15,0.0,,Normal
TN.HKG.01,2026-10-05 21:15,0.0,,Normal
TN.HKG.01,2026-10-05 21:15,0.0,,Normal
TN.HKG.02,2026-10-05 21:15,0.0,,Normal
TN.HKG.02,2026-10-05 21:15,0.0,,Normal
TN.SLG.01,2026-10-05 21:15,0.0,,Normal
TN.SLG.02,2026-10-05 21:15,0.0,,Normal
TN.SLG.02,2026-10-05 21:15,0.0,,Normal
FL.CTC.07,2026-10-05 21:20,0.0,,Normal
FL.YNW.02,2026-10-05 21:20,0.0,,Normal
FL.BBN.03,2026-10-05 21:25,0.0,,Normal
FL.BBN.04,2026-10-05 21:25,0.0,,Normal
FL.BBN.05,2026-10-05 21:25,0.0,,Normal
FL.BBN.06,2026-10-05 21:25,0.0,,Normal
FL.BBN.07,2026-10-05 21:25,0.0,,Normal
FL.BKA.03,2026-10-05 21:25,0.0,,Normal
FL.BKA.04,2026-10-05 21:25,0.0,,Normal
FL.BKA.05,2026-10-05 21:25,0.0,,Normal
FL.BKA.06,2026-10-05 21:25,0.0,,Normal
FL.BKA.07,2026-10-05 21:25,0.0,,Normal
FL.BKA.08,2026-10-05 21:25,0.0,,Normal
FL.BKA.09,2026-10-05 21:25,0.0,,Normal
FL.BKA.10,2026-10-05 21:25,0.0,,Normal
FL.BKA.11,2026-10-05 21:25,0.0,,Normal
FL.BKE.03,2026-10-05 21:25,0.0,,Normal
FL.BKE.04,2026-10-05 21:25,0.0,,Normal
FL.BKE.05,2026-10-05 21:25,0.0,,Normal
FL.BKE.06,2026-10-05 21:25,0.0,,Normal
FL.BKL.02,2026-10-05 21:25,0.0,,Normal
FL.BKL.03,2026-10-05 21:25,0.0,,Normal
FL.BKM.03,2026-10-05 21:25,0.0,,Normal
FL.BKM.04,2026-10-05 21:25,0.0,,Normal
FL.BKM.05,2026-10-05 21:25,0.0,,Normal
FL.BKM.06,2026-10-05 21:25,0.0,,Normal
FL.BKP.04,2026-10-05 21:25,0.0,,Normal
FL.BKP.07,2026-10-05 21:25,0.0,,Normal
FL.BKP.08,2026-10-05 21:25,0.0,,Normal
FL.BKP.09,2026-10-05 21:25,0.0,,Normal
FL.BKP.10,2026-10-05 21:25,0.0,,Normal
FL.BKP.12,2026-10-05 21:25,0.0,,Normal
FL.BKT.02,2026-10-05 21:25,0.0,,Normal
FL.BKT.03,2026-10-05 21:25,0.0,,Normal
FL.BKT.04,2026-10-05 21:25,0.0,,Normal
FL.BKY.01,2026-10-05 21:25,0.0,,Normal
FL.BNA.06,2026-10-05 21:25,0.0,,Normal
FL.BNA.07,2026-10-05 21:25,0.0,,Normal
FL.BNA.08,2026-10-05 21:25,0.0,,Normal
FL.BNA.09,2026-10-05 21:25,0.0,,Normal
FL.BRK.03,2026-10-05 21:25,0.0,,Normal
FL.BSU.02,2026-10-05 21:25,0.0,,Normal
FL.CTC.08,2026-10-05 21:25,0.0,,Normal
FL.CTC.09,2026-10-05 21:25,0.0,,Normal
FL.CTC.10,2026-10-05 21:25,0.0,,Normal
FL.CTC.11,2026-10-05 21:25,0.0,,Normal
FL.CTC.12,2026-10-05 21:25,0.0,,Normal
FL.CTC.13,2026-10-05 21:25,0.0,,Normal
FL.CTC.14,2026-10-05 21:25,0.0,,Normal
FL.CTC.15,2026-10-05 21:25,0.0,,Normal
FL.DDG.09,2026-10-05 21:25,0.0,,Normal
FL.DDG.10,2026-10-05 21:25,0.0,,Normal
FL.DDG.11,2026-10-05 21:25,0.0,,Normal
FL.DDG.12,2026-10-05 21:25,0.0,,Normal
FL.DDG.13,2026-10-05 21:25,0.0,,Normal
FL.DMG.01,2026-10-05 21:25,0.0,,Normal
FL.DMG.02,2026-10-05 21:25,0.0,,Normal
FL.DMG.03,2026-10-05 21:25,0.0,,Normal
FL.HKG.02,2026-10-05 21:25,0.0,,Normal
FL.HKG.03,2026-10-05 21:25,0.0,,Normal
FL.HKG.04,2026-10-05 21:25,0.0,,Normal
FL.HKG.05,2026-10-05 21:25,0.0,,Normal
FL.JTG.02,2026-10-05 21:25,0.0,,Normal
FL.KNY.01,2026-10-05 21:25,0.0,,Normal
FL.KTY.06,2026-10-05 21:25,0.0,,Normal
FL.KTY.07,2026-10-05 21:25,0.0,,Normal
FL.KTY.08,2026-10-05 21:25,0.0,,Normal
FL.KTY.09,2026-10-05 21:25,0.0,,Normal
FL.KTY.10,2026-10-05 21:25,0.0,,Normal
FL.LKB.01,2026-10-05 21:25,0.0,,Normal
FL.LKB.02,2026-10-05 21:25,0.0,,Normal
FL.LKB.03,2026-10-05 21:25,20.0,,Flood
FL.LKB.04,2026-10-05 21:25,0.0,,Normal
FL.LKB.05,2026-10-05 21:25,0.0,,Normal
FL.LKB.08,2026-10-05 21:25,0.0,,Normal
FL.LKB.09,2026-10-05 21:25,15.0,,Flood
FL.LKB.10,2026-10-05 21:25,20.0,,Flood
FL.LPW.01,2026-10-05 21:25,0.0,,Normal
FL.LPW.02,2026-10-05 21:25,0.0,,Normal
FL.LPW.03,2026-10-05 21:25,0.0,,Normal
FL.LPW.05,2026-10-05 21:25,0.0,,Normal
FL.LPW.06,2026-10-05 21:25,0.0,,Normal
FL.LPW.07,2026-10-05 21:25,0.0,,Normal
FL.LPW.08,2026-10-05 21:25,0.0,,Normal
FL.LSI.07,2026-10-05 21:25,0.0,,Normal
FL.MBR.02,2026-10-05 21:25,20.0,,Flood
FL.MBR.03,2026-10-05 21:25,0.0,,Normal
FL.NKM.01,2026-10-05 21:25,0.0,,Normal
FL.NKM.02,2026-10-05 21:25,0.0,,Normal
FL.PKN.02,2026-10-05 21:25,0.0,,Normal
FL.PKN.03,2026-10-05 21:25,0.0,,Normal
FL.PKN.04,2026-10-05 21:25,0.0,,Normal
FL.PSC.01,2026-10-05 21:25,0.0,,Normal
FL.PSC.02,2026-10-05 21:25,0.0,,Normal
FL.PSC.03,2026-10-05 21:25,0.0,,Normal
FL.PSC.04,2026-10-05 21:25,0.0,,Normal
FL.PWT.03,2026-10-05 21:25,0.0,,Normal
FL.PWT.04,2026-10-05 21:25,10.0,,Minor flooding
FL.PYT.08,2026-10-05 21:25,0.0,,Normal
FL.PYT.09,2026-10-05 21:25,0.0,,Normal
FL.PYT.10,2026-10-05 21:25,0.0,,Normal
FL.RTW.13,2026-10-05 21:25,0.0,,Normal
FL.SLG.04,2026-10-05 21:25,0.0,,Normal
FL.SLG.05,2026-10-05 21:25,0.0,,Normal
FL.SLG.06,2026-10-05 21:25,0.0,,Normal
FL.SMI.02,2026-10-05 21:25,0.0,,Normal
FL.STN.05,2026-10-05 21:25,0.0,,Normal
FL.STN.06,2026-10-05 21:25,0.0,,Normal
FL.STN.07,2026-10-05 21:25,0.0,,Normal
FL.STN.08,2026-10-05 21:25,0.0,,Normal
FL.STN.09,2026-10-05 21:25,0.0,,Normal
FL.STN.10,2026-10-05 21:25,0.0,,Normal
FL.TBR.01,2026-10-05 21:25,0.0,,Normal
FL.TKU.01,2026-10-05 21:25,0.0,,Normal
FL.TKU.02,2026-10-05 21:25,0.0,,Normal
FL.TKU.03,2026-10-05 21:25,0.0,,Normal
FL.TLC.01,2026-10-05 21:25,0.0,,Normal
FL.TLC.02,2026-10-05 21:25,0.0,,Normal
FL.WTL.05,2026-10-05 21:25,0.0,,Normal
FL.WTL.06,2026-10-05 21:25,0.0,,Normal
FL.WTL.07,2026-10-05 21:25,0.0,,Normal
FL.WTL.08,2026-10-05 21:25,5.0,,Normal
FL.WTL.10,2026-10-05 21:25,0.0,,Normal
FL.WTN.04,2026-10-05 21:25,0.0,,Normal
FL.WTN.05,2026-10-05 21:25,0.0,,Normal
FL.WTN.06,2026-10-05 21:25,0.0,,Normal
FL.WTN.08,2026-10-05 21:25,0.0,,Normal
FL.WTN.09,2026-10-05 21:25,0.0,,Normal
FL.WTN.10,2026-10-05 21:25,0.0,,Normal
FL.YNW.01,2026-10-05 21:25,0.0,,Normal
FL.YNW.03,2026-10-05 21:25,0.0,,Normal
TN.HKG.01,2026-10-05 21:25,0.0,,Normal
TN.HKG.01,2026-10-05 21:25,0.0,,Normal
FL.BBN.01,2026-10-05 21:30,0.0,,Normal
FL.BBN.02,2026-10-05 21:30,0.0,,Normal
FL.BKA.02,2026-10-05 21:30,0.0,,Normal
FL.BKE.01,2026-10-05 21:30,0.0,,Normal
FL.BKE.02,2026-10-05 21:30,0.0,,Normal
FL.BKM.01,2026-10-05 21:30,0.0,,Normal
FL.BKM.02,2026-10-05 21:30,0.0,,Normal
FL.BKN.01,2026-10-05 21:30,0.0,,Normal
FL.BKN.02,2026-10-05 21:30,0.0,,Normal
FL.BKP.01,2026-10-05 21:30,0.0,,Normal
FL.BKT.01,2026-10-05 21:30,0.0,,Normal
FL.BNA.01,2026-10-05 21:30,0.0,,Normal
FL.BNA.02,2026-10-05 21:30,0.0,,Normal
FL.BNA.03,2026-10-05 21:30,0.0,,Normal
FL.BNA.04,2026-10-05 21:30,0.0,,Normal
FL.BNA.05,2026-10-05 21:30,0.0,,Normal
FL.BRK.01,2026-10-05 21:30,0.0,,Normal
FL.BRK.02,2026-10-05 21:30,0.0,,Normal
FL.BSU.01,2026-10-05 21:30,0.0,,Normal
FL.CTC.01,2026-10-05 21:30,0.0,,Normal
FL.CTC.02,2026-10-05 21:30,0.0,,Normal
FL.CTC.04,2026-10-05 21:30,0.0,,Normal
FL.CTC.05,2026-10-05 21:30,0.0,,Normal
FL.CTC.06,2026-10-05 21:30,0.0,,Normal
FL.DDG.01,2026-10-05 21:30,0.0,,Normal
FL.DDG.02,2026-10-05 21:30,0.0,,Normal
FL.DDG.03,2026-10-05 21:30,0.0,,Normal
FL.DDG.04,2026-10-05 21:30,0.0,,Normal
FL.DDG.05,2026-10-05 21:30,0.0,,Normal
FL.DDG.06,2026-10-05 21:30,0.0,,Normal
FL.DDG.07,2026-10-05 21:30,0.0,,Normal
FL.DDG.08,2026-10-05 21:30,0.0,,Normal
FL.DST.03,2026-10-05 21:30,0.0,,Normal
FL.DST.04,2026-10-05 21:30,0.0,,Normal
FL.DST.06,2026-10-05 21:30,0.0,,Normal
FL.DST.07,2026-10-05 21:30,0.0,,Normal
FL.DST.08,2026-10-05 21:30,0.0,,Normal
FL.HKG.01,2026-10-05 21:30,0.0,,Normal
FL.JTG.01,2026-10-05 21:30,0.0,,Normal
FL.KSN.01,2026-10-05 21:30,0.0,,Normal
FL.KTY.01,2026-10-05 21:30,0.0,,Normal
FL.KTY.02,2026-10-05 21:30,0.0,,Normal
FL.KTY.03,2026-10-05 21:30,0.0,,Normal
FL.KTY.04,2026-10-05 21:30,0.0,,Normal
FL.LSI.02,2026-10-05 21:30,0.0,,Normal
FL.LSI.03,2026-10-05 21:30,0.0,,Normal
FL.LSI.04,2026-10-05 21:30,0.0,,Normal
FL.LSI.05,2026-10-05 21:30,0.0,,Normal
FL.LSI.06,2026-10-05 21:30,0.0,,Normal
FL.MBR.01,2026-10-05 21:30,0.0,,Normal
FL.PKN.01,2026-10-05 21:30,0.0,,Normal
FL.PNK.02,2026-10-05 21:30,0.0,,Normal
FL.PPS.01,2026-10-05 21:30,0.0,,Normal
FL.PPS.02,2026-10-05 21:30,0.0,,Normal
FL.PTW.01,2026-10-05 21:30,0.0,,Normal
FL.PTW.02,2026-10-05 21:30,0.0,,Normal
FL.PTW.03,2026-10-05 21:30,0.0,,Normal
FL.PTW.05,2026-10-05 21:30,0.0,,Normal
FL.PWT.01,2026-10-05 21:30,0.0,,Normal
FL.PWT.02,2026-10-05 21:30,0.0,,Normal
FL.PYT.01,2026-10-05 21:30,0.0,,Normal
FL.PYT.02,2026-10-05 21:30,0.0,,Normal
FL.PYT.03,2026-10-05 21:30,0.0,,Normal
FL.PYT.04,2026-10-05 21:30,0.0,,Normal
FL.PYT.05,2026-10-05 21:30,0.0,,Normal
FL.PYT.06,2026-10-05 21:30,0.0,,Normal
FL.PYT.07,2026-10-05 21:30,0.0,,Normal
FL.RTW.01,2026-10-05 21:30,0.0,,Normal
FL.RTW.02,2026-10-05 21:30,0.0,,Normal
FL.RTW.04,2026-10-05 21:30,0.0,,Normal
FL.RTW.05,2026-10-05 21:30,0.0,,Normal
FL.RTW.06,2026-10-05 21:30,0.0,,Normal
FL.RTW.07,2026-10-05 21:30,0.0,,Normal
FL.RTW.08,2026-10-05 21:30,0.0,,Normal
FL.RTW.09,2026-10-05 21:30,0.0,,Normal
FL.RTW.10,2026-10-05 21:30,0.0,,Normal
FL.RTW.11,2026-10-05 21:30,0.0,,Normal
FL.RTW.12,2026-10-05 21:30,0.0,,Normal
FL.SLG.01,2026-10-05 21:30,7.5,57.2,Minor flooding
FL.SLG.02,2026-10-05 21:30,0.0,,Normal
FL.SLG.03,2026-10-05 21:30,0.0,,Normal
FL.SMI.01,2026-10-05 21:30,0.0,12.2,Normal
FL.SPW.01,2026-10-05 21:30,0.0,,Normal
FL.SPW.02,2026-10-05 21:30,0.0,,Normal
FL.STN.01,2026-10-05 21:30,0.0,,Normal
FL.STN.02,2026-10-05 21:30,0.0,,Normal
FL.STN.03,2026-10-05 21:30,0.0,,Normal
FL.WTL.01,2026-10-05 21:30,0.0,,Normal
FL.WTL.02,2026-10-05 21:30,0.0,,Normal
FL.WTL.03,2026-10-05 21:30,0.0,,Normal
FL.WTN.01,2026-10-05 21:30,0.0,,Normal
FL.WTN.02,2026-10-05 21:30,0.0,,Normal
FL.WTN.03,2026-10-05 21:30,0.0,,Normal
TN.BKY.01,2026-10-05 21:30,0.0,,Normal
TN.BPD.01,2026-10-05 21:30,0.0,,Normal
TN.DDG.01,2026-10-05 21:30,0.0,,Normal
TN.HKG.02,2026-10-05 21:30,0.0,,Normal
TN.HKG.02,2026-10-05 21:30,0.0,,Normal
TN.SLG.01,2026-10-05 21:30,0.0,,Normal
TN.SLG.02,2026-10-05 21:30,0.0,,Normal
TN.SLG.02,2026-10-05 21:30,0.0,,Normal
FL.STN.04,2026-10-05 21:35,0.0,,Out of order
FL.CTC.07,2026-10-05 22:05,0.0,,Normal
FL.BBN.01,2026-10-05 22:15,0.0,,Normal
FL.BBN.02,2026-10-05 22:15,0.0,,Normal
FL.BBN.03,2026-10-05 22:15,0.0,,Normal
FL.BBN.04,2026-10-05 22:15,0.0,,Normal
FL.BBN.05,2026-10-05 22:15,0.0,,Normal
FL.BBN.06,2026-10-05 22:15,0.0,,Normal
FL.BBN.07,2026-10-05 22:15,0.0,,Normal
FL.BKA.02,2026-10-05 22:15,0.0,,Normal
FL.BKA.03,2026-10-05 22:15,0.0,,Normal
FL.BKA.04,2026-10-05 22:15,0.0,,Normal
FL.BKA.05,2026-10-05 22:15,0.0,,Normal
FL.BKA.06,2026-10-05 22:15,0.0,,Normal
FL.BKA.07,2026-10-05 22:15,0.0,,Normal
FL.BKA.08,2026-10-05 22:15,0.0,,Normal
FL.BKA.09,2026-10-05 22:15,0.0,,Normal
FL.BKA.10,2026-10-05 22:15,0.0,,Normal
FL.BKA.11,2026-10-05 22:15,0.0,,Normal
FL.BKE.01,2026-10-05 22:15,0.0,,Normal
FL.BKE.02,2026-10-05 22:15,0.0,,Normal
FL.BKE.03,2026-10-05 22:15,0.0,,Normal
FL.BKE.04,2026-10-05 22:15,0.0,,Normal
FL.BKE.05,2026-10-05 22:15,0.0,,Normal
FL.BKE.06,2026-10-05 22:15,0.0,,Normal
FL.BKL.02,2026-10-05 22:15,0.0,,Normal
FL.BKL.03,2026-10-05 22:15,0.0,,Normal
FL.BKM.01,2026-10-05 22:15,0.0,,Normal
FL.BKM.02,2026-10-05 22:15,0.0,,Normal
FL.BKM.03,2026-10-05 22:15,0.0,,Normal
FL.BKM.04,2026-10-05 22:15,0.0,,Normal
FL.BKM.05,2026-10-05 22:15,0.0,,Normal
FL.BKM.06,2026-10-05 22:15,0.0,,Normal
FL.BKN.01,2026-10-05 22:15,0.0,,Normal
FL.BKN.02,2026-10-05 22:15,0.0,,Normal
FL.BKP.01,2026-10-05 22:15,0.0,,Normal
FL.BKP.04,2026-10-05 22:15,0.0,,Normal
FL.BKP.07,2026-10-05 22:15,0.0,,Normal
FL.BKP.08,2026-10-05 22:15,0.0,,Normal
FL.BKP.09,2026-10-05 22:15,0.0,,Normal
FL.BKP.10,2026-10-05 22:15,0.0,,Normal
FL.BKP.12,2026-10-05 22:15,0.0,,Normal
FL.BKT.01,2026-10-05 22:15,0.0,,Normal
FL.BKT.02,2026-10-05 22:15,0.0,,Normal
FL.BKT.03,2026-10-05 22:15,0.0,,Normal
FL.BKT.04,2026-10-05 22:15,0.0,,Normal
FL.BKY.01,2026-10-05 22:15,0.0,,Normal
FL.BNA.01,2026-10-05 22:15,0.0,,Normal
FL.BNA.02,2026-10-05 22:15,0.0,,Normal
FL.BNA.03,2026-10-05 22:15,0.0,,Normal
FL.BNA.04,2026-10-05 22:15,0.0,,Normal
FL.BNA.05,2026-10-05 22:15,0.0,,Normal
FL.BNA.06,2026-10-05 22:15,0.0,,Normal
FL.BNA.07,2026-10-05 22:15,0.0,,Normal
FL.BNA.08,2026-10-05 22:15,0.0,,Normal
FL.BNA.09,2026-10-05 22:15,0.0,,Normal
FL.BRK.01,2026-10-05 22:15,0.0,,Normal
FL.BRK.02,2026-10-05 22:15,0.0,,Normal
FL.BRK.03,2026-10-05 22:15,0.0,,Normal
FL.BSU.01,2026-10-05 22:15,0.0,,Normal
FL.BSU.02,2026-10-05 22:15,0.0,,Normal
FL.CTC.01,2026-10-05 22:15,0.0,,Normal
FL.CTC.02,2026-10-05 22:15,0.0,,Normal
FL.CTC.04,2026-10-05 22:15,0.0,,Normal
FL.CTC.05,2026-10-05 22:15,0.0,,Normal
FL.CTC.06,2026-10-05 22:15,0.0,,Normal
FL.CTC.08,2026-10-05 22:15,0.0,,Normal
FL.CTC.09,2026-10-05 22:15,0.0,,Normal
FL.CTC.10,2026-10-05 22:15,0.0,,Normal
FL.CTC.11,2026-10-05 22:15,0.0,,Normal
FL.CTC.12,2026-10-05 22:15,0.0,,Normal
FL.CTC.13,2026-10-05 22:15,0.0,,Normal
FL.CTC.14,2026-10-05 22:15,0.0,,Normal
FL.CTC.15,2026-10-05 22:15,0.0,,Normal
FL.DDG.01,2026-10-05 22:15,0.0,,Normal
FL.DDG.02,2026-10-05 22:15,0.0,,Normal
FL.DDG.03,2026-10-05 22:15,0.0,,Normal
FL.DDG.04,2026-10-05 22:15,0.0,,Normal
FL.DDG.05,2026-10-05 22:15,0.0,,Normal
FL.DDG.06,2026-10-05 22:15,0.0,,Normal
FL.DDG.07,2026-10-05 22:15,0.0,,Normal
FL.DDG.08,2026-10-05 22:15,0.0,,Normal
FL.DDG.09,2026-10-05 22:15,0.0,,Normal
FL.DDG.10,2026-10-05 22:15,0.0,,Normal
FL.DDG.11,2026-10-05 22:15,0.0,,Normal
FL.DDG.12,2026-10-05 22:15,0.0,,Normal
FL.DDG.13,2026-10-05 22:15,0.0,,Normal
FL.DMG.01,2026-10-05 22:15,0.0,,Normal
FL.DMG.02,2026-10-05 22:15,0.0,,Normal
FL.DMG.03,2026-10-05 22:15,0.0,,Normal
FL.DST.03,2026-10-05 22:15,0.0,,Normal
FL.DST.04,2026-10-05 22:15,0.0,,Normal
FL.DST.06,2026-10-05 22:15,0.0,,Normal
FL.DST.07,2026-10-05 22:15,0.0,,Normal
FL.DST.08,2026-10-05 22:15,0.0,,Normal
FL.HKG.01,2026-10-05 22:15,0.0,,Normal
FL.HKG.02,2026-10-05 22:15,0.0,,Normal
FL.HKG.03,2026-10-05 22:15,0.0,,Normal
FL.HKG.04,2026-10-05 22:15,0.0,,Normal
FL.HKG.05,2026-10-05 22:15,0.0,,Normal
FL.JTG.01,2026-10-05 22:15,0.0,,Normal
FL.JTG.02,2026-10-05 22:15,0.0,,Normal
FL.KNY.01,2026-10-05 22:15,0.0,,Normal
FL.KSN.01,2026-10-05 22:15,0.0,,Normal
FL.KTY.01,2026-10-05 22:15,0.0,,Normal
FL.KTY.02,2026-10-05 22:15,0.0,,Normal
FL.KTY.03,2026-10-05 22:15,0.0,,Normal
FL.KTY.04,2026-10-05 22:15,0.0,,Normal
FL.KTY.06,2026-10-05 22:15,0.0,,Normal
FL.KTY.07,2026-10-05 22:15,0.0,,Normal
FL.KTY.08,2026-10-05 22:15,0.0,,Normal
FL.KTY.09,2026-10-05 22:15,0.0,,Normal
FL.KTY.10,2026-10-05 22:15,0.0,,Normal
FL.LKB.01,2026-10-05 22:15,0.0,,Normal
FL.LKB.02,2026-10-05 22:15,0.0,,Normal
FL.LKB.03,2026-10-05 22:15,15.0,,Flood
FL.LKB.04,2026-10-05 22:15,0.0,,Normal
FL.LKB.05,2026-10-05 22:15,0.0,,Normal
FL.LKB.08,2026-10-05 22:15,0.0,,Normal
FL.LKB.09,2026-10-05 22:15,15.0,,Flood
FL.LKB.10,2026-10-05 22:15,20.0,,Flood
FL.LPW.01,2026-10-05 22:15,0.0,,Normal
FL.LPW.02,2026-10-05 22:15,0.0,,Normal
FL.LPW.03,2026-10-05 22:15,0.0,,Normal
FL.LPW.05,2026-10-05 22:15,0.0,,Normal
FL.LPW.06,2026-10-05 22:15,0.0,,Normal
FL.LPW.07,2026-10-05 22:15,0.0,,Normal
FL.LPW.08,2026-10-05 22:15,0.0,,Normal
FL.LSI.02,2026-10-05 22:15,0.0,,Normal
FL.LSI.03,2026-10-05 22:15,0.0,,Normal
FL.LSI.04,2026-10-05 22:15,0.0,,Normal
FL.LSI.05,2026-10-05 22:15,0.0,,Normal
FL.LSI.06,2026-10-05 22:15,0.0,,Normal
FL.LSI.07,2026-10-05 22:15,0.0,,Normal
FL.MBR.01,2026-10-05 22:15,0.0,,Normal
FL.MBR.02,2026-10-05 22:15,20.0,,Flood
FL.MBR.03,2026-10-05 22:15,0.0,,Normal
FL.NKM.01,2026-10-05 22:15,0.0,,Normal
FL.NKM.02,2026-10-05 22:15,0.0,,Normal
FL.PKN.01,2026-10-05 22:15,0.0,,Normal
FL.PKN.02,2026-10-05 22:15,0.0,,Normal
FL.PKN.03,2026-10-05 22:15,0.0,,Normal
FL.PKN.04,2026-10-05 22:15,0.0,,Normal
FL.PNK.02,2026-10-05 22:15,0.0,,Normal
FL.PPS.01,2026-10-05 22:15,0.0,,Normal
FL.PPS.02,2026-10-05 22:15,0.0,,Normal
FL.PSC.01,2026-10-05 22:15,0.0,,Normal
FL.PSC.02,2026-10-05 22:15,0.0,,Normal
FL.PSC.03,2026-10-05 22:15,0.0,,Normal
FL.PSC.04,2026-10-05 22:15,0.0,,Normal
FL.PTW.01,2026-10-05 22:15,0.0,,Normal
FL.PTW.02,2026-10-05 22:15,0.0,,Normal
FL.PTW.03,2026-10-05 22:15,0.0,,Normal
FL.PTW.05,2026-10-05 22:15,0.0,,Normal
FL.PWT.01,2026-10-05 22:15,0.0,,Normal
FL.PWT.02,2026-10-05 22:15,0.0,,Normal
FL.PWT.03,2026-10-05 22:15,0.0,,Normal
FL.PWT.04,2026-10-05 22:15,10.0,,Minor flooding
FL.PYT.01,2026-10-05 22:15,0.0,,Normal
FL.PYT.02,2026-10-05 22:15,0.0,,Normal
FL.PYT.03,2026-10-05 22:15,0.0,,Normal
FL.PYT.04,2026-10-05 22:15,0.0,,Normal
FL.PYT.05,2026-10-05 22:15,0.0,,Normal
FL.PYT.06,2026-10-05 22:15,0.0,,Normal
FL.PYT.07,2026-10-05 22:15,0.0,,Normal
FL.PYT.08,2026-10-05 22:15,0.0,,Normal
FL.PYT.09,2026-10-05 22:15,0.0,,Normal
FL.PYT.10,2026-10-05 22:15,0.0,,Normal
FL.RTW.01,2026-10-05 22:15,0.0,,Normal
FL.RTW.02,2026-10-05 22:15,0.0,,Normal
FL.RTW.04,2026-10-05 22:15,0.0,,Normal
FL.RTW.05,2026-10-05 22:15,0.0,,Normal
FL.RTW.06,2026-10-05 22:15,0.0,,Normal
FL.RTW.07,2026-10-05 22:15,0.0,,Normal
FL.RTW.08,2026-10-05 22:15,0.0,,Normal
FL.RTW.09,2026-10-05 22:15,0.0,,Normal
FL.RTW.10,2026-10-05 22:15,0.0,,Normal
FL.RTW.11,2026-10-05 22:15,0.0,,Normal
FL.RTW.12,2026-10-05 22:15,0.0,,Normal
FL.RTW.13,2026-10-05 22:15,0.0,,Normal
FL.SLG.01,2026-10-05 22:15,7.5,57.2,Minor flooding
FL.SLG.02,2026-10-05 22:15,0.0,,Normal
FL.SLG.03,2026-10-05 22:15,0.0,,Normal
FL.SLG.04,2026-10-05 22:15,0.0,,Normal
FL.SLG.05,2026-10-05 22:15,0.0,,Normal
FL.SLG.06,2026-10-05 22:15,0.0,,Normal
FL.SMI.01,2026-10-05 22:15,0.0,12.2,Normal
FL.SMI.02,2026-10-05 22:15,0.0,,Normal
FL.SPW.01,2026-10-05 22:15,0.0,,Normal
FL.SPW.02,2026-10-05 22:15,0.0,,Normal
FL.STN.01,2026-10-05 22:15,0.0,,Normal
FL.STN.02,2026-10-05 22:15,0.0,,Normal
FL.STN.03,2026-10-05 22:15,0.0,,Normal
FL.STN.05,2026-10-05 22:15,0.0,,Normal
FL.STN.06,2026-10-05 22:15,0.0,,Normal
FL.STN.07,2026-10-05 22:15,0.0,,Normal
FL.STN.08,2026-10-05 22:15,0.0,,Normal
FL.STN.09,2026-10-05 22:15,0.0,,Normal
FL.STN.10,2026-10-05 22:15,0.0,,Normal
FL.TBR.01,2026-10-05 22:15,0.0,,Normal
FL.TKU.01,2026-10-05 22:15,0.0,,Normal
FL.TKU.02,2026-10-05 22:15,0.0,,Normal
FL.TKU.03,2026-10-05 22:15,0.0,,Normal
FL.TLC.01,2026-10-05 22:15,0.0,,Normal
FL.TLC.02,2026-10-05 22:15,0.0,,Normal
FL.WTL.01,2026-10-05 22:15,0.0,,Normal
FL.WTL.02,2026-10-05 22:15,0.0,,Normal
FL.WTL.03,2026-10-05 22:15,0.0,,Normal
FL.WTL.05,2026-10-05 22:15,0.0,,Normal
FL.WTL.06,2026-10-05 22:15,0.0,,Normal
FL.WTL.07,2026-10-05 22:15,0.0,,Normal
FL.WTL.08,2026-10-05 22:15,5.0,,Normal
FL.WTL.10,2026-10-05 22:15,0.0,,Normal
FL.WTN.01,2026-10-05 22:15,0.0,,Normal
FL.WTN.02,2026-10-05 22:15,0.0,,Normal
FL.WTN.03,2026-10-05 22:15,0.0,,Normal
FL.WTN.04,2026-10-05 22:15,0.0,,Normal
FL.WTN.05,2026-10-05 22:15,0.0,,Normal
FL.WTN.06,2026-10-05 22:15,0.0,,Normal
FL.WTN.08,2026-10-05 22:15,0.0,,Normal
FL.WTN.09,2026-10-05 22:15,0.0,,Normal
FL.WTN.10,2026-10-05 22:15,0.0,,Normal
FL.YNW.01,2026-10-05 22:15,0.0,,Normal
FL.YNW.02,2026-10-05 22:15,0.0,,Normal
FL.YNW.03,2026-10-05 22:15,0.0,,Normal
TN.BKY.01,2026-10-05 22:15,0.0,,Normal
TN.BPD.01,2026-10-05 22:15,0.0,,Normal
TN.DDG.01,2026-10-05 22:15,0.0,,Normal
TN.HKG.01,2026-10-05 22:15,0.0,,Normal
TN.HKG.01,2026-10-05 22:15,0.0,,Normal
TN.HKG.02,2026-10-05 22:15,0.0,,Normal
TN.HKG.02,2026-10-05 22:15,0.0,,Normal
TN.SLG.01,2026-10-05 22:15,0.0,,Normal
TN.SLG.02,2026-10-05 22:15,0.0,,Normal
TN.SLG.02,2026-10-05 22:15,0.0,,Normal
FL.STN.04,2026-10-05 22:35,0.0,,Out of order
FL.CTC.07,2026-10-05 23:05,0.0,,Normal
FL.BBN.01,2026-10-05 23:15,0.0,,Normal
FL.BBN.02,2026-10-05 23:15,0.0,,Normal
FL.BBN.03,2026-10-05 23:15,0.0,,Normal
FL.BBN.04,2026-10-05 23:15,0.0,,Normal
FL.BBN.05,2026-10-05 23:15,0.0,,Normal
FL.BBN.06,2026-10-05 23:15,0.0,,Normal
FL.BBN.07,2026-10-05 23:15,0.0,,Normal
FL.BKA.02,2026-10-05 23:15,0.0,,Normal
FL.BKA.03,2026-10-05 23:15,0.0,,Normal
FL.BKA.04,2026-10-05 23:15,0.0,,Normal
FL.BKA.05,2026-10-05 23:15,0.0,,Normal
FL.BKA.06,2026-10-05 23:15,0.0,,Normal
FL.BKA.07,2026-10-05 23:15,0.0,,Normal
FL.BKA.08,2026-10-05 23:15,0.0,,Normal
FL.BKA.09,2026-10-05 23:15,0.0,,Normal
FL.BKA.10,2026-10-05 23:15,0.0,,Normal
FL.BKA.11,2026-10-05 23:15,0.0,,Normal
FL.BKE.01,2026-10-05 23:15,0.0,,Normal
FL.BKE.02,2026-10-05 23:15,0.0,,Normal
FL.BKE.03,2026-10-05 23:15,0.0,,Normal
FL.BKE.04,2026-10-05 23:15,0.0,,Normal
FL.BKE.05,2026-10-05 23:15,0.0,,Normal
FL.BKE.06,2026-10-05 23:15,0.0,,Normal
FL.BKL.02,2026-10-05 23:15,0.0,,Normal
FL.BKL.03,2026-10-05 23:15,0.0,,Normal
FL.BKM.01,2026-10-05 23:15,0.0,,Normal
FL.BKM.02,2026-10-05 23:15,0.0,,Normal
FL.BKM.03,2026-10-05 23:15,0.0,,Normal
FL.BKM.04,2026-10-05 23:15,0.0,,Normal
FL.BKM.05,2026-10-05 23:15,0.0,,Normal
FL.BKM.06,2026-10-05 23:15,0.0,,Normal
FL.BKN.01,2026-10-05 23:15,0.0,,Normal
FL.BKN.02,2026-10-05 23:15,0.0,,Normal
FL.BKP.01,2026-10-05 23:15,0.0,,Normal
FL.BKP.04,2026-10-05 23:15,0.0,,Normal
FL.BKP.07,2026-10-05 23:15,0.0,,Normal
FL.BKP.08,2026-10-05 23:15,0.0,,Normal
FL.BKP.09,2026-10-05 23:15,0.0,,Normal
FL.BKP.10,2026-10-05 23:15,0.0,,Normal
FL.BKP.12,2026-10-05 23:15,0.0,,Normal
FL.BKT.01,2026-10-05 23:15,0.0,,Normal
FL.BKT.02,2026-10-05 23:15,0.0,,Normal
FL.BKT.03,2026-10-05 23:15,0.0,,Normal
FL.BKT.04,2026-10-05 23:15,0.0,,Normal
FL.BKY.01,2026-10-05 23:15,0.0,,Normal
FL.BNA.01,2026-10-05 23:15,0.0,,Normal
FL.BNA.02,2026-10-05 23:15,0.0,,Normal
FL.BNA.03,2026-10-05 23:15,0.0,,Normal
FL.BNA.04,2026-10-05 23:15,0.0,,Normal
FL.BNA.05,2026-10-05 23:15,0.0,,Normal
FL.BNA.06,2026-10-05 23:15,0.0,,Normal
FL.BNA.07,2026-10-05 23:15,0.0,,Normal
FL.BNA.08,2026-10-05 23:15,0.0,,Normal
FL.BNA.09,2026-10-05 23:15,0.0,,Normal
FL.BRK.01,2026-10-05 23:15,0.0,,Normal
FL.BRK.02,2026-10-05 23:15,0.0,,Normal
FL.BRK.03,2026-10-05 23:15,0.0,,Normal
FL.BSU.01,2026-10-05 23:15,0.0,,Normal
FL.BSU.02,2026-10-05 23:15,0.0,,Normal
FL.CTC.01,2026-10-05 23:15,0.0,,Normal
FL.CTC.02,2026-10-05 23:15,0.0,,Normal
FL.CTC.04,2026-10-05 23:15,0.0,,Normal
FL.CTC.05,2026-10-05 23:15,0.0,,Normal
FL.CTC.06,2026-10-05 23:15,0.0,,Normal
FL.CTC.08,2026-10-05 23:15,0.0,,Normal
FL.CTC.09,2026-10-05 23:15,0.0,,Normal
FL.CTC.10,2026-10-05 23:15,0.0,,Normal
FL.CTC.11,2026-10-05 23:15,0.0,,Normal
FL.CTC.12,2026-10-05 23:15,0.0,,Normal
FL.CTC.13,2026-10-05 23:15,0.0,,Normal
FL.CTC.14,2026-10-05 23:15,0.0,,Normal
FL.CTC.15,2026-10-05 23:15,0.0,,Normal
FL.DDG.01,2026-10-05 23:15,0.0,,Normal
FL.DDG.02,2026-10-05 23:15,0.0,,Normal
FL.DDG.03,2026-10-05 23:15,0.0,,Normal
FL.DDG.04,2026-10-05 23:15,0.0,,Normal
FL.DDG.05,2026-10-05 23:15,0.0,,Normal
FL.DDG.06,2026-10-05 23:15,0.0,,Normal
FL.DDG.07,2026-10-05 23:15,0.0,,Normal
FL.DDG.08,2026-10-05 23:15,0.0,,Normal
FL.DDG.09,2026-10-05 23:15,0.0,,Normal
FL.DDG.10,2026-10-05 23:15,0.0,,Normal
FL.DDG.11,2026-10-05 23:15,0.0,,Normal
FL.DDG.12,2026-10-05 23:15,0.0,,Normal
FL.DDG.13,2026-10-05 23:15,0.0,,Normal
FL.DMG.01,2026-10-05 23:15,0.0,,Normal
FL.DMG.02,2026-10-05 23:15,0.0,,Normal
FL.DMG.03,2026-10-05 23:15,0.0,,Normal
FL.DST.03,2026-10-05 23:15,0.0,,Normal
FL.DST.04,2026-10-05 23:15,0.0,,Normal
FL.DST.06,2026-10-05 23:15,0.0,,Normal
FL.DST.07,2026-10-05 23:15,0.0,,Normal
FL.DST.08,2026-10-05 23:15,0.0,,Normal
FL.HKG.01,2026-10-05 23:15,0.0,,Normal
FL.HKG.02,2026-10-05 23:15,0.0,,Normal
FL.HKG.03,2026-10-05 23:15,0.0,,Normal
FL.HKG.04,2026-10-05 23:15,0.0,,Normal
FL.HKG.05,2026-10-05 23:15,0.0,,Normal
FL.JTG.01,2026-10-05 23:15,0.0,,Normal
FL.JTG.02,2026-10-05 23:15,0.0,,Normal
FL.KNY.01,2026-10-05 23:15,0.0,,Normal
FL.KSN.01,2026-10-05 23:15,0.0,,Normal
FL.KTY.01,2026-10-05 23:15,0.0,,Normal
FL.KTY.02,2026-10-05 23:15,0.0,,Normal
FL.KTY.03,2026-10-05 23:15,0.0,,Normal
FL.KTY.04,2026-10-05 23:15,0.0,,Normal
FL.KTY.06,2026-10-05 23:15,0.0,,Normal
FL.KTY.07,2026-10-05 23:15,0.0,,Normal
FL.KTY.08,2026-10-05 23:15,0.0,,Normal
FL.KTY.09,2026-10-05 23:15,0.0,,Normal
FL.KTY.10,2026-10-05 23:15,0.0,,Normal
FL.LKB.01,2026-10-05 23:15,0.0,,Normal
FL.LKB.02,2026-10-05 23:15,0.0,,Normal
FL.LKB.03,2026-10-05 23:15,15.0,,Flood
FL.LKB.04,2026-10-05 23:15,0.0,,Normal
FL.LKB.05,2026-10-05 23:15,0.0,,Normal
FL.LKB.08,2026-10-05 23:15,0.0,,Normal
FL.LKB.09,2026-10-05 23:15,20.0,,Flood
FL.LKB.10,2026-10-05 23:15,20.0,,Flood
FL.LPW.01,2026-10-05 23:15,0.0,,Normal
FL.LPW.02,2026-10-05 23:15,0.0,,Normal
FL.LPW.03,2026-10-05 23:15,0.0,,Normal
FL.LPW.05,2026-10-05 23:15,0.0,,Normal
FL.LPW.06,2026-10-05 23:15,0.0,,Normal
FL.LPW.07,2026-10-05 23:15,0.0,,Normal
FL.LPW.08,2026-10-05 23:15,0.0,,Normal
FL.LSI.02,2026-10-05 23:15,0.0,,Normal
FL.LSI.03,2026-10-05 23:15,0.0,,Normal
FL.LSI.04,2026-10-05 23:15,0.0,,Normal
FL.LSI.05,2026-10-05 23:15,0.0,,Normal
FL.LSI.06,2026-10-05 23:15,0.0,,Normal
FL.LSI.07,2026-10-05 23:15,0.0,,Normal
FL.MBR.01,2026-10-05 23:15,0.0,,Normal
FL.MBR.02,2026-10-05 23:15,20.0,,Flood
FL.MBR.03,2026-10-05 23:15,0.0,,Normal
FL.NKM.01,2026-10-05 23:15,0.0,,Normal
FL.NKM.02,2026-10-05 23:15,0.0,,Normal
FL.PKN.01,2026-10-05 23:15,0.0,,Normal
FL.PKN.02,2026-10-05 23:15,0.0,,Normal
FL.PKN.03,2026-10-05 23:15,0.0,,Normal
FL.PKN.04,2026-10-05 23:15,0.0,,Normal
FL.PNK.02,2026-10-05 23:15,0.0,,Normal
FL.PPS.01,2026-10-05 23:15,0.0,,Normal
FL.PPS.02,2026-10-05 23:15,0.0,,Normal
FL.PSC.01,2026-10-05 23:15,0.0,,Normal
FL.PSC.02,2026-10-05 23:15,0.0,,Normal
FL.PSC.03,2026-10-05 23:15,0.0,,Normal
FL.PSC.04,2026-10-05 23:15,0.0,,Normal
FL.PTW.01,2026-10-05 23:15,0.0,,Normal
FL.PTW.02,2026-10-05 23:15,0.0,,Normal
FL.PTW.03,2026-10-05 23:15,0.0,,Normal
FL.PTW.05,2026-10-05 23:15,0.0,,Normal
FL.PWT.01,2026-10-05 23:15,0.0,,Normal
FL.PWT.02,2026-10-05 23:15,0.0,,Normal
FL.PWT.03,2026-10-05 23:15,0.0,,Normal
FL.PWT.04,2026-10-05 23:15,10.0,,Minor flooding
FL.PYT.01,2026-10-05 23:15,0.0,,Normal
FL.PYT.02,2026-10-05 23:15,0.0,,Normal
FL.PYT.03,2026-10-05 23:15,0.0,,Normal
FL.PYT.04,2026-10-05 23:15,0.0,,Normal
FL.PYT.05,2026-10-05 23:15,0.0,,Normal
FL.PYT.06,2026-10-05 23:15,0.0,,Normal
FL.PYT.07,2026-10-05 23:15,0.0,,Normal
FL.PYT.08,2026-10-05 23:15,0.0,,Normal
FL.PYT.09,2026-10-05 23:15,0.0,,Normal
FL.PYT.10,2026-10-05 23:15,0.0,,Normal
FL.RTW.01,2026-10-05 23:15,0.0,,Normal
FL.RTW.02,2026-10-05 23:15,0.0,,Normal
FL.RTW.04,2026-10-05 23:15,0.0,,Normal
FL.RTW.05,2026-10-05 23:15,0.0,,Normal
FL.RTW.06,2026-10-05 23:15,0.0,,Normal
FL.RTW.07,2026-10-05 23:15,0.0,,Normal
FL.RTW.08,2026-10-05 23:15,0.0,,Normal
FL.RTW.09,2026-10-05 23:15,0.0,,Normal
FL.RTW.10,2026-10-05 23:15,0.0,,Normal
FL.RTW.11,2026-10-05 23:15,0.0,,Normal
FL.RTW.12,2026-10-05 23:15,0.0,,Normal
FL.RTW.13,2026-10-05 23:15,0.0,,Normal
FL.SLG.01,2026-10-05 23:15,7.6,57.2,Minor flooding
FL.SLG.02,2026-10-05 23:15,0.0,,Normal
FL.SLG.03,2026-10-05 23:15,0.0,,Normal
FL.SLG.04,2026-10-05 23:15,0.0,,Normal
FL.SLG.05,2026-10-05 23:15,0.0,,Normal
FL.SLG.06,2026-10-05 23:15,0.0,,Normal
FL.SMI.01,2026-10-05 23:15,0.0,12.2,Normal
FL.SMI.02,2026-10-05 23:15,0.0,,Normal
FL.SPW.01,2026-10-05 23:15,0.0,,Normal
FL.SPW.02,2026-10-05 23:15,0.0,,Normal
FL.STN.01,2026-10-05 23:15,0.0,,Normal
FL.STN.02,2026-10-05 23:15,0.0,,Normal
FL.STN.03,2026-10-05 23:15,0.0,,Normal
FL.STN.05,2026-10-05 23:15,0.0,,Normal
FL.STN.06,2026-10-05 23:15,0.0,,Normal
FL.STN.07,2026-10-05 23:15,0.0,,Normal
FL.STN.08,2026-10-05 23:15,0.0,,Normal
FL.STN.09,2026-10-05 23:15,0.0,,Normal
FL.STN.10,2026-10-05 23:15,0.0,,Normal
FL.TBR.01,2026-10-05 23:15,0.0,,Normal
FL.TKU.01,2026-10-05 23:15,0.0,,Normal
FL.TKU.02,2026-10-05 23:15,0.0,,Normal
FL.TKU.03,2026-10-05 23:15,0.0,,Normal
FL.TLC.01,2026-10-05 23:15,0.0,,Normal
FL.TLC.02,2026-10-05 23:15,0.0,,Normal
FL.WTL.01,2026-10-05 23:15,0.0,,Normal
FL.WTL.02,2026-10-05 23:15,0.0,,Normal
FL.WTL.03,2026-10-05 23:15,0.0,,Normal
FL.WTL.05,2026-10-05 23:15,0.0,,Normal
FL.WTL.06,2026-10-05 23:15,0.0,,Normal
FL.WTL.07,2026-10-05 23:15,0.0,,Normal
FL.WTL.08,2026-10-05 23:15,5.0,,Normal
FL.WTL.10,2026-10-05 23:15,0.0,,Normal
FL.WTN.01,2026-10-05 23:15,0.0,,Normal
FL.WTN.02,2026-10-05 23:15,0.0,,Normal
FL.WTN.03,2026-10-05 23:15,0.0,,Normal
FL.WTN.04,2026-10-05 23:15,0.0,,Normal
FL.WTN.05,2026-10-05 23:15,0.0,,Normal
FL.WTN.06,2026-10-05 23:15,0.0,,Normal
FL.WTN.08,2026-10-05 23:15,0.0,,Normal
FL.WTN.09,2026-10-05 23:15,0.0,,Normal
FL.WTN.10,2026-10-05 23:15,0.0,,Normal
FL.YNW.01,2026-10-05 23:15,0.0,,Normal
FL.YNW.02,2026-10-05 23:15,0.0,,Normal
FL.YNW.03,2026-10-05 23:15,0.0,,Normal
TN.BKY.01,2026-10-05 23:15,0.0,,Normal
TN.BPD.01,2026-10-05 23:15,0.0,,Normal
TN.DDG.01,2026-10-05 23:15,0.0,,Normal
TN.HKG.01,2026-10-05 23:15,0.0,,Normal
TN.HKG.01,2026-10-05 23:15,0.0,,Normal
TN.HKG.02,2026-10-05 23:15,0.0,,Normal
TN.HKG.02,2026-10-05 23:15,0.0,,Normal
TN.SLG.01,2026-10-05 23:15,0.0,,Normal
TN.SLG.02,2026-10-05 23:15,0.0,,Normal
TN.SLG.02,2026-10-05 23:15,0.0,,Normal
FL.STN.04,2026-10-05 23:35,0.0,,Out of order
