code,measured,wl_in_m,wl_out_m,wl_out2_m,gate1,gate2,gate3,status,max_in_today_m
WL.KKD.03,2026-10-05 03:20,-0.49,,,,,,out of order,-0.48
WL.PSR.03,2026-10-05 06:20,1.22,,,,,,out of order,1.24
WL.JKK.01,2026-10-05 15:05,0.44,,,,,,out of order,0.65
WL.KJN.01,2026-10-05 15:35,0.08,,,,,,out of order,0.12
WL.KJA.01,2026-10-05 15:50,-0.6,,,,,,out of order,-0.49
WL.BNJ.01,2026-10-05 16:25,-0.65,,,,,,out of order,-0.33
WL.LPI.02,2026-10-05 16:38,-1.0,,,,,,out of order,0.81
WL.KJA.01,2026-10-05 16:50,-0.62,,,,,,out of order,-0.49
WL.LYW.01,2026-10-05 16:50,-1.45,,,,,,out of order,-1.33
WL.SKG.01,2026-10-05 16:55,-0.44,,,,,,out of order,-0.27
WL.KJA.01,2026-10-05 17:05,-0.62,,,,,,out of order,-0.49
WL.PSR.06,2026-10-05 17:35,0.75,,,,,,out of order,0.78
WL.LPT.01,2026-10-05 17:45,1.22,,,,,,out of order,1.23
WL.RKC.01,2026-10-05 17:45,-1.09,,,,,,out of order,-0.7
WL.SLL.01,2026-10-05 17:45,0.2,,,,,,out of order,0.22
WL.KJA.01,2026-10-05 17:50,-0.62,,,,,,out of order,-0.49
WL.BBN.01,2026-10-05 18:05,-0.13,,,,,,out of order,-0.11
WL.KT4.01,2026-10-05 18:10,0.6,,,,,,out of order,0.64
WL.LCL.02,2026-10-05 18:10,0.59,,,,,,out of order,0.6
WL.LCL.02,2026-10-05 18:15,-2.0,,,,,,out of order,0.6
WL.KNB.01,2026-10-05 18:20,-0.77,,,,,,out of order,-0.58
WL.KJA.01,2026-10-05 18:50,-0.63,,,,,,out of order,-0.49
WL.KJA.01,2026-10-05 19:50,-0.63,,,,,,out of order,-0.49
WL.LPW.04,2026-10-05 19:55,-0.23,,,,,,temporarily out of order,0.0
WL.BON.01,2026-10-05 20:05,-1.31,,,,,,temporarily out of order,-0.88
WL.SDN.01,2026-10-05 20:05,0.23,,,,,,temporarily out of order,0.23
WL.SRE.01,2026-10-05 20:05,-0.87,1.5,,0.0,0.0,,temporarily out of order,0.16
WL.ANG.01,2026-10-05 20:10,1.17,,,,,,Normal,
WL.BBU.02,2026-10-05 20:10,0.9,,,,,,Alert,
WL.BKH.01,2026-10-05 20:10,0.51,,,,,,Normal,
WL.BMD.01,2026-10-05 20:10,0.38,,,,,,Normal,
WL.BNJ.02,2026-10-05 20:10,-2.87,,,,,,Normal,-0.92
WL.BNJ.05,2026-10-05 20:10,-2.24,,,,,,Normal,
WL.BSE.01,2026-10-05 20:10,-1.44,,,,,,Normal,
WL.BSU.03,2026-10-05 20:10,-1.15,,,,,,Normal,-0.93
WL.BTL.02,2026-10-05 20:10,0.28,,,,,,Normal,
WL.CYI.02,2026-10-05 20:10,-0.34,,,,,,Normal,-0.27
WL.K08.01,2026-10-05 20:10,1.74,,,,,,Alert,
WL.K10.01,2026-10-05 20:10,1.6,,,,,,Alert,
WL.K11.01,2026-10-05 20:10,1.57,,,,,,Alert,
WL.KBP.01,2026-10-05 20:10,-1.0,,,,,,Normal,
WL.KHW.01,2026-10-05 20:10,1.75,,,,,,Normal,
WL.KKO.02,2026-10-05 20:10,1.56,,,,,,Alert,
WL.KPM.07,2026-10-05 20:10,0.85,,,,,,Critical,
WL.LPS.01,2026-10-05 20:10,1.09,,,,,,Normal,
WL.LPT.05,2026-10-05 20:10,1.27,,,,,,Normal,
WL.MKT.02,2026-10-05 20:10,-1.12,,,,,,Normal,
WL.NK3.02,2026-10-05 20:10,-0.73,,,,,,Normal,
WL.POC.01,2026-10-05 20:10,1.46,,,,,,Normal,
WL.PSC.06,2026-10-05 20:10,0.42,,,,,,Normal,
WL.RPS.01,2026-10-05 20:10,2.0,,,,,,Alert,
WL.SSB.13,2026-10-05 20:10,1.84,,,,,,Critical,
WL.SSG.02,2026-10-05 20:10,1.49,,,,,,Normal,
WL.STN.01,2026-10-05 20:10,0.54,,,,,,Alert,0.58
WL.SWA.02,2026-10-05 20:10,1.47,,,,,,Normal,
WL.TWW.03,2026-10-05 20:10,0.67,,,,,,Alert,0.71
WL.AJP.01,2026-10-05 20:15,-0.9,,,,,,Normal,-0.43
WL.ANX.01,2026-10-05 20:15,-0.22,,,,,,Normal,0.2
WL.BAM.01,2026-10-05 20:15,0.35,,,,,,Normal,0.52
WL.BBN.02,2026-10-05 20:15,0.05,,,,,,Normal,0.08
WL.BBN.03,2026-10-05 20:15,0.29,,,,,,Normal,0.32
WL.BBR.01,2026-10-05 20:15,-0.09,,,,,,Normal,0.21
WL.BBR.02,2026-10-05 20:15,-0.11,,,,,,Normal,0.18
WL.BBU.01,2026-10-05 20:15,0.94,,,,,,Alert,1.01
WL.BCN.01,2026-10-05 20:15,0.43,,,,,,Normal,0.46
WL.BCN.02,2026-10-05 20:15,0.41,,,,,,Normal,0.42
WL.BCN.03,2026-10-05 20:15,0.49,,,,,,Normal,0.54
WL.BJK.01,2026-10-05 20:15,-1.37,1.22,,0.0,0.0,,Normal,-0.94
WL.BJK.02,2026-10-05 20:15,0.37,,,,,,Normal,0.39
WL.BJK.03,2026-10-05 20:15,0.33,,,,,,Normal,0.35
WL.BJK.04,2026-10-05 20:15,0.39,,,,,,Normal,0.45
WL.BKA.01,2026-10-05 20:15,-1.56,1.98,,1.73,1.75,0.0,Normal,-0.85
WL.BKA.02,2026-10-05 20:15,-0.55,,,,,,Normal,-0.55
WL.BKA.03,2026-10-05 20:15,-0.01,,,,,,Normal,0.0
WL.BKA.04,2026-10-05 20:15,0.54,,,,,,Normal,0.59
WL.BKB.01,2026-10-05 20:15,-0.28,,,,,,Normal,-0.27
WL.BKG.01,2026-10-05 20:15,0.69,-2.0,,0.0,,,Critical,0.73
WL.BKK.01,2026-10-05 20:15,0.44,,,,,,Normal,
WL.BKT.01,2026-10-05 20:15,-0.38,,,,,,Normal,-0.07
WL.BKY.01,2026-10-05 20:15,0.21,1.68,,0.0,3.16,0.0,Normal,0.27
WL.BKY.02,2026-10-05 20:15,0.34,,,,,,Normal,0.37
WL.BLP.02,2026-10-05 20:15,-0.58,,,,,,Normal,-0.5
WL.BLY.01,2026-10-05 20:15,-0.47,,,,,,Normal,-0.15
WL.BLY.02,2026-10-05 20:15,-0.54,,,,,,Normal,-0.21
WL.BMA.02,2026-10-05 20:15,0.02,,,,,,Normal,0.57
WL.BMK.01,2026-10-05 20:15,-1.67,,,,,,Normal,-1.07
WL.BNA.01,2026-10-05 20:15,-1.66,1.15,,0.0,0.0,,Normal,-1.19
WL.BNA.02,2026-10-05 20:15,-1.19,,,,,,Normal,-1.08
WL.BNA.03,2026-10-05 20:15,-0.62,,,,,,Normal,-0.6
WL.BNA.04,2026-10-05 20:15,-0.5,,,,,,Normal,-0.49
WL.BNJ.03,2026-10-05 20:15,-0.96,,,,,,Normal,-0.31
WL.BNJ.04,2026-10-05 20:15,-1.16,,,,,,Normal,-0.63
WL.BNS.01,2026-10-05 20:15,0.47,,,,,,Normal,0.49
WL.BOA.01,2026-10-05 20:15,-1.31,1.29,,0.0,0.0,,Normal,-0.88
WL.BOA.02,2026-10-05 20:15,-1.32,,,,,,Normal,-0.88
WL.BOA.03,2026-10-05 20:15,-1.26,,,,,,Normal,-0.94
WL.BPA.01,2026-10-05 20:15,-0.48,,,,,,Normal,-0.37
WL.BPK.01,2026-10-05 20:15,0.08,,,,,,Normal,0.1
WL.BPM.01,2026-10-05 20:15,0.26,,,,,,Normal,0.31
WL.BPM.02,2026-10-05 20:15,0.37,,,,,,Normal,0.39
WL.BPM.03,2026-10-05 20:15,0.56,,,,,,Normal,0.58
WL.BPM.04,2026-10-05 20:15,0.56,,,,,,Normal,0.59
WL.BPN.02,2026-10-05 20:15,0.11,,,,,,Normal,0.13
WL.BPU.01,2026-10-05 20:15,0.83,,,,,,Normal,1.3
WL.BSK.01,2026-10-05 20:15,0.2,1.45,,0.0,0.0,,Normal,0.33
WL.BSU.01,2026-10-05 20:15,-0.93,1.94,,0.0,0.0,0.0,Normal,-0.8
WL.BSU.02,2026-10-05 20:15,-0.69,,,,,,Normal,-0.66
WL.BSU.04,2026-10-05 20:15,-1.1,,,,,,Normal,-0.92
WL.BSU.05,2026-10-05 20:15,-1.08,,,,,,Normal,-0.81
WL.BSU.06,2026-10-05 20:15,0.0,,,,,,Normal,0.0
WL.BSU.07,2026-10-05 20:15,-0.21,,,,,,Normal,-0.12
WL.BTL.01,2026-10-05 20:15,-0.58,,,,,,Normal,-0.38
WL.BTY.01,2026-10-05 20:15,0.4,,,,,,Alert,0.54
WL.BWK.01,2026-10-05 20:15,0.27,,,,,,Normal,0.3
WL.BWK.02,2026-10-05 20:15,0.51,,,,,,Normal,0.52
WL.BYI.01,2026-10-05 20:15,1.0,,,,,,Critical,1.0
WL.BYK.01,2026-10-05 20:15,0.01,,,,,,Normal,0.15
WL.BYK.02,2026-10-05 20:15,0.23,,,,,,Normal,0.53
WL.CKS.01,2026-10-05 20:15,-1.34,,,0.0,0.0,,Normal,-0.73
WL.CKS.02,2026-10-05 20:15,-0.81,,,,,,Normal,-0.43
WL.CKS.03,2026-10-05 20:15,-0.97,,,,,,Normal,-0.63
WL.CLH.01,2026-10-05 20:15,-0.33,,,,,,Normal,
WL.CNS.01,2026-10-05 20:15,-1.59,1.27,,0.0,0.0,,Normal,-1.32
WL.CPA.01,2026-10-05 20:15,0.27,1.74,,0.0,4.78,,Normal,0.35
WL.CPA.02,2026-10-05 20:15,0.24,,,,,,Normal,0.26
WL.CYI.01,2026-10-05 20:15,-0.36,,,,,,Normal,-0.29
WL.DKN.01,2026-10-05 20:15,0.17,1.4,,7.19,0.0,6.92,Normal,0.21
WL.FTM.01,2026-10-05 20:15,-1.02,,,,,,Normal,-0.9
WL.HKG.01,2026-10-05 20:15,-0.54,,,,,,Normal,-0.51
WL.HKG.02,2026-10-05 20:15,-0.48,,,,,,Normal,-0.41
WL.HMK.01,2026-10-05 20:15,-0.02,,,,,,Alert,0.1
WL.HMK.02,2026-10-05 20:15,-0.24,,,,,,Normal,0.0
WL.HMK.03,2026-10-05 20:15,0.03,,,,,,Normal,0.1
WL.JRN.01,2026-10-05 20:15,0.21,1.35,,0.0,,,Normal,0.21
WL.KBU.01,2026-10-05 20:15,0.33,1.66,,0.0,,,Normal,0.5
WL.KBU.02,2026-10-05 20:15,0.38,,,,,,Normal,0.46
WL.KCD.01,2026-10-05 20:15,-0.67,,,,,,Normal,-0.48
WL.KDN.01,2026-10-05 20:15,-0.67,1.28,,0.0,,,Normal,-0.55
WL.KJA.02,2026-10-05 20:15,-0.2,,,,,,Alert,-0.12
WL.KJG.01,2026-10-05 20:15,0.17,,,,,,Critical,0.28
WL.KJK.01,2026-10-05 20:15,-1.32,1.23,,0.0,0.0,,Normal,-1.03
WL.KJK.02,2026-10-05 20:15,-1.27,,,,,,Normal,-0.72
WL.KJN.02,2026-10-05 20:15,0.29,,,,,,Normal,0.38
WL.KJT.01,2026-10-05 20:15,-1.16,,,,,,Normal,-0.9
WL.KJU.01,2026-10-05 20:15,-0.43,,,,,,Normal,-0.37
WL.KKD.01,2026-10-05 20:15,-0.47,,,,,,Normal,-0.3
WL.KKD.02,2026-10-05 20:15,-0.58,,,,,,Normal,-0.38
WL.KKO.01,2026-10-05 20:15,1.61,,,,,,Alert,1.63
WL.KKS.01,2026-10-05 20:15,-0.56,1.76,,0.0,0.0,,Normal,-0.49
WL.KKS.02,2026-10-05 20:15,-0.53,,,,,,Normal,-0.46
WL.KKS.03,2026-10-05 20:15,-0.66,,,,,,Normal,-0.56
WL.KKS.04,2026-10-05 20:15,-0.64,1.5,,0.0,,,Normal,-0.52
WL.KKY.01,2026-10-05 20:15,0.64,,,,,,Normal,0.69
WL.KKY.02,2026-10-05 20:15,0.63,,,,,,Normal,0.67
WL.KLA.01,2026-10-05 20:15,-0.17,,,,,,Alert,-0.04
WL.KLD.01,2026-10-05 20:15,-0.4,,,,,,Normal,-0.12
WL.KLD.02,2026-10-05 20:15,-0.36,,,,,,Normal,-0.04
WL.KLT.01,2026-10-05 20:15,-0.5,,,,,,Normal,-0.44
WL.KMN.01,2026-10-05 20:15,0.23,1.66,,0.29,0.0,0.0,Normal,0.35
WL.KNB.02,2026-10-05 20:15,-0.34,,,,,,Normal,-0.31
WL.KPG.01,2026-10-05 20:15,-1.39,,,,,,Normal,-1.01
WL.KPM.01,2026-10-05 20:15,-0.05,,,,,,Normal,-0.02
WL.KPM.03,2026-10-05 20:15,0.31,,,,,,Critical,0.34
WL.KPM.05,2026-10-05 20:15,1.01,,,,,,Alert,1.03
WL.KPM.06,2026-10-05 20:15,0.97,,,,,,Normal,1.0
WL.KPM.08,2026-10-05 20:15,0.98,,,,,,Normal,1.04
WL.KSG.01,2026-10-05 20:15,0.98,,,,,,Alert,1.01
WL.KSI.01,2026-10-05 20:15,0.86,,,,,,Alert,0.91
WL.KSI.02,2026-10-05 20:15,0.89,,,,,,Critical,0.92
WL.KSK.01,2026-10-05 20:15,-0.62,,,,,,out of order,-0.44
WL.KSM.01,2026-10-05 20:15,0.89,,,,,,Critical,0.93
WL.KSM.02,2026-10-05 20:15,0.86,,,,,,Critical,0.9
WL.KSO.01,2026-10-05 20:15,0.72,,,,,,Normal,0.76
WL.KSO.02,2026-10-05 20:15,0.74,,,,,,Normal,0.79
WL.KTY.01,2026-10-05 20:15,-2.2,1.21,,0.0,,,Normal,-1.36
WL.LBK.02,2026-10-05 20:15,0.61,,,,,,Critical,0.65
WL.LBK.03,2026-10-05 20:15,0.53,,,,,,Critical,0.59
WL.LCL.01,2026-10-05 20:15,0.77,,,,,,Normal,0.79
WL.LKB.01,2026-10-05 20:15,0.78,,,,,,Critical,0.83
WL.LOA.01,2026-10-05 20:15,0.85,,,,,,Alert,0.98
WL.LOA.02,2026-10-05 20:15,1.05,,,,,,Normal,1.07
WL.LPC.01,2026-10-05 20:15,1.13,,,,,,Critical,1.15
WL.LPG.02,2026-10-05 20:15,1.07,1.73,,0.0,,,Critical,1.08
WL.LPG.03,2026-10-05 20:15,1.02,,,,,,Critical,1.02
WL.LPN.01,2026-10-05 20:15,-0.9,0.97,,0.0,,,Normal,-0.73
WL.LPP.01,2026-10-05 20:15,-1.21,,,,,,Normal,-0.81
WL.LPP.02,2026-10-05 20:15,-0.59,,,,,,Normal,
WL.LPT.03,2026-10-05 20:15,0.95,,,,,,Critical,1.94
WL.LPW.01,2026-10-05 20:15,0.03,0.03,,0.0,,,Normal,0.08
WL.LPW.03,2026-10-05 20:15,0.69,,,,,,Alert,0.75
WL.LPW.05,2026-10-05 20:15,-0.36,,,,,,Normal,-0.29
WL.LSG.01,2026-10-05 20:15,-1.17,,,,,,Normal,-1.13
WL.LSM.01,2026-10-05 20:15,-0.62,,,,,,Normal,-0.61
WL.LYW.02,2026-10-05 20:15,-1.43,,,,,,Normal,-1.31
WL.MCM.01,2026-10-05 20:15,0.19,,,,,,Normal,0.22
WL.MFS.01,2026-10-05 20:15,-0.72,,,,,,Normal,-0.63
WL.MKT.01,2026-10-05 20:15,-0.23,,,,,,Normal,-0.17
WL.MSW.01,2026-10-05 20:15,1.72,,,,,,Normal,1.76
WL.MSW.02,2026-10-05 20:15,1.12,,,,,,Normal,1.18
WL.MSW.03,2026-10-05 20:15,1.72,,,,,,Normal,1.75
WL.MSW.04,2026-10-05 20:15,0.98,,,,,,Normal,
WL.MTG.01,2026-10-05 20:15,-0.63,,,,,,Normal,-0.34
WL.NBN.01,2026-10-05 20:15,-3.78,-1.43,,0.0,,,Normal,-3.74
WL.NCH.02,2026-10-05 20:15,0.14,,,,,,Normal,0.19
WL.NK1.01,2026-10-05 20:15,-1.29,,,,,,Normal,0.4
WL.NK3.01,2026-10-05 20:15,0.37,,,,,,Normal,0.82
WL.NKW.02,2026-10-05 20:15,-0.02,,,,,,Normal,0.04
WL.NSG.01,2026-10-05 20:15,-2.0,,,,,,Normal,-2.0
WL.OAG.01,2026-10-05 20:15,-0.62,,,,,,Normal,-0.54
WL.ORC.01,2026-10-05 20:15,-1.35,-0.5,,0.0,,,Normal,-0.99
WL.PKG.01,2026-10-05 20:15,1.62,,,,,,Normal,1.77
WL.PKN.01,2026-10-05 20:15,-0.85,1.39,,0.0,0.0,0.0,Normal,-0.68
WL.PLK.01,2026-10-05 20:15,0.94,,,,,,Normal,1.26
WL.PLP.01,2026-10-05 20:15,-0.35,,,,,,Normal,-0.32
WL.PNM.01,2026-10-05 20:15,0.45,,,,,,Critical,0.48
WL.PSC.01,2026-10-05 20:15,0.24,0.27,,0.0,0.0,0.0,Normal,0.26
WL.PSC.02,2026-10-05 20:15,0.22,,,,,,Normal,0.24
WL.PSC.03,2026-10-05 20:15,0.24,,,,,,Normal,0.26
WL.PSC.05,2026-10-05 20:15,0.33,,,,,,Normal,0.36
WL.PSI.01,2026-10-05 20:15,-1.59,,,,,,Normal,-1.14
WL.PSR.01,2026-10-05 20:15,1.19,1.84,,0.25,,,Critical,1.24
WL.PSR.02,2026-10-05 20:15,1.22,,,,,,Critical,1.26
WL.PSR.04,2026-10-05 20:15,0.81,,,,,,Normal,0.84
WL.PSR.05,2026-10-05 20:15,0.83,,,,,,Critical,0.86
WL.PST.01,2026-10-05 20:15,-0.62,,,,,,Normal,-0.34
WL.PWT.01,2026-10-05 20:15,-0.41,,,,,,Normal,-0.36
WL.PWT.02,2026-10-05 20:15,0.08,,,,,,Normal,0.14
WL.PWT.03,2026-10-05 20:15,0.32,0.33,,5.8,5.9,,Critical,0.37
WL.PWT.04,2026-10-05 20:15,0.62,0.67,,3.72,,,Critical,0.65
WL.PWT.06,2026-10-05 20:15,1.0,,,,,,Critical,1.0
WL.PWT.07,2026-10-05 20:15,1.07,,,,,,Critical,1.1
WL.PYW.01,2026-10-05 20:15,-0.97,,,,,,Normal,-0.92
WL.RHN.01,2026-10-05 20:15,-1.01,-0.46,,0.0,,,Normal,-0.49
WL.RJK.01,2026-10-05 20:15,0.22,0.22,,7.5,,,Normal,0.31
WL.RMN.01,2026-10-05 20:15,0.43,,,,,,Normal,
WL.RMT.01,2026-10-05 20:15,-0.69,0.91,,0.0,0.0,,Normal,-0.43
WL.RMT.02,2026-10-05 20:15,-0.23,,,,,,Normal,-0.19
WL.RSK.01,2026-10-05 20:15,0.36,,,,,,Normal,0.37
WL.SBR.01,2026-10-05 20:15,0.68,1.11,,0.0,,,Normal,0.89
WL.SBR.02,2026-10-05 20:15,0.61,,,,,,Normal,0.65
WL.SBT.01,2026-10-05 20:15,-0.36,0.09,,0.0,,,Normal,-0.22
WL.SCO.01,2026-10-05 20:15,-0.05,,,,,,Normal,0.27
WL.SKT.01,2026-10-05 20:15,-0.62,,,,,,Normal,-0.22
WL.SKT.02,2026-10-05 20:15,-0.87,,,,,,Normal,-0.58
WL.SMK.01,2026-10-05 20:15,-0.48,,,,,,Normal,-0.36
WL.SNC.01,2026-10-05 20:15,-0.07,1.01,,0.0,0.0,0.0,Alert,-0.07
WL.SNC.02,2026-10-05 20:15,0.2,,,,,,Normal,0.52
WL.SNC.03,2026-10-05 20:15,0.05,,,,,,Normal,0.06
WL.SNO.01,2026-10-05 20:15,-0.96,,,,,,Normal,-0.59
WL.SOL.01,2026-10-05 20:15,-0.8,,,,,,Normal,-0.13
WL.SRG.01,2026-10-05 20:15,-0.5,1.27,,0.0,0.0,0.0,Normal,-0.5
WL.SSB.01,2026-10-05 20:15,-0.6,,,,,,Normal,-0.5
WL.SSB.03,2026-10-05 20:15,-0.35,,,,,,Normal,-0.29
WL.SSB.04,2026-10-05 20:15,-0.28,-0.49,,7.5,7.5,,Normal,-0.27
WL.SSB.06,2026-10-05 20:15,-0.24,,,,,,Normal,-0.03
WL.SSB.07,2026-10-05 20:15,0.11,,,,,,Normal,0.51
WL.SSB.08,2026-10-05 20:15,0.44,,,,,,Alert,0.49
WL.SSB.09,2026-10-05 20:15,0.62,1.1,,0.0,,,Critical,0.65
WL.SSB.10,2026-10-05 20:15,0.71,1.19,,0.0,,,Critical,0.75
WL.SSB.11,2026-10-05 20:15,1.0,,,,,,Alert,1.0
WL.SSB.12,2026-10-05 20:15,1.19,1.5,,0.0,,,Critical,1.22
WL.SSG.01,2026-10-05 20:15,1.51,,,,,,Alert,1.53
WL.SSM.01,2026-10-05 20:15,1.29,-99,,0.0,,,Critical,1.32
WL.SSM.02,2026-10-05 20:15,1.5,,,,,,Normal,
WL.SSN.01,2026-10-05 20:15,-1.01,1.82,,7.0,0.0,0.0,Normal,-0.71
WL.SSN.02,2026-10-05 20:15,-0.89,,,,,,Normal,-0.8
WL.SSN.04,2026-10-05 20:15,-1.1,,,,,,Normal,-0.87
WL.SSN.06,2026-10-05 20:15,-1.77,,,,,,Normal,-1.46
WL.SSN.07,2026-10-05 20:15,-0.82,,,,,,Normal,-0.67
WL.SSN.08,2026-10-05 20:15,-0.42,-0.4,,0.0,,,Normal,-0.36
WL.SSN.09,2026-10-05 20:15,-0.41,,,,,,Normal,-0.35
WL.SSN.10,2026-10-05 20:15,-0.39,,,,,,Normal,-0.31
WL.SST.01,2026-10-05 20:15,1.07,1.83,,0.18,,,Critical,1.1
WL.STN.02,2026-10-05 20:15,0.67,,,,,,Critical,0.71
WL.STN.03,2026-10-05 20:15,0.74,,,,,,Critical,0.78
WL.STR.01,2026-10-05 20:15,-1.0,0.24,1.45,0.0,0.0,0.0,Normal,-0.87
WL.SWA.01,2026-10-05 20:15,0.85,1.32,,0.43,,,Critical,0.87
WL.SWU.01,2026-10-05 20:15,-1.4,,,,,,Normal,-0.88
WL.TCG.01,2026-10-05 20:15,-0.9,,,,,,Normal,-0.8
WL.TPK.02,2026-10-05 20:15,0.48,,,,,,Critical,0.53
WL.TPK.03,2026-10-05 20:15,0.55,,,,,,Critical,0.61
WL.TSK.01,2026-10-05 20:15,-1.79,,,,,,Normal,-1.47
WL.TTN.01,2026-10-05 20:15,-0.95,,,,,,Normal,-0.95
WL.TUT.02,2026-10-05 20:15,-1.16,,,,,,Normal,0.53
WL.TWW.01,2026-10-05 20:15,0.74,1.04,,0.99,,,Normal,0.78
WL.TWW.02,2026-10-05 20:15,0.7,,,,,,Normal,0.74
WL.TWW.04,2026-10-05 20:15,0.65,,,,,,Normal,0.69
WL.TWW.05,2026-10-05 20:15,0.36,,,,,,Normal,0.38
WL.VPD.01,2026-10-05 20:15,-1.01,,,,,,Normal,-0.76
WL.VPD.02,2026-10-05 20:15,-0.97,,,,,,Normal,-0.72
WL.VPD.03,2026-10-05 20:15,-1.29,,,,,,Normal,-1.26
WL.VPV.01,2026-10-05 20:15,-1.72,,,0.0,,,Normal,-1.34
WL.WHK.01,2026-10-05 20:15,0.94,,,,,,Alert,0.94
WL.WKT.01,2026-10-05 20:15,-0.03,,,,,,Normal,0.38
WL.WLS.01,2026-10-05 20:15,0.9,,,,,,Alert,0.96
WL.WSI.01,2026-10-05 20:15,-1.57,1.39,,0.0,0.0,0.0,Normal,-0.66
WL.WSV.01,2026-10-05 20:15,-0.01,,,,,,Normal,0.08
WL.WTK.01,2026-10-05 20:15,-0.87,,,,,,Normal,-0.87
WL.WTN.02,2026-10-05 20:15,-1.05,,,,,,Normal,-1.05
WL.YPE.01,2026-10-05 20:15,0.26,,,,,,Normal,0.28
WL.YPN.01,2026-10-05 20:15,-0.74,,,,,,Normal,-0.57
WL.YPN.02,2026-10-05 20:15,-0.92,,,,,,Normal,-0.65
WL.YSN.02,2026-10-05 20:15,-0.9,,,,,,Normal,-0.7
WL.KPM.04,2026-10-05 20:25,0.89,,,,,,Normal,0.93
WL.TTN.01,2026-10-05 20:30,-0.94,,,,,,out of order,-0.94
WL.KKD.04,2026-10-05 20:35,-0.53,,,,,,Normal,-0.34
WL.LOA.01,2026-10-05 20:35,0.88,,,,,,out of order,0.98
WL.KJA.01,2026-10-05 20:50,-0.62,,,,,,out of order,-0.49
WL.BNJ.03,2026-10-05 21:00,-0.96,,,,,,out of order,-0.31
WL.SDN.01,2026-10-05 21:05,0.23,,,,,,temporarily out of order,0.23
WL.ANG.01,2026-10-05 21:10,1.17,,,,,,Normal,
WL.BBU.02,2026-10-05 21:10,0.87,,,,,,Alert,
WL.BKH.01,2026-10-05 21:10,0.49,,,,,,Normal,
WL.BMD.01,2026-10-05 21:10,0.38,,,,,,Normal,
WL.BNJ.05,2026-10-05 21:10,-1.78,,,,,,Normal,
WL.BSE.01,2026-10-05 21:10,-1.44,,,,,,Normal,
WL.BTL.02,2026-10-05 21:10,0.26,,,,,,Normal,
WL.BYK.01,2026-10-05 21:10,0.01,,,,,,temporarily out of order,0.15
WL.CLH.01,2026-10-05 21:10,-0.34,,,,,,Normal,
WL.CYI.02,2026-10-05 21:10,-0.35,,,,,,Normal,-0.27
WL.K08.01,2026-10-05 21:10,1.54,,,,,,Alert,
WL.K10.01,2026-10-05 21:10,1.6,,,,,,Alert,
WL.K11.01,2026-10-05 21:10,1.57,,,,,,Alert,
WL.KBP.01,2026-10-05 21:10,-1.05,,,,,,Normal,
WL.KHW.01,2026-10-05 21:10,1.74,,,,,,Normal,
WL.KKO.02,2026-10-05 21:10,1.56,,,,,,Alert,
WL.KPM.07,2026-10-05 21:10,0.74,,,,,,Alert,
WL.LPS.01,2026-10-05 21:10,1.08,,,,,,Normal,
WL.LPT.05,2026-10-05 21:10,1.26,,,,,,Normal,
WL.MKT.02,2026-10-05 21:10,-1.08,,,,,,Normal,
WL.NK3.02,2026-10-05 21:10,-0.49,,,,,,Normal,
WL.PKN.01,2026-10-05 21:10,-0.86,1.27,,0.0,0.0,0.0,Normal,-0.68
WL.POC.01,2026-10-05 21:10,1.46,,,,,,Normal,
WL.PSC.06,2026-10-05 21:10,0.41,,,,,,Normal,
WL.RMN.01,2026-10-05 21:10,0.43,,,,,,Normal,
WL.RPS.01,2026-10-05 21:10,2.1,,,,,,Alert,
WL.SSB.13,2026-10-05 21:10,1.84,,,,,,Critical,
WL.SSG.02,2026-10-05 21:10,1.49,,,,,,Normal,
WL.SSM.02,2026-10-05 21:10,1.51,,,,,,Normal,
WL.STN.01,2026-10-05 21:10,0.54,,,,,,Alert,0.58
WL.SWA.02,2026-10-05 21:10,1.47,,,,,,Normal,
WL.AJP.01,2026-10-05 21:15,-0.95,,,,,,Normal,-0.43
WL.ANX.01,2026-10-05 21:15,-0.16,,,,,,Normal,0.2
WL.BAM.01,2026-10-05 21:15,0.43,,,,,,Normal,0.52
WL.BBN.02,2026-10-05 21:15,0.05,,,,,,Normal,0.08
WL.BBN.03,2026-10-05 21:15,0.29,,,,,,Normal,0.32
WL.BBR.01,2026-10-05 21:15,-0.08,,,,,,Normal,0.21
WL.BBR.02,2026-10-05 21:15,-0.1,,,,,,Normal,0.18
WL.BBU.01,2026-10-05 21:15,0.9,,,,,,Alert,1.01
WL.BCN.01,2026-10-05 21:15,0.43,,,,,,Normal,0.46
WL.BCN.02,2026-10-05 21:15,0.4,,,,,,Normal,0.42
WL.BCN.03,2026-10-05 21:15,0.48,,,,,,Normal,0.54
WL.BJK.01,2026-10-05 21:15,-1.44,1.12,,0.0,0.0,,Normal,-0.94
WL.BJK.02,2026-10-05 21:15,0.37,,,,,,Normal,0.39
WL.BJK.03,2026-10-05 21:15,0.33,,,,,,Normal,0.35
WL.BJK.04,2026-10-05 21:15,0.39,,,,,,Normal,0.45
WL.BKA.01,2026-10-05 21:15,-1.18,1.95,,1.73,1.75,0.0,Normal,-0.85
WL.BKA.02,2026-10-05 21:15,-0.54,,,,,,Normal,-0.54
WL.BKA.03,2026-10-05 21:15,-0.01,,,,,,Normal,0.0
WL.BKA.04,2026-10-05 21:15,0.51,,,,,,Normal,0.59
WL.BKB.01,2026-10-05 21:15,-0.28,,,,,,Normal,-0.27
WL.BKG.01,2026-10-05 21:15,0.69,-2.0,,0.0,,,Critical,0.73
WL.BKK.01,2026-10-05 21:15,0.44,,,,,,Normal,
WL.BKT.01,2026-10-05 21:15,-0.37,,,,,,Normal,-0.07
WL.BKY.01,2026-10-05 21:15,0.21,1.63,,0.0,5.57,0.0,Normal,0.27
WL.BKY.02,2026-10-05 21:15,0.33,,,,,,Normal,0.37
WL.BLP.02,2026-10-05 21:15,-0.58,,,,,,Normal,-0.5
WL.BLY.01,2026-10-05 21:15,-0.44,,,,,,Normal,-0.15
WL.BLY.02,2026-10-05 21:15,-0.51,,,,,,Normal,-0.21
WL.BMA.02,2026-10-05 21:15,0.08,,,,,,Normal,0.57
WL.BMK.01,2026-10-05 21:15,-1.61,,,,,,Normal,-1.07
WL.BNA.01,2026-10-05 21:15,-1.38,1.05,,0.0,0.0,,Normal,-1.19
WL.BNA.02,2026-10-05 21:15,-1.2,,,,,,Normal,-1.08
WL.BNA.03,2026-10-05 21:15,-0.62,,,,,,Normal,-0.6
WL.BNA.04,2026-10-05 21:15,-0.51,,,,,,Normal,-0.49
WL.BNJ.02,2026-10-05 21:15,-1.92,,,,,,Normal,-0.92
WL.BNJ.04,2026-10-05 21:15,-1.16,,,,,,Normal,-0.63
WL.BNS.01,2026-10-05 21:15,0.47,,,,,,Normal,0.49
WL.BOA.01,2026-10-05 21:15,-1.39,1.18,,0.0,0.0,,Normal,-0.88
WL.BOA.02,2026-10-05 21:15,-1.3,,,,,,Normal,-0.88
WL.BOA.03,2026-10-05 21:15,-1.41,,,,,,Normal,-0.94
WL.BON.01,2026-10-05 21:15,-1.38,,,,,,Normal,-0.88
WL.BPA.01,2026-10-05 21:15,-0.5,,,,,,Normal,-0.37
WL.BPK.01,2026-10-05 21:15,0.09,,,,,,Normal,0.1
WL.BPM.01,2026-10-05 21:15,0.26,,,,,,Normal,0.31
WL.BPM.02,2026-10-05 21:15,0.36,,,,,,Normal,0.39
WL.BPM.03,2026-10-05 21:15,0.55,,,,,,Normal,0.58
WL.BPM.04,2026-10-05 21:15,0.55,,,,,,Normal,0.59
WL.BPN.02,2026-10-05 21:15,0.11,,,,,,Normal,0.13
WL.BPU.01,2026-10-05 21:15,0.71,,,,,,Normal,1.3
WL.BSK.01,2026-10-05 21:15,0.05,1.37,,0.0,0.0,,Normal,0.33
WL.BSU.01,2026-10-05 21:15,-0.76,1.91,,0.0,0.0,0.0,Normal,-0.76
WL.BSU.02,2026-10-05 21:15,-0.64,,,,,,Normal,-0.64
WL.BSU.03,2026-10-05 21:15,-1.09,,,,,,Normal,-0.93
WL.BSU.04,2026-10-05 21:15,-1.03,,,,,,Normal,-0.92
WL.BSU.05,2026-10-05 21:15,-0.87,,,,,,Normal,-0.81
WL.BSU.06,2026-10-05 21:15,0.0,,,,,,Normal,0.0
WL.BSU.07,2026-10-05 21:15,-0.2,,,,,,Normal,-0.12
WL.BTL.01,2026-10-05 21:15,-0.55,,,,,,Normal,-0.38
WL.BTY.01,2026-10-05 21:15,0.39,,,,,,Normal,0.54
WL.BWK.01,2026-10-05 21:15,0.27,,,,,,Normal,0.3
WL.BWK.02,2026-10-05 21:15,0.5,,,,,,Normal,0.52
WL.BYI.01,2026-10-05 21:15,1.0,,,,,,Critical,1.0
WL.BYK.02,2026-10-05 21:15,0.21,,,,,,Normal,0.53
WL.CKS.01,2026-10-05 21:15,-1.24,,,0.0,0.0,,Normal,-0.73
WL.CKS.02,2026-10-05 21:15,-0.83,,,,,,Normal,-0.43
WL.CKS.03,2026-10-05 21:15,-1.01,,,,,,Normal,-0.63
WL.CNS.01,2026-10-05 21:15,-2.04,1.16,,0.0,0.0,,Normal,-1.32
WL.CPA.01,2026-10-05 21:15,0.26,1.7,,0.0,4.78,,Normal,0.35
WL.CPA.02,2026-10-05 21:15,0.24,,,,,,Normal,0.26
WL.CYI.01,2026-10-05 21:15,-0.38,,,,,,Normal,-0.29
WL.DKN.01,2026-10-05 21:15,0.17,1.31,,7.19,0.0,6.92,Normal,0.21
WL.FTM.01,2026-10-05 21:15,-1.01,,,,,,Normal,-0.9
WL.HKG.01,2026-10-05 21:15,-0.54,,,,,,Normal,-0.51
WL.HKG.02,2026-10-05 21:15,-0.49,,,,,,Normal,-0.41
WL.HMK.01,2026-10-05 21:15,-0.03,,,,,,Alert,0.1
WL.HMK.02,2026-10-05 21:15,-0.21,,,,,,Normal,0.0
WL.HMK.03,2026-10-05 21:15,0.02,,,,,,Normal,0.1
WL.JRN.01,2026-10-05 21:15,0.22,1.27,,0.0,,,Normal,0.22
WL.KBU.01,2026-10-05 21:15,0.33,1.62,,0.0,,,Normal,0.5
WL.KBU.02,2026-10-05 21:15,0.38,,,,,,Normal,0.46
WL.KCD.01,2026-10-05 21:15,-0.69,,,,,,Normal,-0.48
WL.KDN.01,2026-10-05 21:15,-0.55,1.18,,0.0,,,Normal,-0.55
WL.KJA.02,2026-10-05 21:15,-0.22,,,,,,Normal,-0.12
WL.KJG.01,2026-10-05 21:15,0.11,,,,,,Critical,0.28
WL.KJK.01,2026-10-05 21:15,-1.28,1.13,,0.0,0.0,,Normal,-1.03
WL.KJK.02,2026-10-05 21:15,-1.23,,,,,,Normal,-0.72
WL.KJN.02,2026-10-05 21:15,0.25,,,,,,Normal,0.38
WL.KJT.01,2026-10-05 21:15,-1.06,,,,,,Normal,-0.9
WL.KJU.01,2026-10-05 21:15,-0.63,,,,,,Normal,-0.37
WL.KKD.01,2026-10-05 21:15,-0.44,,,,,,Normal,-0.3
WL.KKD.02,2026-10-05 21:15,-0.55,,,,,,Normal,-0.38
WL.KKO.01,2026-10-05 21:15,1.61,,,,,,Alert,1.63
WL.KKS.01,2026-10-05 21:15,-0.57,1.72,,0.0,0.0,,Normal,-0.49
WL.KKS.02,2026-10-05 21:15,-0.54,,,,,,Normal,-0.46
WL.KKS.03,2026-10-05 21:15,-0.66,,,,,,Normal,-0.56
WL.KKS.04,2026-10-05 21:15,-0.65,1.48,,0.0,,,Normal,-0.52
WL.KKY.01,2026-10-05 21:15,0.64,,,,,,Normal,0.69
WL.KKY.02,2026-10-05 21:15,0.63,,,,,,Normal,0.67
WL.KLA.01,2026-10-05 21:15,-0.17,,,,,,Alert,-0.04
WL.KLD.01,2026-10-05 21:15,-0.37,,,,,,Normal,-0.12
WL.KLD.02,2026-10-05 21:15,-0.34,,,,,,Normal,-0.04
WL.KLT.01,2026-10-05 21:15,-0.51,,,,,,Normal,-0.44
WL.KMN.01,2026-10-05 21:15,0.22,1.61,,0.29,0.0,0.0,Normal,0.35
WL.KNB.02,2026-10-05 21:15,-0.34,,,,,,Normal,-0.31
WL.KPG.01,2026-10-05 21:15,-1.31,,,,,,Normal,-1.01
WL.KPM.01,2026-10-05 21:15,-0.04,,,,,,Normal,-0.02
WL.KPM.03,2026-10-05 21:15,0.3,,,,,,Critical,0.34
WL.KPM.05,2026-10-05 21:15,0.98,,,,,,Normal,1.03
WL.KPM.06,2026-10-05 21:15,0.94,,,,,,Normal,1.0
WL.KPM.08,2026-10-05 21:15,0.95,,,,,,Normal,1.04
WL.KSG.01,2026-10-05 21:15,0.97,,,,,,Alert,1.01
WL.KSI.01,2026-10-05 21:15,0.86,,,,,,Alert,0.91
WL.KSI.02,2026-10-05 21:15,0.88,,,,,,Critical,0.92
WL.KSM.01,2026-10-05 21:15,0.89,,,,,,Critical,0.93
WL.KSM.02,2026-10-05 21:15,0.86,,,,,,Critical,0.9
WL.KSO.01,2026-10-05 21:15,0.72,,,,,,Normal,0.76
WL.KSO.02,2026-10-05 21:15,0.74,,,,,,Normal,0.79
WL.KTY.01,2026-10-05 21:15,-2.23,1.13,,0.0,,,Normal,-1.36
WL.LBK.02,2026-10-05 21:15,0.6,,,,,,Critical,0.65
WL.LBK.03,2026-10-05 21:15,0.53,,,,,,Critical,0.59
WL.LCL.01,2026-10-05 21:15,0.76,,,,,,Normal,0.79
WL.LKB.01,2026-10-05 21:15,0.78,,,,,,Critical,0.83
WL.LOA.02,2026-10-05 21:15,1.03,,,,,,Normal,1.07
WL.LPC.01,2026-10-05 21:15,1.13,,,,,,Critical,1.15
WL.LPG.02,2026-10-05 21:15,1.07,1.73,,0.0,,,Critical,1.08
WL.LPG.03,2026-10-05 21:15,1.02,,,,,,Critical,1.02
WL.LPN.01,2026-10-05 21:15,-0.88,0.94,,0.0,,,Normal,-0.73
WL.LPP.01,2026-10-05 21:15,-1.21,,,,,,Normal,-0.81
WL.LPP.02,2026-10-05 21:15,-0.57,,,,,,Normal,
WL.LPT.03,2026-10-05 21:15,0.95,,,,,,Critical,1.94
WL.LPW.01,2026-10-05 21:15,0.01,0.03,,0.0,,,Normal,0.08
WL.LPW.03,2026-10-05 21:15,0.65,,,,,,Alert,0.75
WL.LPW.04,2026-10-05 21:15,-0.26,,,,,,Normal,0.0
WL.LPW.05,2026-10-05 21:15,-0.37,,,,,,Normal,-0.29
WL.LSG.01,2026-10-05 21:15,-1.17,,,,,,Normal,-1.13
WL.LSM.01,2026-10-05 21:15,-0.62,,,,,,Normal,-0.61
WL.LYW.02,2026-10-05 21:15,-1.43,,,,,,Normal,-1.31
WL.MCM.01,2026-10-05 21:15,0.18,,,,,,Normal,0.22
WL.MFS.01,2026-10-05 21:15,-0.71,,,,,,Normal,-0.63
WL.MKT.01,2026-10-05 21:15,-0.23,,,,,,Normal,-0.17
WL.MSW.01,2026-10-05 21:15,1.68,,,,,,Normal,1.76
WL.MSW.02,2026-10-05 21:15,1.12,,,,,,Normal,1.18
WL.MSW.03,2026-10-05 21:15,1.67,,,,,,Normal,1.75
WL.MSW.04,2026-10-05 21:15,0.98,,,,,,Normal,
WL.MTG.01,2026-10-05 21:15,-0.65,,,,,,Normal,-0.34
WL.NBN.01,2026-10-05 21:15,-3.79,-1.35,,0.0,,,Normal,-3.74
WL.NCH.02,2026-10-05 21:15,0.06,,,,,,Normal,0.19
WL.NK1.01,2026-10-05 21:15,-1.18,,,,,,Normal,0.4
WL.NK3.01,2026-10-05 21:15,0.23,,,,,,Normal,0.82
WL.NKW.02,2026-10-05 21:15,-0.03,,,,,,Normal,0.04
WL.NSG.01,2026-10-05 21:15,-2.0,,,,,,Normal,-2.0
WL.OAG.01,2026-10-05 21:15,-0.63,,,,,,Normal,-0.54
WL.ORC.01,2026-10-05 21:15,-1.35,-0.5,,0.0,,,Normal,-0.99
WL.PKG.01,2026-10-05 21:15,1.56,,,,,,Normal,1.77
WL.PLK.01,2026-10-05 21:15,0.86,,,,,,Normal,1.26
WL.PLP.01,2026-10-05 21:15,-0.35,,,,,,Normal,-0.32
WL.PNM.01,2026-10-05 21:15,0.45,,,,,,Critical,0.48
WL.PSC.01,2026-10-05 21:15,0.24,0.27,,0.0,0.0,0.0,Normal,0.26
WL.PSC.02,2026-10-05 21:15,0.23,,,,,,Normal,0.24
WL.PSC.03,2026-10-05 21:15,0.24,,,,,,Normal,0.26
WL.PSC.05,2026-10-05 21:15,0.33,,,,,,Normal,0.36
WL.PSI.01,2026-10-05 21:15,-1.5,,,,,,Normal,-1.14
WL.PSR.01,2026-10-05 21:15,1.19,1.84,,0.25,,,Critical,1.24
WL.PSR.02,2026-10-05 21:15,1.22,,,,,,Critical,1.26
WL.PSR.04,2026-10-05 21:15,0.81,,,,,,Normal,0.84
WL.PSR.05,2026-10-05 21:15,0.83,,,,,,Critical,0.86
WL.PST.01,2026-10-05 21:15,-0.62,,,,,,Normal,-0.34
WL.PWT.01,2026-10-05 21:15,-0.44,,,,,,Normal,-0.36
WL.PWT.02,2026-10-05 21:15,0.07,,,,,,Normal,0.14
WL.PWT.03,2026-10-05 21:15,0.31,0.33,,5.8,5.9,,Critical,0.37
WL.PWT.04,2026-10-05 21:15,0.62,0.67,,3.72,,,Critical,0.65
WL.PWT.06,2026-10-05 21:15,1.0,,,,,,Critical,1.0
WL.PWT.07,2026-10-05 21:15,1.07,,,,,,Critical,1.1
WL.PYW.01,2026-10-05 21:15,-1.0,,,,,,Normal,-0.87
WL.RHN.01,2026-10-05 21:15,-0.79,-0.46,,0.0,,,Normal,-0.49
WL.RJK.01,2026-10-05 21:15,0.23,0.23,,7.5,,,Normal,0.31
WL.RMT.01,2026-10-05 21:15,-0.7,0.89,,0.0,0.0,,Normal,-0.43
WL.RMT.02,2026-10-05 21:15,-0.24,,,,,,Normal,-0.19
WL.RSK.01,2026-10-05 21:15,0.35,,,,,,Normal,0.37
WL.SBR.01,2026-10-05 21:15,0.69,1.12,,0.0,,,Normal,0.89
WL.SBR.02,2026-10-05 21:15,0.61,,,,,,Normal,0.65
WL.SBT.01,2026-10-05 21:15,-0.27,0.1,,0.0,,,Normal,-0.22
WL.SCO.01,2026-10-05 21:15,0.0,,,,,,Normal,0.27
WL.SKT.01,2026-10-05 21:15,-0.64,,,,,,Normal,-0.22
WL.SKT.02,2026-10-05 21:15,-0.94,,,,,,Normal,-0.58
WL.SMK.01,2026-10-05 21:15,-0.47,,,,,,Normal,-0.36
WL.SNC.01,2026-10-05 21:15,-0.06,1.0,,0.0,0.0,0.0,Alert,-0.06
WL.SNC.02,2026-10-05 21:15,0.2,,,,,,Normal,0.52
WL.SNC.03,2026-10-05 21:15,0.05,,,,,,Normal,0.06
WL.SNO.01,2026-10-05 21:15,-1.23,,,,,,Normal,-0.59
WL.SOL.01,2026-10-05 21:15,-0.67,,,,,,Normal,-0.13
WL.SRE.01,2026-10-05 21:15,-0.74,1.42,,0.0,0.0,,Normal,0.16
WL.SRG.01,2026-10-05 21:15,-0.52,1.19,,0.0,0.0,0.0,Normal,-0.5
WL.SSB.01,2026-10-05 21:15,-0.6,,,,,,Normal,-0.5
WL.SSB.03,2026-10-05 21:15,-0.36,,,,,,Normal,-0.29
WL.SSB.04,2026-10-05 21:15,-0.42,-0.43,,7.5,7.5,,Normal,-0.27
WL.SSB.06,2026-10-05 21:15,-0.24,,,,,,Normal,-0.03
WL.SSB.07,2026-10-05 21:15,0.16,,,,,,Normal,0.51
WL.SSB.08,2026-10-05 21:15,0.44,,,,,,Alert,0.49
WL.SSB.09,2026-10-05 21:15,0.61,1.1,,0.0,,,Critical,0.65
WL.SSB.10,2026-10-05 21:15,0.72,1.19,,0.0,,,Critical,0.75
WL.SSB.11,2026-10-05 21:15,1.0,,,,,,Alert,1.0
WL.SSB.12,2026-10-05 21:15,1.19,1.5,,0.0,,,Critical,1.22
WL.SSG.01,2026-10-05 21:15,1.51,,,,,,Alert,1.53
WL.SSM.01,2026-10-05 21:15,1.29,-99,,0.0,,,Critical,1.32
WL.SSN.01,2026-10-05 21:15,-1.02,1.79,,7.0,0.0,0.0,Normal,-0.71
WL.SSN.02,2026-10-05 21:15,-0.91,,,,,,Normal,-0.8
WL.SSN.04,2026-10-05 21:15,-1.12,,,,,,Normal,-0.87
WL.SSN.06,2026-10-05 21:15,-1.77,,,,,,Normal,-1.46
WL.SSN.07,2026-10-05 21:15,-0.85,,,,,,Normal,-0.67
WL.SSN.08,2026-10-05 21:15,-0.44,-0.42,,0.0,,,Normal,-0.36
WL.SSN.09,2026-10-05 21:15,-0.43,,,,,,Normal,-0.35
WL.SSN.10,2026-10-05 21:15,-0.41,,,,,,Normal,-0.31
WL.SST.01,2026-10-05 21:15,1.06,1.83,,0.19,,,Critical,1.1
WL.STN.02,2026-10-05 21:15,0.67,,,,,,Critical,0.71
WL.STN.03,2026-10-05 21:15,0.74,,,,,,Critical,0.78
WL.STR.01,2026-10-05 21:15,-1.0,0.25,1.39,0.0,0.0,0.0,Normal,-0.87
WL.SWA.01,2026-10-05 21:15,0.85,1.32,,0.43,,,Critical,0.87
WL.SWU.01,2026-10-05 21:15,-1.52,,,,,,Normal,-0.88
WL.TCG.01,2026-10-05 21:15,-0.89,,,,,,Normal,-0.8
WL.TPK.02,2026-10-05 21:15,0.48,,,,,,Critical,0.53
WL.TPK.03,2026-10-05 21:15,0.55,,,,,,Critical,0.61
WL.TSK.01,2026-10-05 21:15,-1.75,,,,,,Normal,-1.47
WL.TUT.02,2026-10-05 21:15,-0.98,,,,,,Normal,0.53
WL.TWW.01,2026-10-05 21:15,0.74,1.04,,0.99,,,Normal,0.78
WL.TWW.02,2026-10-05 21:15,0.7,,,,,,Normal,0.74
WL.TWW.03,2026-10-05 21:15,0.67,,,,,,Alert,0.71
WL.TWW.04,2026-10-05 21:15,0.65,,,,,,Normal,0.69
WL.TWW.05,2026-10-05 21:15,0.36,,,,,,Normal,0.38
WL.VPD.01,2026-10-05 21:15,-1.02,,,,,,Normal,-0.76
WL.VPD.02,2026-10-05 21:15,-1.0,,,,,,Normal,-0.72
WL.VPD.03,2026-10-05 21:15,-1.29,,,,,,Normal,-1.26
WL.VPV.01,2026-10-05 21:15,-1.83,,,0.0,,,Normal,-1.34
WL.WHK.01,2026-10-05 21:15,0.93,,,,,,Alert,0.94
WL.WKT.01,2026-10-05 21:15,0.09,,,,,,Normal,0.38
WL.WLS.01,2026-10-05 21:15,0.88,,,,,,Alert,0.96
WL.WSI.01,2026-10-05 21:15,-0.95,1.28,,0.0,0.0,0.0,Normal,-0.66
WL.WSV.01,2026-10-05 21:15,0.02,,,,,,Normal,0.08
WL.WTK.01,2026-10-05 21:15,-0.85,,,,,,Normal,-0.84
WL.WTN.02,2026-10-05 21:15,-1.05,,,,,,Normal,-1.05
WL.YPE.01,2026-10-05 21:15,0.26,,,,,,Normal,0.28
WL.YPN.01,2026-10-05 21:15,-0.7,,,,,,Normal,-0.57
WL.YPN.02,2026-10-05 21:15,-0.76,,,,,,Normal,-0.65
WL.YSN.02,2026-10-05 21:15,-0.87,,,,,,Normal,-0.7
WL.HKG.02,2026-10-05 21:20,-0.49,,,,,,Normal,-0.41
WL.SDN.01,2026-10-05 21:20,0.23,,,,,,Normal,0.23
WL.ANG.01,2026-10-05 21:25,1.16,,,,,,Normal,
WL.BBU.02,2026-10-05 21:25,0.86,,,,,,Alert,
WL.BKH.01,2026-10-05 21:25,0.48,,,,,,Normal,
WL.BKK.01,2026-10-05 21:25,0.44,,,,,,Normal,
WL.BMD.01,2026-10-05 21:25,0.38,,,,,,Normal,
WL.BNJ.05,2026-10-05 21:25,-1.9,,,,,,Normal,
WL.BSE.01,2026-10-05 21:25,-1.44,,,,,,Normal,
WL.BTL.02,2026-10-05 21:25,0.28,,,,,,Normal,
WL.CLH.01,2026-10-05 21:25,-0.35,,,,,,Normal,
WL.CYI.02,2026-10-05 21:25,-0.36,,,,,,Normal,-0.27
WL.JRN.01,2026-10-05 21:25,0.22,1.25,,0.0,,,Normal,0.22
WL.K08.01,2026-10-05 21:25,1.72,,,,,,Alert,
WL.K10.01,2026-10-05 21:25,1.6,,,,,,Alert,
WL.K11.01,2026-10-05 21:25,1.57,,,,,,Alert,
WL.KBP.01,2026-10-05 21:25,-0.98,,,,,,Normal,
WL.KHW.01,2026-10-05 21:25,1.74,,,,,,Normal,
WL.KKO.02,2026-10-05 21:25,1.56,,,,,,Alert,
WL.KPM.04,2026-10-05 21:25,0.86,,,,,,Normal,0.93
WL.KPM.07,2026-10-05 21:25,0.72,,,,,,Alert,
WL.LPP.02,2026-10-05 21:25,-0.56,,,,,,Normal,
WL.LPS.01,2026-10-05 21:25,1.08,,,,,,Normal,
WL.LPT.05,2026-10-05 21:25,1.44,,,,,,Normal,
WL.MKT.02,2026-10-05 21:25,-1.07,,,,,,Normal,
WL.MSW.04,2026-10-05 21:25,0.98,,,,,,Normal,
WL.NK3.02,2026-10-05 21:25,-0.54,,,,,,Normal,
WL.NKW.02,2026-10-05 21:25,-0.04,,,,,,Normal,0.04
WL.POC.01,2026-10-05 21:25,1.46,,,,,,Normal,
WL.PSC.06,2026-10-05 21:25,0.41,,,,,,Normal,
WL.RMN.01,2026-10-05 21:25,0.43,,,,,,Normal,
WL.RPS.01,2026-10-05 21:25,2.12,,,,,,Alert,
WL.SSB.13,2026-10-05 21:25,1.84,,,,,,Critical,
WL.SSG.02,2026-10-05 21:25,1.49,,,,,,Normal,
WL.SSM.02,2026-10-05 21:25,1.5,,,,,,Normal,
WL.STN.01,2026-10-05 21:25,0.54,,,,,,Alert,0.58
WL.SWA.02,2026-10-05 21:25,1.47,,,,,,Normal,
WL.TWW.05,2026-10-05 21:25,0.36,,,,,,Normal,0.38
WL.YPN.02,2026-10-05 21:25,-0.74,,,,,,Normal,-0.65
WL.AJP.01,2026-10-05 21:30,-0.96,,,,,,Normal,-0.43
WL.ANX.01,2026-10-05 21:30,-0.22,,,,,,Normal,0.2
WL.BAM.01,2026-10-05 21:30,0.41,,,,,,Normal,0.52
WL.BBN.02,2026-10-05 21:30,0.05,,,,,,Normal,0.08
WL.BBN.03,2026-10-05 21:30,0.29,,,,,,Normal,0.32
WL.BBR.01,2026-10-05 21:30,-0.07,,,,,,Normal,0.21
WL.BBR.02,2026-10-05 21:30,-0.09,,,,,,Normal,0.18
WL.BBU.01,2026-10-05 21:30,0.89,,,,,,Alert,1.01
WL.BCN.01,2026-10-05 21:30,0.43,,,,,,Normal,0.46
WL.BCN.02,2026-10-05 21:30,0.4,,,,,,Normal,0.42
WL.BCN.03,2026-10-05 21:30,0.48,,,,,,Normal,0.54
WL.BJK.01,2026-10-05 21:30,-1.41,1.1,,0.0,0.0,,Normal,-0.94
WL.BJK.02,2026-10-05 21:30,0.37,,,,,,Normal,0.39
WL.BJK.03,2026-10-05 21:30,0.33,,,,,,Normal,0.35
WL.BJK.04,2026-10-05 21:30,0.39,,,,,,Normal,0.45
WL.BKA.01,2026-10-05 21:30,-1.14,1.94,,1.73,1.75,0.0,Normal,-0.85
WL.BKA.02,2026-10-05 21:30,-0.54,,,,,,Normal,-0.54
WL.BKA.03,2026-10-05 21:30,-0.01,,,,,,Normal,0.0
WL.BKA.04,2026-10-05 21:30,0.5,,,,,,Normal,0.59
WL.BKB.01,2026-10-05 21:30,-0.28,,,,,,Normal,-0.27
WL.BKG.01,2026-10-05 21:30,0.69,-2.0,,0.0,,,Critical,0.73
WL.BKT.01,2026-10-05 21:30,-0.37,,,,,,Normal,-0.07
WL.BKY.01,2026-10-05 21:30,0.21,1.61,,0.0,5.57,0.0,Normal,0.27
WL.BKY.02,2026-10-05 21:30,0.33,,,,,,Normal,0.37
WL.BLP.02,2026-10-05 21:30,-0.58,,,,,,Normal,-0.5
WL.BLY.01,2026-10-05 21:30,-0.43,,,,,,Normal,-0.15
WL.BLY.02,2026-10-05 21:30,-0.51,,,,,,Normal,-0.21
WL.BMA.02,2026-10-05 21:30,0.06,,,,,,Normal,0.57
WL.BMK.01,2026-10-05 21:30,-1.59,,,,,,Normal,-1.07
WL.BNA.01,2026-10-05 21:30,-1.36,1.03,,0.0,0.0,,Normal,-1.19
WL.BNA.02,2026-10-05 21:30,-1.19,,,,,,Normal,-1.08
WL.BNA.03,2026-10-05 21:30,-0.62,,,,,,Normal,-0.6
WL.BNA.04,2026-10-05 21:30,-0.51,,,,,,Normal,-0.49
WL.BNJ.02,2026-10-05 21:30,-2.03,,,,,,Normal,-0.92
WL.BNJ.04,2026-10-05 21:30,-1.15,,,,,,Normal,-0.63
WL.BNS.01,2026-10-05 21:30,0.47,,,,,,Normal,0.49
WL.BOA.01,2026-10-05 21:30,-1.38,1.16,,0.0,0.0,,Normal,-0.88
WL.BOA.02,2026-10-05 21:30,-1.23,,,,,,Normal,-0.88
WL.BOA.03,2026-10-05 21:30,-1.43,,,,,,Normal,-0.94
WL.BON.01,2026-10-05 21:30,-1.31,,,,,,Normal,-0.88
WL.BPA.01,2026-10-05 21:30,-0.5,,,,,,Normal,-0.37
WL.BPK.01,2026-10-05 21:30,0.09,,,,,,Normal,0.1
WL.BPM.01,2026-10-05 21:30,0.25,,,,,,Normal,0.31
WL.BPM.02,2026-10-05 21:30,0.36,,,,,,Normal,0.39
WL.BPM.03,2026-10-05 21:30,0.55,,,,,,Normal,0.58
WL.BPM.04,2026-10-05 21:30,0.55,,,,,,Normal,0.59
WL.BPN.02,2026-10-05 21:30,0.1,,,,,,Normal,0.13
WL.BPU.01,2026-10-05 21:30,0.73,,,,,,Normal,1.3
WL.BSK.01,2026-10-05 21:30,0.0,1.36,,0.0,0.0,,Normal,0.33
WL.BSU.01,2026-10-05 21:30,-0.75,1.9,,0.0,0.0,0.0,Normal,-0.75
WL.BSU.02,2026-10-05 21:30,-0.63,,,,,,Normal,-0.63
WL.BSU.03,2026-10-05 21:30,-1.14,,,,,,Normal,-0.93
WL.BSU.04,2026-10-05 21:30,-1.09,,,,,,Normal,-0.92
WL.BSU.05,2026-10-05 21:30,-0.93,,,,,,Normal,-0.81
WL.BSU.06,2026-10-05 21:30,0.0,,,,,,Normal,0.0
WL.BSU.07,2026-10-05 21:30,-0.21,,,,,,Normal,-0.12
WL.BTL.01,2026-10-05 21:30,-0.54,,,,,,Normal,-0.38
WL.BTY.01,2026-10-05 21:30,0.38,,,,,,Normal,0.54
WL.BWK.01,2026-10-05 21:30,0.27,,,,,,Normal,0.3
WL.BWK.02,2026-10-05 21:30,0.5,,,,,,Normal,0.52
WL.BYI.01,2026-10-05 21:30,1.0,,,,,,Critical,1.0
WL.BYK.02,2026-10-05 21:30,0.21,,,,,,Normal,0.53
WL.CKS.01,2026-10-05 21:30,-1.23,,,0.0,0.0,,Normal,-0.73
WL.CKS.02,2026-10-05 21:30,-0.83,,,,,,Normal,-0.43
WL.CKS.03,2026-10-05 21:30,-1.02,,,,,,Normal,-0.63
WL.CNS.01,2026-10-05 21:30,-2.11,1.14,,0.0,0.0,,Normal,-1.32
WL.CPA.01,2026-10-05 21:30,0.26,1.69,,0.0,4.78,,Normal,0.35
WL.CPA.02,2026-10-05 21:30,0.24,,,,,,Normal,0.26
WL.CYI.01,2026-10-05 21:30,-0.38,,,,,,Normal,-0.29
WL.DKN.01,2026-10-05 21:30,0.18,1.31,,7.19,0.0,6.92,Normal,0.21
WL.FTM.01,2026-10-05 21:30,-1.01,,,,,,Normal,-0.9
WL.HKG.01,2026-10-05 21:30,-0.54,,,,,,Normal,-0.51
WL.HMK.01,2026-10-05 21:30,-0.03,,,,,,Alert,0.1
WL.HMK.02,2026-10-05 21:30,-0.22,,,,,,Normal,0.0
WL.HMK.03,2026-10-05 21:30,0.03,,,,,,Normal,0.1
WL.KBU.01,2026-10-05 21:30,0.32,1.6,,0.0,,,Normal,0.5
WL.KBU.02,2026-10-05 21:30,0.38,,,,,,Normal,0.46
WL.KCD.01,2026-10-05 21:30,-0.69,,,,,,Normal,-0.48
WL.KDN.01,2026-10-05 21:30,-0.55,1.16,,0.0,,,Normal,-0.55
WL.KJA.02,2026-10-05 21:30,-0.22,,,,,,Normal,-0.12
WL.KJG.01,2026-10-05 21:30,0.09,,,,,,Critical,0.28
WL.KJK.01,2026-10-05 21:30,-1.28,1.11,,0.0,0.0,,Normal,-1.03
WL.KJK.02,2026-10-05 21:30,-1.22,,,,,,Normal,-0.72
WL.KJN.02,2026-10-05 21:30,0.25,,,,,,Normal,0.38
WL.KJT.01,2026-10-05 21:30,-1.03,,,,,,Normal,-0.9
WL.KJU.01,2026-10-05 21:30,-0.54,,,,,,Normal,-0.37
WL.KKD.01,2026-10-05 21:30,-0.43,,,,,,Normal,-0.3
WL.KKD.02,2026-10-05 21:30,-0.54,,,,,,Normal,-0.38
WL.KKO.01,2026-10-05 21:30,1.61,,,,,,Alert,1.63
WL.KKS.01,2026-10-05 21:30,-0.57,1.7,,0.0,0.0,,Normal,-0.49
WL.KKS.02,2026-10-05 21:30,-0.54,,,,,,Normal,-0.46
WL.KKS.03,2026-10-05 21:30,-0.67,,,,,,Normal,-0.56
WL.KKS.04,2026-10-05 21:30,-0.65,1.46,,0.0,,,Normal,-0.52
WL.KKY.01,2026-10-05 21:30,0.65,,,,,,Normal,0.69
WL.KKY.02,2026-10-05 21:30,0.63,,,,,,Normal,0.67
WL.KLA.01,2026-10-05 21:30,-0.17,,,,,,Alert,-0.04
WL.KLD.01,2026-10-05 21:30,-0.38,,,,,,Normal,-0.12
WL.KLD.02,2026-10-05 21:30,-0.34,,,,,,Normal,-0.04
WL.KLT.01,2026-10-05 21:30,-0.51,,,,,,Normal,-0.44
WL.KMN.01,2026-10-05 21:30,0.22,1.59,,0.29,0.0,0.0,Normal,0.35
WL.KNB.02,2026-10-05 21:30,-0.34,,,,,,Normal,-0.31
WL.KPG.01,2026-10-05 21:30,-1.28,,,,,,Normal,-1.01
WL.KPM.01,2026-10-05 21:30,-0.05,,,,,,Normal,-0.02
WL.KPM.03,2026-10-05 21:30,0.29,,,,,,Critical,0.34
WL.KPM.05,2026-10-05 21:30,0.97,,,,,,Normal,1.03
WL.KPM.06,2026-10-05 21:30,0.93,,,,,,Normal,1.0
WL.KPM.08,2026-10-05 21:30,0.94,,,,,,Normal,1.04
WL.KSG.01,2026-10-05 21:30,0.97,,,,,,Alert,1.01
WL.KSI.01,2026-10-05 21:30,0.86,,,,,,Alert,0.91
WL.KSI.02,2026-10-05 21:30,0.88,,,,,,Critical,0.92
WL.KSM.01,2026-10-05 21:30,0.89,,,,,,Critical,0.93
WL.KSM.02,2026-10-05 21:30,0.86,,,,,,Critical,0.9
WL.KSO.01,2026-10-05 21:30,0.72,,,,,,Normal,0.76
WL.KSO.02,2026-10-05 21:30,0.74,,,,,,Normal,0.79
WL.KTY.01,2026-10-05 21:30,-2.23,1.1,,0.0,,,Normal,-1.36
WL.LBK.02,2026-10-05 21:30,0.6,,,,,,Critical,0.65
WL.LBK.03,2026-10-05 21:30,0.53,,,,,,Critical,0.59
WL.LCL.01,2026-10-05 21:30,0.76,,,,,,Normal,0.79
WL.LKB.01,2026-10-05 21:30,0.78,,,,,,Critical,0.83
WL.LOA.02,2026-10-05 21:30,1.03,,,,,,Normal,1.07
WL.LPC.01,2026-10-05 21:30,1.13,,,,,,Critical,1.15
WL.LPG.02,2026-10-05 21:30,1.08,1.73,,0.0,,,Critical,1.08
WL.LPG.03,2026-10-05 21:30,1.02,,,,,,Critical,1.02
WL.LPN.01,2026-10-05 21:30,-0.88,0.93,,0.0,,,Normal,-0.73
WL.LPP.01,2026-10-05 21:30,-1.21,,,,,,Normal,-0.81
WL.LPT.03,2026-10-05 21:30,0.95,,,,,,Critical,1.94
WL.LPW.01,2026-10-05 21:30,0.01,0.01,,0.0,,,Normal,0.08
WL.LPW.03,2026-10-05 21:30,0.64,,,,,,Alert,0.75
WL.LPW.04,2026-10-05 21:30,-0.27,,,,,,Normal,0.0
WL.LPW.05,2026-10-05 21:30,-0.38,,,,,,Normal,-0.29
WL.LSG.01,2026-10-05 21:30,-1.17,,,,,,Normal,-1.13
WL.LSM.01,2026-10-05 21:30,-0.62,,,,,,Normal,-0.61
WL.LYW.02,2026-10-05 21:30,-1.43,,,,,,Normal,-1.31
WL.MCM.01,2026-10-05 21:30,0.18,,,,,,Normal,0.22
WL.MFS.01,2026-10-05 21:30,-0.71,,,,,,Normal,-0.63
WL.MKT.01,2026-10-05 21:30,-0.23,,,,,,Normal,-0.17
WL.MSW.01,2026-10-05 21:30,1.67,,,,,,Normal,1.76
WL.MSW.02,2026-10-05 21:30,1.13,,,,,,Normal,1.48
WL.MSW.03,2026-10-05 21:30,1.67,,,,,,Normal,1.75
WL.MTG.01,2026-10-05 21:30,-0.65,,,,,,Normal,-0.34
WL.NBN.01,2026-10-05 21:30,-3.79,-1.33,,0.0,,,Normal,-3.74
WL.NCH.02,2026-10-05 21:30,-0.48,,,,,,Normal,0.19
WL.NK1.01,2026-10-05 21:30,-1.03,,,,,,Normal,0.4
WL.NK3.01,2026-10-05 21:30,0.24,,,,,,Normal,0.82
WL.NSG.01,2026-10-05 21:30,-2.0,,,,,,Normal,-2.0
WL.OAG.01,2026-10-05 21:30,-0.62,,,,,,Normal,-0.54
WL.ORC.01,2026-10-05 21:30,-1.35,-0.5,,0.0,,,Normal,-0.99
WL.PKG.01,2026-10-05 21:30,1.54,,,,,,Normal,1.77
WL.PKN.01,2026-10-05 21:30,-0.83,1.23,,0.0,0.0,0.0,Normal,-0.68
WL.PLK.01,2026-10-05 21:30,0.83,,,,,,Normal,1.26
WL.PLP.01,2026-10-05 21:30,-0.36,,,,,,Normal,-0.32
WL.PNM.01,2026-10-05 21:30,0.45,,,,,,Critical,0.48
WL.PSC.01,2026-10-05 21:30,0.24,0.27,,0.0,0.0,0.0,Normal,0.26
WL.PSC.02,2026-10-05 21:30,0.22,,,,,,Normal,0.24
WL.PSC.03,2026-10-05 21:30,0.24,,,,,,Normal,0.26
WL.PSC.05,2026-10-05 21:30,0.33,,,,,,Normal,0.36
WL.PSI.01,2026-10-05 21:30,-1.47,,,,,,Normal,-1.14
WL.PSR.01,2026-10-05 21:30,1.19,1.83,,0.25,,,Critical,1.24
WL.PSR.02,2026-10-05 21:30,1.22,,,,,,Critical,1.26
WL.PSR.04,2026-10-05 21:30,0.81,,,,,,Normal,0.84
WL.PSR.05,2026-10-05 21:30,0.83,,,,,,Critical,0.86
WL.PST.01,2026-10-05 21:30,-0.61,,,,,,Normal,-0.34
WL.PWT.01,2026-10-05 21:30,-0.43,,,,,,Normal,-0.36
WL.PWT.02,2026-10-05 21:30,0.07,,,,,,Normal,0.14
WL.PWT.03,2026-10-05 21:30,0.31,0.33,,5.8,5.9,,Critical,0.37
WL.PWT.04,2026-10-05 21:30,0.62,0.67,,3.72,,,Critical,0.65
WL.PWT.06,2026-10-05 21:30,1.0,,,,,,Critical,1.0
WL.PWT.07,2026-10-05 21:30,1.07,,,,,,Critical,1.1
WL.PYW.01,2026-10-05 21:30,-1.07,,,,,,Normal,-0.87
WL.RHN.01,2026-10-05 21:30,-0.75,-0.47,,0.0,,,Normal,-0.49
WL.RJK.01,2026-10-05 21:30,0.23,0.23,,7.5,,,Normal,0.31
WL.RMT.01,2026-10-05 21:30,-0.7,0.88,,0.0,0.0,,Normal,-0.43
WL.RMT.02,2026-10-05 21:30,-0.24,,,,,,Normal,-0.19
WL.RSK.01,2026-10-05 21:30,0.35,,,,,,Normal,0.37
WL.SBR.01,2026-10-05 21:30,0.69,1.12,,0.0,,,Normal,0.89
WL.SBR.02,2026-10-05 21:30,0.61,,,,,,Normal,0.65
WL.SBT.01,2026-10-05 21:30,-0.27,0.1,,0.0,,,Normal,-0.22
WL.SCO.01,2026-10-05 21:30,0.01,,,,,,Normal,0.27
WL.SKT.01,2026-10-05 21:30,-0.65,,,,,,Normal,-0.22
WL.SKT.02,2026-10-05 21:30,-0.96,,,,,,Normal,-0.58
WL.SMK.01,2026-10-05 21:30,-0.47,,,,,,Normal,-0.36
WL.SNC.01,2026-10-05 21:30,-0.06,0.99,,0.0,0.0,0.0,Normal,-0.06
WL.SNC.02,2026-10-05 21:30,0.2,,,,,,Normal,0.52
WL.SNC.03,2026-10-05 21:30,0.05,,,,,,Normal,0.06
WL.SNO.01,2026-10-05 21:30,-1.35,,,,,,Normal,-0.59
WL.SOL.01,2026-10-05 21:30,-0.65,,,,,,Normal,-0.13
WL.SRE.01,2026-10-05 21:30,-0.72,1.4,,0.0,0.0,,Normal,0.16
WL.SRG.01,2026-10-05 21:30,-0.54,1.18,,0.0,0.0,0.0,Normal,-0.5
WL.SSB.01,2026-10-05 21:30,-0.6,,,,,,Normal,-0.5
WL.SSB.03,2026-10-05 21:30,-0.36,,,,,,Normal,-0.29
WL.SSB.04,2026-10-05 21:30,-0.43,-0.44,,7.5,7.5,,Normal,-0.27
WL.SSB.06,2026-10-05 21:30,-0.24,,,,,,Normal,-0.03
WL.SSB.07,2026-10-05 21:30,0.15,,,,,,Normal,0.51
WL.SSB.08,2026-10-05 21:30,0.43,,,,,,Alert,0.49
WL.SSB.09,2026-10-05 21:30,0.61,1.1,,0.0,,,Critical,0.65
WL.SSB.10,2026-10-05 21:30,0.72,1.19,,0.0,,,Critical,0.75
WL.SSB.11,2026-10-05 21:30,1.0,,,,,,Alert,1.0
WL.SSB.12,2026-10-05 21:30,1.19,1.5,,0.0,,,Critical,1.22
WL.SSG.01,2026-10-05 21:30,1.51,,,,,,Alert,1.53
WL.SSM.01,2026-10-05 21:30,1.29,-99,,0.0,,,Critical,1.32
WL.SSN.01,2026-10-05 21:30,-1.02,1.77,,7.0,0.0,0.0,Normal,-0.71
WL.SSN.02,2026-10-05 21:30,-0.9,,,,,,Normal,-0.8
WL.SSN.04,2026-10-05 21:30,-1.11,,,,,,Normal,-0.87
WL.SSN.06,2026-10-05 21:30,-1.77,,,,,,Normal,-1.46
WL.SSN.07,2026-10-05 21:30,-0.85,,,,,,Normal,-0.67
WL.SSN.08,2026-10-05 21:30,-0.45,-0.43,,0.0,,,Normal,-0.36
WL.SSN.09,2026-10-05 21:30,-0.44,,,,,,Normal,-0.35
WL.SSN.10,2026-10-05 21:30,-0.41,,,,,,Normal,-0.31
WL.SST.01,2026-10-05 21:30,1.06,1.83,,0.18,,,Critical,1.1
WL.STN.02,2026-10-05 21:30,0.67,,,,,,Critical,0.71
WL.STN.03,2026-10-05 21:30,0.74,,,,,,Critical,0.78
WL.STR.01,2026-10-05 21:30,-1.0,0.22,1.37,0.0,0.0,0.0,Normal,-0.87
WL.SWA.01,2026-10-05 21:30,0.85,1.32,,0.43,,,Critical,0.87
WL.SWU.01,2026-10-05 21:30,-1.6,,,,,,Normal,-0.88
WL.TCG.01,2026-10-05 21:30,-0.88,,,,,,Normal,-0.8
WL.TPK.02,2026-10-05 21:30,0.48,,,,,,Critical,0.53
WL.TPK.03,2026-10-05 21:30,0.55,,,,,,Critical,0.61
WL.TSK.01,2026-10-05 21:30,-1.74,,,,,,Normal,-1.47
WL.TUT.02,2026-10-05 21:30,-0.91,,,,,,Normal,0.53
WL.TWW.01,2026-10-05 21:30,0.74,1.04,,0.99,,,Normal,0.78
WL.TWW.02,2026-10-05 21:30,0.7,,,,,,Normal,0.74
WL.TWW.03,2026-10-05 21:30,0.67,,,,,,Alert,0.71
WL.TWW.04,2026-10-05 21:30,0.65,,,,,,Normal,0.69
WL.VPD.01,2026-10-05 21:30,-1.02,,,,,,Normal,-0.76
WL.VPD.02,2026-10-05 21:30,-0.99,,,,,,Normal,-0.72
WL.VPD.03,2026-10-05 21:30,-1.29,,,,,,Normal,-1.26
WL.VPV.01,2026-10-05 21:30,-1.53,,,0.0,,,Normal,-1.34
WL.WHK.01,2026-10-05 21:30,0.92,,,,,,Alert,0.94
WL.WKT.01,2026-10-05 21:30,0.12,,,,,,Normal,0.38
WL.WLS.01,2026-10-05 21:30,0.87,,,,,,Alert,0.96
WL.WSI.01,2026-10-05 21:30,-0.89,1.26,,0.0,0.0,0.0,Normal,-0.66
WL.WSV.01,2026-10-05 21:30,0.02,,,,,,Normal,0.08
WL.WTK.01,2026-10-05 21:30,-0.87,,,,,,Normal,-0.84
WL.WTN.02,2026-10-05 21:30,-1.05,,,,,,Normal,-1.05
WL.YPE.01,2026-10-05 21:30,0.26,,,,,,Normal,0.28
WL.YPN.01,2026-10-05 21:30,-0.68,,,,,,Normal,-0.57
WL.YSN.02,2026-10-05 21:30,-0.84,,,,,,Normal,-0.7
WL.KKD.04,2026-10-05 21:35,-0.49,,,,,,Normal,-0.34
WL.KPM.04,2026-10-05 21:35,0.86,,,,,,Normal,0.93
WL.WTK.01,2026-10-05 21:35,-0.88,,,,,,out of order,-0.84
WL.KKD.04,2026-10-05 21:45,-0.49,,,,,,Normal,-0.34
WL.HKG.02,2026-10-05 21:50,-0.49,,,,,,temporarily out of order,-0.41
WL.KJA.01,2026-10-05 21:50,-0.28,,,,,,out of order,-0.28
WL.SDN.01,2026-10-05 22:05,0.23,,,,,,temporarily out of order,0.23
WL.TWW.03,2026-10-05 22:05,0.67,,,,,,temporarily out of order,0.71
WL.ANG.01,2026-10-05 22:10,1.16,,,,,,Normal,
WL.BBU.02,2026-10-05 22:10,0.84,,,,,,Alert,
WL.BKH.01,2026-10-05 22:10,0.47,,,,,,Normal,
WL.BMD.01,2026-10-05 22:10,0.38,,,,,,Normal,
WL.BNJ.05,2026-10-05 22:10,-2.16,,,,,,Normal,
WL.BTL.02,2026-10-05 22:10,0.27,,,,,,Normal,
WL.CYI.02,2026-10-05 22:10,-0.37,,,,,,Normal,-0.27
WL.K08.01,2026-10-05 22:10,1.54,,,,,,Alert,
WL.K10.01,2026-10-05 22:10,1.6,,,,,,Alert,
WL.K11.01,2026-10-05 22:10,1.57,,,,,,Alert,
WL.KBP.01,2026-10-05 22:10,-0.79,,,,,,Normal,
WL.KHW.01,2026-10-05 22:10,1.74,,,,,,Normal,
WL.KKO.02,2026-10-05 22:10,1.57,,,,,,Alert,
WL.KKY.02,2026-10-05 22:10,0.63,,,,,,Normal,0.67
WL.KPM.07,2026-10-05 22:10,0.68,,,,,,Alert,
WL.LPN.01,2026-10-05 22:10,-0.89,0.89,,0.0,,,Normal,-0.73
WL.LPS.01,2026-10-05 22:10,1.07,,,,,,Normal,
WL.LPT.05,2026-10-05 22:10,1.67,,,,,,Normal,
WL.LPW.04,2026-10-05 22:10,-0.28,,,,,,Normal,0.0
WL.LSG.01,2026-10-05 22:10,-1.17,,,,,,Normal,-1.13
WL.MKT.02,2026-10-05 22:10,-1.04,,,,,,Normal,
WL.NK3.02,2026-10-05 22:10,-0.44,,,,,,Normal,
WL.POC.01,2026-10-05 22:10,1.46,,,,,,Normal,
WL.PSC.06,2026-10-05 22:10,0.41,,,,,,Normal,
WL.RPS.01,2026-10-05 22:10,2.14,,,,,,Alert,
WL.SRE.01,2026-10-05 22:10,-0.66,1.36,,0.0,0.0,,Normal,0.16
WL.STN.01,2026-10-05 22:10,0.54,,,,,,Alert,0.58
WL.SWA.02,2026-10-05 22:10,1.47,,,,,,Normal,
WL.AJP.01,2026-10-05 22:15,-0.96,,,,,,Normal,-0.43
WL.ANX.01,2026-10-05 22:15,0.01,,,,,,Normal,0.2
WL.BAM.01,2026-10-05 22:15,0.34,,,,,,Normal,0.52
WL.BBN.02,2026-10-05 22:15,0.05,,,,,,Normal,0.08
WL.BBN.03,2026-10-05 22:15,0.29,,,,,,Normal,0.32
WL.BBR.01,2026-10-05 22:15,-0.07,,,,,,Normal,0.21
WL.BBR.02,2026-10-05 22:15,-0.09,,,,,,Normal,0.18
WL.BBU.01,2026-10-05 22:15,0.88,,,,,,Alert,1.01
WL.BCN.01,2026-10-05 22:15,0.43,,,,,,Normal,0.46
WL.BCN.02,2026-10-05 22:15,0.4,,,,,,Normal,0.42
WL.BCN.03,2026-10-05 22:15,0.48,,,,,,Normal,0.54
WL.BJK.01,2026-10-05 22:15,-1.26,1.04,,0.0,0.0,,Normal,-0.94
WL.BJK.02,2026-10-05 22:15,0.37,,,,,,Normal,0.39
WL.BJK.03,2026-10-05 22:15,0.33,,,,,,Normal,0.35
WL.BJK.04,2026-10-05 22:15,0.39,,,,,,Normal,0.45
WL.BKA.01,2026-10-05 22:15,-1.12,1.91,,1.73,1.74,0.0,Normal,-0.85
WL.BKA.02,2026-10-05 22:15,-0.52,,,,,,Normal,-0.52
WL.BKA.03,2026-10-05 22:15,-0.02,,,,,,Normal,0.0
WL.BKA.04,2026-10-05 22:15,0.48,,,,,,Normal,0.59
WL.BKB.01,2026-10-05 22:15,-0.28,,,,,,Normal,-0.27
WL.BKG.01,2026-10-05 22:15,0.69,-2.0,,0.0,,,Critical,0.73
WL.BKK.01,2026-10-05 22:15,0.43,,,,,,Normal,
WL.BKT.01,2026-10-05 22:15,-0.36,,,,,,Normal,-0.07
WL.BKY.01,2026-10-05 22:15,0.19,1.57,,0.0,5.57,0.0,Normal,0.27
WL.BKY.02,2026-10-05 22:15,0.33,,,,,,Normal,0.37
WL.BLP.02,2026-10-05 22:15,-0.59,,,,,,Normal,-0.5
WL.BLY.01,2026-10-05 22:15,-0.43,,,,,,Normal,-0.15
WL.BLY.02,2026-10-05 22:15,-0.51,,,,,,Normal,-0.21
WL.BMA.02,2026-10-05 22:15,0.06,,,,,,Normal,0.57
WL.BMK.01,2026-10-05 22:15,-1.53,,,,,,Normal,-1.07
WL.BNA.01,2026-10-05 22:15,-1.33,0.99,,0.0,0.0,,Normal,-1.19
WL.BNA.02,2026-10-05 22:15,-1.17,,,,,,Normal,-1.08
WL.BNA.03,2026-10-05 22:15,-0.62,,,,,,Normal,-0.6
WL.BNA.04,2026-10-05 22:15,-0.5,,,,,,Normal,-0.49
WL.BNJ.02,2026-10-05 22:15,-2.36,,,,,,Normal,-0.92
WL.BNJ.04,2026-10-05 22:15,-1.14,,,,,,Normal,-0.63
WL.BNS.01,2026-10-05 22:15,0.47,,,,,,Normal,0.49
WL.BOA.01,2026-10-05 22:15,-1.33,1.11,,0.0,0.0,,Normal,-0.88
WL.BOA.02,2026-10-05 22:15,-1.18,,,,,,Normal,-0.88
WL.BOA.03,2026-10-05 22:15,-1.38,,,,,,Normal,-0.94
WL.BON.01,2026-10-05 22:15,-1.25,,,,,,Normal,-0.88
WL.BPA.01,2026-10-05 22:15,-0.5,,,,,,Normal,-0.37
WL.BPK.01,2026-10-05 22:15,0.09,,,,,,Normal,0.1
WL.BPM.01,2026-10-05 22:15,0.25,,,,,,Normal,0.31
WL.BPM.02,2026-10-05 22:15,0.36,,,,,,Normal,0.39
WL.BPM.03,2026-10-05 22:15,0.55,,,,,,Normal,0.58
WL.BPM.04,2026-10-05 22:15,0.55,,,,,,Normal,0.59
WL.BPN.02,2026-10-05 22:15,0.1,,,,,,Normal,0.13
WL.BPU.01,2026-10-05 22:15,0.59,,,,,,Normal,1.3
WL.BSE.01,2026-10-05 22:15,-1.43,,,,,,Normal,
WL.BSK.01,2026-10-05 22:15,-0.13,1.31,,0.0,0.0,,Normal,0.33
WL.BSU.01,2026-10-05 22:15,-0.84,1.87,,0.0,0.0,0.0,Normal,-0.74
WL.BSU.02,2026-10-05 22:15,-0.64,,,,,,Normal,-0.62
WL.BSU.03,2026-10-05 22:15,-1.26,,,,,,Normal,-0.93
WL.BSU.04,2026-10-05 22:15,-1.09,,,,,,Normal,-0.92
WL.BSU.05,2026-10-05 22:15,-1.07,,,,,,Normal,-0.81
WL.BSU.06,2026-10-05 22:15,0.0,,,,,,Normal,0.0
WL.BSU.07,2026-10-05 22:15,-0.25,,,,,,Normal,-0.12
WL.BTL.01,2026-10-05 22:15,-0.53,,,,,,Normal,-0.38
WL.BTY.01,2026-10-05 22:15,0.37,,,,,,Normal,0.54
WL.BWK.01,2026-10-05 22:15,0.26,,,,,,Normal,0.3
WL.BWK.02,2026-10-05 22:15,0.5,,,,,,Normal,0.52
WL.BYI.01,2026-10-05 22:15,1.0,,,,,,Critical,1.0
WL.BYK.01,2026-10-05 22:15,0.0,,,,,,Normal,0.15
WL.BYK.02,2026-10-05 22:15,0.19,,,,,,Normal,0.53
WL.CKS.01,2026-10-05 22:15,-1.22,,,0.0,0.0,,Normal,-0.73
WL.CKS.02,2026-10-05 22:15,-0.85,,,,,,Normal,-0.43
WL.CKS.03,2026-10-05 22:15,-1.02,,,,,,Normal,-0.63
WL.CLH.01,2026-10-05 22:15,-0.36,,,,,,Normal,
WL.CNS.01,2026-10-05 22:15,-2.33,1.09,,0.0,0.0,,Normal,-1.32
WL.CPA.01,2026-10-05 22:15,0.26,1.65,,0.0,4.78,,Normal,0.35
WL.CPA.02,2026-10-05 22:15,0.23,,,,,,Normal,0.26
WL.CYI.01,2026-10-05 22:15,-0.39,,,,,,Normal,-0.29
WL.DKN.01,2026-10-05 22:15,0.18,1.26,,0.0,5.84,0.0,Normal,0.21
WL.FTM.01,2026-10-05 22:15,-1.01,,,,,,Normal,-0.9
WL.HKG.01,2026-10-05 22:15,-0.54,,,,,,Normal,-0.51
WL.HMK.01,2026-10-05 22:15,-0.03,,,,,,Alert,0.1
WL.HMK.02,2026-10-05 22:15,-0.22,,,,,,Normal,0.0
WL.HMK.03,2026-10-05 22:15,0.02,,,,,,Normal,0.1
WL.JRN.01,2026-10-05 22:15,0.24,1.2,,0.0,,,Normal,0.24
WL.KBU.01,2026-10-05 22:15,0.32,1.57,,0.0,,,Normal,0.5
WL.KBU.02,2026-10-05 22:15,0.38,,,,,,Normal,0.46
WL.KCD.01,2026-10-05 22:15,-0.69,,,,,,Normal,-0.48
WL.KDN.01,2026-10-05 22:15,-0.55,1.11,,0.0,,,Normal,-0.55
WL.KJA.02,2026-10-05 22:15,-0.22,,,,,,Normal,-0.12
WL.KJG.01,2026-10-05 22:15,0.04,,,,,,Critical,0.28
WL.KJK.01,2026-10-05 22:15,-1.25,1.06,,0.0,0.0,,Normal,-1.03
WL.KJK.02,2026-10-05 22:15,-1.19,,,,,,Normal,-0.72
WL.KJN.02,2026-10-05 22:15,0.23,,,,,,Normal,0.38
WL.KJT.01,2026-10-05 22:15,-0.97,,,,,,Normal,-0.9
WL.KJU.01,2026-10-05 22:15,-0.71,,,,,,Normal,-0.37
WL.KKD.01,2026-10-05 22:15,-0.43,,,,,,Normal,-0.3
WL.KKD.02,2026-10-05 22:15,-0.53,,,,,,Normal,-0.38
WL.KKO.01,2026-10-05 22:15,1.61,,,,,,Alert,1.63
WL.KKS.01,2026-10-05 22:15,-0.58,1.67,,0.0,0.0,,Normal,-0.49
WL.KKS.02,2026-10-05 22:15,-0.54,,,,,,Normal,-0.46
WL.KKS.03,2026-10-05 22:15,-0.67,,,,,,Normal,-0.56
WL.KKS.04,2026-10-05 22:15,-0.66,1.42,,0.0,,,Normal,-0.52
WL.KKY.01,2026-10-05 22:15,0.64,,,,,,Normal,0.69
WL.KLA.01,2026-10-05 22:15,-0.17,,,,,,Alert,-0.04
WL.KLD.01,2026-10-05 22:15,-0.35,,,,,,Normal,-0.12
WL.KLD.02,2026-10-05 22:15,-0.33,,,,,,Normal,-0.04
WL.KLT.01,2026-10-05 22:15,-0.51,,,,,,Normal,-0.44
WL.KMN.01,2026-10-05 22:15,0.21,1.56,,0.29,0.0,0.0,Normal,0.35
WL.KNB.02,2026-10-05 22:15,-0.34,,,,,,Normal,-0.31
WL.KPG.01,2026-10-05 22:15,-1.2,,,,,,Normal,-1.01
WL.KPM.01,2026-10-05 22:15,-0.07,,,,,,Normal,-0.02
WL.KPM.03,2026-10-05 22:15,0.27,,,,,,Critical,0.34
WL.KPM.05,2026-10-05 22:15,0.92,,,,,,Normal,1.03
WL.KPM.06,2026-10-05 22:15,0.9,,,,,,Normal,1.0
WL.KPM.08,2026-10-05 22:15,0.93,,,,,,Normal,1.04
WL.KSG.01,2026-10-05 22:15,0.97,,,,,,Alert,1.01
WL.KSI.01,2026-10-05 22:15,0.86,,,,,,Alert,0.91
WL.KSI.02,2026-10-05 22:15,0.88,,,,,,Critical,0.92
WL.KSM.01,2026-10-05 22:15,0.88,,,,,,Critical,0.93
WL.KSM.02,2026-10-05 22:15,0.85,,,,,,Critical,0.9
WL.KSO.01,2026-10-05 22:15,0.72,,,,,,Normal,0.76
WL.KSO.02,2026-10-05 22:15,0.74,,,,,,Normal,0.79
WL.KTY.01,2026-10-05 22:15,-2.26,1.06,,0.0,,,Normal,-1.36
WL.LBK.02,2026-10-05 22:15,0.6,,,,,,Critical,0.65
WL.LBK.03,2026-10-05 22:15,0.53,,,,,,Critical,0.59
WL.LCL.01,2026-10-05 22:15,0.75,,,,,,Normal,0.79
WL.LKB.01,2026-10-05 22:15,0.77,,,,,,Critical,0.83
WL.LOA.02,2026-10-05 22:15,1.02,,,,,,Normal,1.07
WL.LPC.01,2026-10-05 22:15,1.13,,,,,,Critical,1.15
WL.LPG.02,2026-10-05 22:15,1.07,1.73,,0.0,,,Critical,1.08
WL.LPG.03,2026-10-05 22:15,1.02,,,,,,Critical,1.02
WL.LPP.01,2026-10-05 22:15,-1.19,,,,,,Normal,-0.81
WL.LPP.02,2026-10-05 22:15,-0.52,,,,,,Normal,
WL.LPT.03,2026-10-05 22:15,0.95,,,,,,Critical,1.94
WL.LPW.01,2026-10-05 22:15,-0.03,-0.02,,0.0,,,Normal,0.08
WL.LPW.03,2026-10-05 22:15,0.62,,,,,,Alert,0.75
WL.LPW.05,2026-10-05 22:15,-0.39,,,,,,Normal,-0.29
WL.LSM.01,2026-10-05 22:15,-0.62,,,,,,Normal,-0.61
WL.LYW.02,2026-10-05 22:15,-1.42,,,,,,Normal,-1.31
WL.MCM.01,2026-10-05 22:15,0.18,,,,,,Normal,0.22
WL.MFS.01,2026-10-05 22:15,-0.7,,,,,,Normal,-0.63
WL.MKT.01,2026-10-05 22:15,-0.23,,,,,,Normal,-0.17
WL.MSW.01,2026-10-05 22:15,1.63,,,,,,Normal,1.76
WL.MSW.02,2026-10-05 22:15,1.13,,,,,,Normal,1.48
WL.MSW.03,2026-10-05 22:15,1.64,,,,,,Normal,1.75
WL.MSW.04,2026-10-05 22:15,0.98,,,,,,Normal,
WL.MTG.01,2026-10-05 22:15,-0.66,,,,,,Normal,-0.34
WL.NBN.01,2026-10-05 22:15,-3.77,-1.3,,0.0,,,Normal,-3.74
WL.NCH.02,2026-10-05 22:15,-0.32,,,,,,Normal,0.19
WL.NK1.01,2026-10-05 22:15,-0.36,,,,,,Normal,0.4
WL.NK3.01,2026-10-05 22:15,0.18,,,,,,Normal,0.82
WL.NKW.02,2026-10-05 22:15,-0.06,,,,,,Normal,0.04
WL.NSG.01,2026-10-05 22:15,-2.0,,,,,,Normal,-2.0
WL.OAG.01,2026-10-05 22:15,-0.63,,,,,,Normal,-0.54
WL.ORC.01,2026-10-05 22:15,-1.34,-0.52,,0.0,,,Normal,-0.99
WL.PKG.01,2026-10-05 22:15,1.51,,,,,,Normal,1.77
WL.PKN.01,2026-10-05 22:15,-0.89,1.2,,0.0,0.0,0.0,Normal,-0.68
WL.PLK.01,2026-10-05 22:15,0.74,,,,,,Normal,1.26
WL.PLP.01,2026-10-05 22:15,-0.36,,,,,,Normal,-0.32
WL.PNM.01,2026-10-05 22:15,0.45,,,,,,Critical,0.48
WL.PSC.01,2026-10-05 22:15,0.23,0.26,,0.0,0.0,0.0,Normal,0.26
WL.PSC.02,2026-10-05 22:15,0.22,,,,,,Normal,0.24
WL.PSC.03,2026-10-05 22:15,0.24,,,,,,Normal,0.26
WL.PSC.05,2026-10-05 22:15,0.33,,,,,,Normal,0.36
WL.PSI.01,2026-10-05 22:15,-1.41,,,,,,Normal,-1.14
WL.PSR.01,2026-10-05 22:15,1.19,1.84,,0.24,,,Critical,1.24
WL.PSR.02,2026-10-05 22:15,1.22,,,,,,Critical,1.26
WL.PSR.04,2026-10-05 22:15,0.81,,,,,,Normal,0.84
WL.PSR.05,2026-10-05 22:15,0.83,,,,,,Critical,0.86
WL.PST.01,2026-10-05 22:15,-0.61,,,,,,Normal,-0.34
WL.PWT.01,2026-10-05 22:15,-0.42,,,,,,Normal,-0.36
WL.PWT.02,2026-10-05 22:15,0.06,,,,,,Normal,0.14
WL.PWT.03,2026-10-05 22:15,0.31,0.32,,5.8,5.9,,Critical,0.37
WL.PWT.04,2026-10-05 22:15,0.62,0.67,,3.72,,,Critical,0.65
WL.PWT.06,2026-10-05 22:15,1.0,,,,,,Critical,1.0
WL.PWT.07,2026-10-05 22:15,1.06,,,,,,Critical,1.1
WL.PYW.01,2026-10-05 22:15,-1.25,,,,,,Normal,-0.87
WL.RHN.01,2026-10-05 22:15,-0.63,-0.47,,0.0,,,Normal,-0.49
WL.RJK.01,2026-10-05 22:15,0.23,0.23,,7.5,,,Normal,0.31
WL.RMN.01,2026-10-05 22:15,0.43,,,,,,Normal,
WL.RMT.01,2026-10-05 22:15,-0.7,0.86,,0.0,0.0,,Normal,-0.43
WL.RMT.02,2026-10-05 22:15,-0.23,,,,,,Normal,-0.19
WL.RSK.01,2026-10-05 22:15,0.35,,,,,,Normal,0.37
WL.SBR.01,2026-10-05 22:15,0.69,1.12,,0.0,,,Normal,0.89
WL.SBR.02,2026-10-05 22:15,0.61,,,,,,Normal,0.65
WL.SBT.01,2026-10-05 22:15,-0.26,0.1,,0.0,,,Normal,-0.22
WL.SCO.01,2026-10-05 22:15,0.04,,,,,,Normal,0.27
WL.SKT.01,2026-10-05 22:15,-0.63,,,,,,Normal,-0.22
WL.SKT.02,2026-10-05 22:15,-1.05,,,,,,Normal,-0.58
WL.SMK.01,2026-10-05 22:15,-0.47,,,,,,Normal,-0.36
WL.SNC.01,2026-10-05 22:15,-0.06,0.97,,0.0,0.0,0.0,Normal,-0.06
WL.SNC.02,2026-10-05 22:15,0.21,,,,,,Normal,0.52
WL.SNC.03,2026-10-05 22:15,0.06,,,,,,Normal,0.06
WL.SNO.01,2026-10-05 22:15,-1.44,,,,,,Normal,-0.59
WL.SOL.01,2026-10-05 22:15,-0.62,,,,,,Normal,-0.13
WL.SRG.01,2026-10-05 22:15,-0.56,1.13,,0.0,0.0,0.0,Normal,-0.5
WL.SSB.01,2026-10-05 22:15,-0.61,,,,,,Normal,-0.5
WL.SSB.03,2026-10-05 22:15,-0.37,,,,,,Normal,-0.29
WL.SSB.04,2026-10-05 22:15,-0.43,-0.45,,7.5,7.5,,Normal,-0.27
WL.SSB.06,2026-10-05 22:15,-0.26,,,,,,Normal,-0.03
WL.SSB.07,2026-10-05 22:15,0.13,,,,,,Normal,0.51
WL.SSB.08,2026-10-05 22:15,0.42,,,,,,Alert,0.49
WL.SSB.09,2026-10-05 22:15,0.61,1.1,,0.0,,,Critical,0.65
WL.SSB.10,2026-10-05 22:15,0.71,1.19,,0.0,,,Critical,0.75
WL.SSB.11,2026-10-05 22:15,1.0,,,,,,Alert,1.0
WL.SSB.12,2026-10-05 22:15,1.17,1.5,,0.0,,,Critical,1.22
WL.SSB.13,2026-10-05 22:15,1.84,,,,,,Critical,
WL.SSG.01,2026-10-05 22:15,1.51,,,,,,Alert,1.53
WL.SSG.02,2026-10-05 22:15,1.49,,,,,,Normal,
WL.SSM.01,2026-10-05 22:15,1.29,-99,,0.0,,,Critical,1.32
WL.SSM.02,2026-10-05 22:15,1.5,,,,,,Normal,
WL.SSN.01,2026-10-05 22:15,-1.02,1.73,,7.0,0.0,0.0,Normal,-0.71
WL.SSN.02,2026-10-05 22:15,-0.88,,,,,,Normal,-0.8
WL.SSN.04,2026-10-05 22:15,-1.06,,,,,,Normal,-0.87
WL.SSN.06,2026-10-05 22:15,-1.77,,,,,,Normal,-1.46
WL.SSN.07,2026-10-05 22:15,-0.84,,,,,,Normal,-0.67
WL.SSN.08,2026-10-05 22:15,-0.45,-0.44,,0.0,,,Normal,-0.36
WL.SSN.09,2026-10-05 22:15,-0.45,,,,,,Normal,-0.35
WL.SSN.10,2026-10-05 22:15,-0.42,,,,,,Normal,-0.31
WL.SST.01,2026-10-05 22:15,1.06,1.83,,0.18,,,Critical,1.1
WL.STN.02,2026-10-05 22:15,0.67,,,,,,Critical,0.71
WL.STN.03,2026-10-05 22:15,0.74,,,,,,Critical,0.78
WL.STR.01,2026-10-05 22:15,-1.01,0.23,1.32,0.0,0.0,0.0,Normal,-0.87
WL.SWA.01,2026-10-05 22:15,0.85,1.31,,0.43,,,Critical,0.87
WL.SWU.01,2026-10-05 22:15,-1.55,,,,,,Normal,-0.88
WL.TCG.01,2026-10-05 22:15,-0.87,,,,,,Normal,-0.8
WL.TPK.02,2026-10-05 22:15,0.48,,,,,,Critical,0.53
WL.TPK.03,2026-10-05 22:15,0.55,,,,,,Critical,0.61
WL.TSK.01,2026-10-05 22:15,-1.79,,,,,,Normal,-1.47
WL.TUT.02,2026-10-05 22:15,-0.72,,,,,,Normal,0.53
WL.TWW.01,2026-10-05 22:15,0.74,1.05,,0.99,,,Normal,0.78
WL.TWW.02,2026-10-05 22:15,0.7,,,,,,Normal,0.74
WL.TWW.04,2026-10-05 22:15,0.65,,,,,,Normal,0.69
WL.TWW.05,2026-10-05 22:15,0.36,,,,,,Normal,0.38
WL.VPD.01,2026-10-05 22:15,-1.02,,,,,,Normal,-0.76
WL.VPD.02,2026-10-05 22:15,-0.98,,,,,,Normal,-0.72
WL.VPD.03,2026-10-05 22:15,-1.29,,,,,,Normal,-1.26
WL.VPV.01,2026-10-05 22:15,-1.43,,,0.0,,,Normal,-1.34
WL.WHK.01,2026-10-05 22:15,0.9,,,,,,Alert,0.94
WL.WKT.01,2026-10-05 22:15,0.2,,,,,,Normal,0.38
WL.WLS.01,2026-10-05 22:15,0.85,,,,,,Alert,0.96
WL.WSI.01,2026-10-05 22:15,-0.76,1.22,,0.0,0.0,0.0,Normal,-0.66
WL.WSV.01,2026-10-05 22:15,0.04,,,,,,Normal,0.08
WL.WTN.02,2026-10-05 22:15,-1.05,,,,,,Normal,-1.05
WL.YPE.01,2026-10-05 22:15,0.26,,,,,,Normal,0.28
WL.YPN.01,2026-10-05 22:15,-0.62,,,,,,Normal,-0.57
WL.YPN.02,2026-10-05 22:15,-0.68,,,,,,Normal,-0.65
WL.YSN.02,2026-10-05 22:15,-0.82,,,,,,Normal,-0.7
WL.KPM.04,2026-10-05 22:25,0.86,,,,,,Normal,0.93
WL.KKD.04,2026-10-05 22:35,-0.48,,,,,,Normal,-0.34
WL.HKG.02,2026-10-05 22:50,-0.51,,,,,,temporarily out of order,-0.41
WL.KJA.01,2026-10-05 22:50,-0.34,,,,,,out of order,-0.27
WL.BCN.01,2026-10-05 23:05,0.42,,,,,,temporarily out of order,0.46
WL.SDN.01,2026-10-05 23:05,0.23,,,,,,temporarily out of order,0.23
WL.ANG.01,2026-10-05 23:10,1.12,,,,,,Normal,
WL.BBU.02,2026-10-05 23:10,0.82,,,,,,Normal,
WL.BKH.01,2026-10-05 23:10,0.45,,,,,,Normal,
WL.BMD.01,2026-10-05 23:10,0.39,,,,,,Normal,
WL.BNJ.05,2026-10-05 23:10,-2.29,,,,,,Normal,
WL.BOA.02,2026-10-05 23:10,-1.14,,,,,,Normal,-0.88
WL.BTL.02,2026-10-05 23:10,0.26,,,,,,Normal,
WL.CYI.02,2026-10-05 23:10,-0.38,,,,,,Normal,-0.27
WL.K08.01,2026-10-05 23:10,1.54,,,,,,Alert,
WL.K10.01,2026-10-05 23:10,1.6,,,,,,Alert,
WL.K11.01,2026-10-05 23:10,1.57,,,,,,Alert,
WL.KBP.01,2026-10-05 23:10,-0.55,,,,,,Normal,
WL.KHW.01,2026-10-05 23:10,1.73,,,,,,Normal,
WL.KKO.02,2026-10-05 23:10,1.57,,,,,,Alert,
WL.KPM.07,2026-10-05 23:10,0.62,,,,,,Alert,
WL.LPS.01,2026-10-05 23:10,1.06,,,,,,Normal,
WL.LPT.05,2026-10-05 23:10,1.68,,,,,,Normal,
WL.MKT.02,2026-10-05 23:10,-1.0,,,,,,Normal,
WL.NK3.02,2026-10-05 23:10,-0.11,,,,,,Normal,
WL.POC.01,2026-10-05 23:10,1.46,,,,,,Normal,
WL.PSC.06,2026-10-05 23:10,0.42,,,,,,Normal,
WL.RPS.01,2026-10-05 23:10,2.18,,,,,,Alert,
WL.STN.01,2026-10-05 23:10,0.54,,,,,,Alert,0.58
WL.SWA.02,2026-10-05 23:10,1.47,,,,,,Normal,
WL.AJP.01,2026-10-05 23:15,-0.94,,,,,,Normal,-0.43
WL.ANX.01,2026-10-05 23:15,-0.13,,,,,,Normal,0.2
WL.BAM.01,2026-10-05 23:15,0.36,,,,,,Normal,0.52
WL.BBN.02,2026-10-05 23:15,0.05,,,,,,Normal,0.08
WL.BBN.03,2026-10-05 23:15,0.29,,,,,,Normal,0.32
WL.BBR.01,2026-10-05 23:15,-0.08,,,,,,Normal,0.21
WL.BBR.02,2026-10-05 23:15,-0.09,,,,,,Normal,0.18
WL.BBU.01,2026-10-05 23:15,0.86,,,,,,Alert,1.01
WL.BCN.02,2026-10-05 23:15,0.4,,,,,,Normal,0.42
WL.BCN.03,2026-10-05 23:15,0.48,,,,,,Normal,0.54
WL.BJK.01,2026-10-05 23:15,-1.18,0.97,,0.0,0.0,,Normal,-0.94
WL.BJK.02,2026-10-05 23:15,0.37,,,,,,Normal,0.39
WL.BJK.03,2026-10-05 23:15,0.33,,,,,,Normal,0.35
WL.BJK.04,2026-10-05 23:15,0.39,,,,,,Normal,0.45
WL.BKA.01,2026-10-05 23:15,-1.66,1.88,,1.73,1.75,0.0,Normal,-0.85
WL.BKA.02,2026-10-05 23:15,-0.54,,,,,,Normal,-0.52
WL.BKA.03,2026-10-05 23:15,-0.02,,,,,,Normal,0.0
WL.BKA.04,2026-10-05 23:15,0.47,,,,,,Normal,0.59
WL.BKB.01,2026-10-05 23:15,-0.28,,,,,,Normal,-0.27
WL.BKG.01,2026-10-05 23:15,0.69,-2.0,,0.0,,,Critical,0.73
WL.BKK.01,2026-10-05 23:15,0.43,,,,,,Normal,
WL.BKT.01,2026-10-05 23:15,-0.35,,,,,,Normal,-0.07
WL.BKY.01,2026-10-05 23:15,0.18,1.53,,0.0,5.57,0.0,Normal,0.27
WL.BKY.02,2026-10-05 23:15,0.32,,,,,,Normal,0.37
WL.BLP.02,2026-10-05 23:15,-0.61,,,,,,Normal,-0.5
WL.BLY.01,2026-10-05 23:15,-0.43,,,,,,Normal,-0.15
WL.BLY.02,2026-10-05 23:15,-0.51,,,,,,Normal,-0.21
WL.BMA.02,2026-10-05 23:15,0.08,,,,,,Normal,0.57
WL.BMK.01,2026-10-05 23:15,-1.44,,,,,,Normal,-1.07
WL.BNA.01,2026-10-05 23:15,-1.32,0.89,,0.0,0.0,,Normal,-1.19
WL.BNA.02,2026-10-05 23:15,-1.15,,,,,,Normal,-1.08
WL.BNA.03,2026-10-05 23:15,-0.62,,,,,,Normal,-0.6
WL.BNA.04,2026-10-05 23:15,-0.5,,,,,,Normal,-0.49
WL.BNJ.02,2026-10-05 23:15,-2.74,,,,,,Normal,-0.92
WL.BNJ.04,2026-10-05 23:15,-1.13,,,,,,Normal,-0.63
WL.BNS.01,2026-10-05 23:15,0.46,,,,,,Normal,0.49
WL.BOA.01,2026-10-05 23:15,-1.27,1.03,,0.0,0.0,,Normal,-0.88
WL.BOA.03,2026-10-05 23:15,-1.31,,,,,,Normal,-0.94
WL.BON.01,2026-10-05 23:15,-1.21,,,,,,Normal,-0.88
WL.BPA.01,2026-10-05 23:15,-0.51,,,,,,Normal,-0.37
WL.BPK.01,2026-10-05 23:15,0.1,,,,,,Normal,0.1
WL.BPM.01,2026-10-05 23:15,0.24,,,,,,Normal,0.31
WL.BPM.02,2026-10-05 23:15,0.36,,,,,,Normal,0.39
WL.BPM.03,2026-10-05 23:15,0.55,,,,,,Normal,0.58
WL.BPM.04,2026-10-05 23:15,0.55,,,,,,Normal,0.59
WL.BPN.02,2026-10-05 23:15,0.1,,,,,,Normal,0.13
WL.BPU.01,2026-10-05 23:15,0.39,,,,,,Normal,1.3
WL.BSE.01,2026-10-05 23:15,-1.42,,,,,,Normal,
WL.BSK.01,2026-10-05 23:15,-0.3,1.26,,0.0,0.0,,Normal,0.33
WL.BSU.01,2026-10-05 23:15,-0.89,1.83,,0.0,0.0,0.0,Normal,-0.74
WL.BSU.02,2026-10-05 23:15,-0.68,,,,,,Normal,-0.62
WL.BSU.03,2026-10-05 23:15,-1.36,,,,,,Normal,-0.93
WL.BSU.04,2026-10-05 23:15,-1.09,,,,,,Normal,-0.92
WL.BSU.05,2026-10-05 23:15,-1.31,,,,,,Normal,-0.81
WL.BSU.06,2026-10-05 23:15,0.0,,,,,,Normal,0.0
WL.BSU.07,2026-10-05 23:15,-0.3,,,,,,Normal,-0.12
WL.BTL.01,2026-10-05 23:15,-0.53,,,,,,Normal,-0.38
WL.BTY.01,2026-10-05 23:15,0.36,,,,,,Normal,0.54
WL.BWK.01,2026-10-05 23:15,0.25,,,,,,Normal,0.3
WL.BWK.02,2026-10-05 23:15,0.5,,,,,,Normal,0.52
WL.BYI.01,2026-10-05 23:15,1.0,,,,,,Critical,1.0
WL.BYK.01,2026-10-05 23:15,-0.01,,,,,,Normal,0.15
WL.BYK.02,2026-10-05 23:15,0.17,,,,,,Normal,0.53
WL.CKS.01,2026-10-05 23:15,-1.17,,,0.0,0.0,,Normal,-0.73
WL.CKS.02,2026-10-05 23:15,-0.84,,,,,,Normal,-0.43
WL.CKS.03,2026-10-05 23:15,-1.02,,,,,,Normal,-0.63
WL.CLH.01,2026-10-05 23:15,-0.33,,,,,,Normal,
WL.CNS.01,2026-10-05 23:15,-2.15,1.02,,0.0,0.0,,Normal,-1.32
WL.CPA.01,2026-10-05 23:15,0.25,1.61,,5.3,3.52,,Normal,0.35
WL.CPA.02,2026-10-05 23:15,0.22,,,,,,Normal,0.26
WL.CYI.01,2026-10-05 23:15,-0.41,,,,,,Normal,-0.29
WL.DKN.01,2026-10-05 23:15,0.18,1.22,,0.0,5.84,0.0,Normal,0.21
WL.FTM.01,2026-10-05 23:15,-1.04,,,,,,Normal,-0.9
WL.HKG.01,2026-10-05 23:15,-0.6,,,,,,Normal,-0.51
WL.HMK.01,2026-10-05 23:15,-0.04,,,,,,Alert,0.1
WL.HMK.02,2026-10-05 23:15,-0.21,,,,,,Normal,0.0
WL.HMK.03,2026-10-05 23:15,0.01,,,,,,Normal,0.1
WL.JRN.01,2026-10-05 23:15,0.24,1.14,,0.0,,,Normal,0.24
WL.KBU.01,2026-10-05 23:15,0.32,1.52,,0.0,,,Normal,0.5
WL.KBU.02,2026-10-05 23:15,0.37,,,,,,Normal,0.46
WL.KCD.01,2026-10-05 23:15,-0.71,,,,,,Normal,-0.48
WL.KDN.01,2026-10-05 23:15,-0.67,1.05,,0.0,,,Normal,-0.55
WL.KJA.02,2026-10-05 23:15,-0.23,,,,,,Normal,-0.12
WL.KJG.01,2026-10-05 23:15,0.16,,,,,,Critical,0.28
WL.KJK.01,2026-10-05 23:15,-1.38,0.98,,0.0,0.0,,Normal,-1.03
WL.KJK.02,2026-10-05 23:15,-1.36,,,,,,Normal,-0.72
WL.KJN.02,2026-10-05 23:15,0.19,,,,,,Normal,0.38
WL.KJT.01,2026-10-05 23:15,-0.94,,,,,,Normal,-0.9
WL.KJU.01,2026-10-05 23:15,-0.42,,,,,,Normal,-0.37
WL.KKD.01,2026-10-05 23:15,-0.43,,,,,,Normal,-0.3
WL.KKD.02,2026-10-05 23:15,-0.53,,,,,,Normal,-0.38
WL.KKO.01,2026-10-05 23:15,1.61,,,,,,Alert,1.63
WL.KKS.01,2026-10-05 23:15,-0.6,1.63,,0.0,0.0,,Normal,-0.49
WL.KKS.02,2026-10-05 23:15,-0.56,,,,,,Normal,-0.46
WL.KKS.03,2026-10-05 23:15,-0.69,,,,,,Normal,-0.56
WL.KKS.04,2026-10-05 23:15,-0.68,1.37,,0.0,,,Normal,-0.52
WL.KKY.01,2026-10-05 23:15,0.64,,,,,,Normal,0.69
WL.KKY.02,2026-10-05 23:15,0.63,,,,,,Normal,0.67
WL.KLA.01,2026-10-05 23:15,-0.18,,,,,,Alert,-0.04
WL.KLD.01,2026-10-05 23:15,-0.32,,,,,,Normal,-0.12
WL.KLD.02,2026-10-05 23:15,-0.24,,,,,,Normal,-0.04
WL.KLT.01,2026-10-05 23:15,-0.52,,,,,,Normal,-0.44
WL.KMN.01,2026-10-05 23:15,0.19,1.52,,0.29,0.0,0.0,Normal,0.35
WL.KNB.02,2026-10-05 23:15,-0.34,,,,,,Normal,-0.31
WL.KPG.01,2026-10-05 23:15,-1.11,,,,,,Normal,-1.01
WL.KPM.01,2026-10-05 23:15,-0.07,,,,,,Normal,-0.02
WL.KPM.03,2026-10-05 23:15,0.27,,,,,,Critical,0.34
WL.KPM.05,2026-10-05 23:15,0.88,,,,,,Normal,1.03
WL.KPM.06,2026-10-05 23:15,0.88,,,,,,Normal,1.0
WL.KPM.08,2026-10-05 23:15,0.92,,,,,,Normal,1.04
WL.KSG.01,2026-10-05 23:15,0.94,,,,,,Alert,1.01
WL.KSI.01,2026-10-05 23:15,0.86,,,,,,Alert,0.91
WL.KSI.02,2026-10-05 23:15,0.88,,,,,,Critical,0.92
WL.KSM.01,2026-10-05 23:15,0.88,,,,,,Critical,0.93
WL.KSM.02,2026-10-05 23:15,0.85,,,,,,Critical,0.9
WL.KSO.01,2026-10-05 23:15,0.72,,,,,,Normal,0.76
WL.KSO.02,2026-10-05 23:15,0.74,,,,,,Normal,0.79
WL.KTY.01,2026-10-05 23:15,-2.11,0.98,,0.0,,,Normal,-1.36
WL.LBK.02,2026-10-05 23:15,0.6,,,,,,Critical,0.65
WL.LBK.03,2026-10-05 23:15,0.52,,,,,,Critical,0.59
WL.LCL.01,2026-10-05 23:15,0.75,,,,,,Normal,0.79
WL.LKB.01,2026-10-05 23:15,0.78,,,,,,Critical,0.83
WL.LOA.02,2026-10-05 23:15,1.01,,,,,,Normal,1.07
WL.LPC.01,2026-10-05 23:15,1.13,,,,,,Critical,1.15
WL.LPG.02,2026-10-05 23:15,1.07,1.73,,0.0,,,Critical,1.08
WL.LPG.03,2026-10-05 23:15,1.02,,,,,,Critical,1.02
WL.LPN.01,2026-10-05 23:15,-0.7,0.85,,0.0,,,Normal,-0.67
WL.LPP.01,2026-10-05 23:15,-1.16,,,,,,Normal,-0.81
WL.LPP.02,2026-10-05 23:15,-0.47,,,,,,Normal,
WL.LPT.03,2026-10-05 23:15,0.95,,,,,,Critical,1.94
WL.LPW.01,2026-10-05 23:15,-0.06,-0.04,,0.0,,,Normal,0.08
WL.LPW.03,2026-10-05 23:15,0.59,,,,,,Normal,0.75
WL.LPW.04,2026-10-05 23:15,-0.3,,,,,,Normal,0.0
WL.LPW.05,2026-10-05 23:15,-0.41,,,,,,Normal,-0.29
WL.LSM.01,2026-10-05 23:15,-0.62,,,,,,Normal,-0.61
WL.LYW.02,2026-10-05 23:15,-1.42,,,,,,Normal,-1.31
WL.MCM.01,2026-10-05 23:15,0.18,,,,,,Normal,0.22
WL.MFS.01,2026-10-05 23:15,-0.69,,,,,,Normal,-0.63
WL.MKT.01,2026-10-05 23:15,-0.23,,,,,,Normal,-0.17
WL.MSW.01,2026-10-05 23:15,1.58,,,,,,Normal,1.76
WL.MSW.02,2026-10-05 23:15,1.14,,,,,,Normal,1.48
WL.MSW.03,2026-10-05 23:15,1.59,,,,,,Normal,1.75
WL.MSW.04,2026-10-05 23:15,0.99,,,,,,Normal,
WL.MTG.01,2026-10-05 23:15,-0.63,,,,,,Normal,-0.34
WL.NBN.01,2026-10-05 23:15,-3.8,-1.27,,0.0,,,Normal,-3.74
WL.NCH.02,2026-10-05 23:15,-0.18,,,,,,Normal,0.19
WL.NK1.01,2026-10-05 23:15,0.1,,,,,,Normal,0.4
WL.NK3.01,2026-10-05 23:15,0.06,,,,,,Normal,0.82
WL.NKW.02,2026-10-05 23:15,-0.08,,,,,,Normal,0.04
WL.NSG.01,2026-10-05 23:15,-2.0,,,,,,Normal,-2.0
WL.OAG.01,2026-10-05 23:15,-0.65,,,,,,Normal,-0.54
WL.ORC.01,2026-10-05 23:15,-1.34,-0.53,,0.0,,,Normal,-0.99
WL.PKG.01,2026-10-05 23:15,1.47,,,,,,Normal,1.77
WL.PKN.01,2026-10-05 23:15,-0.81,1.11,,0.0,0.0,0.0,Normal,-0.68
WL.PLK.01,2026-10-05 23:15,0.61,,,,,,Normal,1.26
WL.PLP.01,2026-10-05 23:15,-0.36,,,,,,Normal,-0.32
WL.PNM.01,2026-10-05 23:15,0.45,,,,,,Critical,0.48
WL.PSC.01,2026-10-05 23:15,0.22,0.25,,0.0,0.0,0.0,Normal,0.26
WL.PSC.02,2026-10-05 23:15,0.22,,,,,,Normal,0.24
WL.PSC.03,2026-10-05 23:15,0.24,,,,,,Normal,0.26
WL.PSC.05,2026-10-05 23:15,0.33,,,,,,Normal,0.36
WL.PSI.01,2026-10-05 23:15,-1.32,,,,,,Normal,-1.14
WL.PSR.01,2026-10-05 23:15,1.19,1.83,,0.25,,,Critical,1.24
WL.PSR.02,2026-10-05 23:15,1.21,,,,,,Critical,1.26
WL.PSR.04,2026-10-05 23:15,0.81,,,,,,Normal,0.84
WL.PSR.05,2026-10-05 23:15,0.83,,,,,,Critical,0.86
WL.PST.01,2026-10-05 23:15,-0.61,,,,,,Normal,-0.34
WL.PWT.01,2026-10-05 23:15,-0.42,,,,,,Normal,-0.36
WL.PWT.02,2026-10-05 23:15,0.06,,,,,,Normal,0.14
WL.PWT.03,2026-10-05 23:15,0.3,0.32,,5.8,5.9,,Critical,0.37
WL.PWT.04,2026-10-05 23:15,0.62,0.67,,3.72,,,Critical,0.65
WL.PWT.06,2026-10-05 23:15,1.0,,,,,,Critical,1.0
WL.PWT.07,2026-10-05 23:15,1.05,,,,,,Critical,1.1
WL.PYW.01,2026-10-05 23:15,-1.22,,,,,,Normal,-0.87
WL.RHN.01,2026-10-05 23:15,-0.6,-0.46,,0.0,,,Normal,-0.49
WL.RJK.01,2026-10-05 23:15,0.23,0.24,,7.5,,,Normal,0.31
WL.RMN.01,2026-10-05 23:15,0.44,,,,,,Normal,
WL.RMT.01,2026-10-05 23:15,-0.69,0.83,,0.0,0.0,,Normal,-0.43
WL.RMT.02,2026-10-05 23:15,-0.22,,,,,,Normal,-0.19
WL.RSK.01,2026-10-05 23:15,0.35,,,,,,Normal,0.37
WL.SBR.01,2026-10-05 23:15,0.69,1.13,,0.0,,,Normal,0.89
WL.SBR.02,2026-10-05 23:15,0.61,,,,,,Normal,0.65
WL.SBT.01,2026-10-05 23:15,-0.25,0.11,,0.0,,,Normal,-0.22
WL.SCO.01,2026-10-05 23:15,0.06,,,,,,Normal,0.27
WL.SKT.01,2026-10-05 23:15,-0.53,,,,,,Normal,-0.22
WL.SKT.02,2026-10-05 23:15,-0.76,,,,,,Normal,-0.58
WL.SMK.01,2026-10-05 23:15,-0.47,,,,,,Normal,-0.36
WL.SNC.01,2026-10-05 23:15,-0.05,0.95,,0.0,0.0,0.0,Normal,-0.05
WL.SNC.02,2026-10-05 23:15,0.21,,,,,,Normal,0.52
WL.SNC.03,2026-10-05 23:15,0.06,,,,,,Normal,0.06
WL.SNO.01,2026-10-05 23:15,-1.23,,,,,,Normal,-0.59
WL.SOL.01,2026-10-05 23:15,-0.6,,,,,,Normal,-0.13
WL.SRE.01,2026-10-05 23:15,-0.58,1.31,,0.0,0.0,,Normal,0.16
WL.SRG.01,2026-10-05 23:15,-0.54,1.08,,0.0,0.0,0.0,Normal,-0.5
WL.SSB.01,2026-10-05 23:15,-0.63,,,,,,Normal,-0.5
WL.SSB.03,2026-10-05 23:15,-0.38,,,,,,Normal,-0.29
WL.SSB.04,2026-10-05 23:15,-0.44,-0.46,,7.5,7.5,,Normal,-0.27
WL.SSB.06,2026-10-05 23:15,-0.27,,,,,,Normal,-0.03
WL.SSB.07,2026-10-05 23:15,0.1,,,,,,Normal,0.51
WL.SSB.08,2026-10-05 23:15,0.41,,,,,,Alert,0.49
WL.SSB.09,2026-10-05 23:15,0.6,1.1,,0.0,,,Critical,0.65
WL.SSB.10,2026-10-05 23:15,0.72,1.19,,0.0,,,Critical,0.75
WL.SSB.11,2026-10-05 23:15,1.0,,,,,,Alert,1.0
WL.SSB.12,2026-10-05 23:15,1.18,1.5,,0.0,,,Critical,1.22
WL.SSB.13,2026-10-05 23:15,1.84,,,,,,Critical,
WL.SSG.01,2026-10-05 23:15,1.51,,,,,,Alert,1.53
WL.SSG.02,2026-10-05 23:15,1.49,,,,,,Normal,
WL.SSM.01,2026-10-05 23:15,1.28,-99,,0.0,,,Critical,1.32
WL.SSM.02,2026-10-05 23:15,1.51,,,,,,Normal,
WL.SSN.01,2026-10-05 23:15,-1.02,1.7,,7.0,0.0,0.0,Normal,-0.71
WL.SSN.02,2026-10-05 23:15,-0.87,,,,,,Normal,-0.8
WL.SSN.04,2026-10-05 23:15,-1.03,,,,,,Normal,-0.87
WL.SSN.06,2026-10-05 23:15,-1.77,,,,,,Normal,-1.46
WL.SSN.07,2026-10-05 23:15,-0.84,,,,,,Normal,-0.67
WL.SSN.08,2026-10-05 23:15,-0.47,-0.45,,0.0,,,Normal,-0.36
WL.SSN.09,2026-10-05 23:15,-0.47,,,,,,Normal,-0.35
WL.SSN.10,2026-10-05 23:15,-0.44,,,,,,Normal,-0.31
WL.SST.01,2026-10-05 23:15,1.04,1.82,,0.18,,,Critical,1.1
WL.STN.02,2026-10-05 23:15,0.66,,,,,,Critical,0.71
WL.STN.03,2026-10-05 23:15,0.74,,,,,,Critical,0.78
WL.STR.01,2026-10-05 23:15,-1.01,0.24,1.28,0.0,0.0,0.0,Normal,-0.87
WL.SWA.01,2026-10-05 23:15,0.85,1.31,,0.43,,,Critical,0.87
WL.SWU.01,2026-10-05 23:15,-1.44,,,,,,Normal,-0.88
WL.TCG.01,2026-10-05 23:15,-0.86,,,,,,Normal,-0.8
WL.TPK.02,2026-10-05 23:15,0.48,,,,,,Critical,0.53
WL.TPK.03,2026-10-05 23:15,0.54,,,,,,Critical,0.61
WL.TSK.01,2026-10-05 23:15,-1.79,,,,,,Normal,-1.47
WL.TUT.02,2026-10-05 23:15,-0.49,,,,,,Normal,0.53
WL.TWW.01,2026-10-05 23:15,0.74,1.05,,0.99,,,Normal,0.78
WL.TWW.02,2026-10-05 23:15,0.7,,,,,,Normal,0.74
WL.TWW.03,2026-10-05 23:15,0.67,,,,,,Alert,0.71
WL.TWW.04,2026-10-05 23:15,0.65,,,,,,Normal,0.69
WL.TWW.05,2026-10-05 23:15,0.36,,,,,,Normal,0.38
WL.VPD.01,2026-10-05 23:15,-1.02,,,,,,Normal,-0.76
WL.VPD.02,2026-10-05 23:15,-0.98,,,,,,Normal,-0.72
WL.VPD.03,2026-10-05 23:15,-1.29,,,,,,Normal,-1.26
WL.VPV.01,2026-10-05 23:15,-2.45,,,0.0,,,Normal,-1.34
WL.WHK.01,2026-10-05 23:15,0.88,,,,,,Normal,0.94
WL.WKT.01,2026-10-05 23:15,0.27,,,,,,Normal,0.38
WL.WLS.01,2026-10-05 23:15,0.83,,,,,,Alert,0.96
WL.WSI.01,2026-10-05 23:15,-0.66,1.16,,0.0,0.0,0.0,Normal,-0.66
WL.WSV.01,2026-10-05 23:15,0.07,,,,,,Normal,0.08
WL.WTN.02,2026-10-05 23:15,-1.05,,,,,,Normal,-1.05
WL.YPE.01,2026-10-05 23:15,0.25,,,,,,Normal,0.28
WL.YPN.01,2026-10-05 23:15,-0.57,,,,,,Normal,-0.57
WL.YPN.02,2026-10-05 23:15,-0.63,,,,,,Normal,-0.63
WL.YSN.02,2026-10-05 23:15,-0.83,,,,,,Normal,-0.7
WL.KPM.04,2026-10-05 23:25,0.84,,,,,,Normal,0.93
WL.KKD.04,2026-10-05 23:35,-0.47,,,,,,Normal,-0.34
WL.KJA.01,2026-10-05 23:50,-0.39,,,,,,out of order,-0.27
