code,measured,wl_msl_m,q_m3s,stage_m
C.12,2026-08-15 00:00,0.93,,
C.13,2026-08-15 00:00,7.7,360.0,
C.2,2026-08-15 00:00,18.94,757.0,
C.22A,2026-08-15 00:00,0.95,,
C.29B,2026-08-15 00:00,1.12,-107.0,
C.3,2026-08-15 00:00,4.38,,
C.35,2026-08-15 00:00,1.42,,
C.36,2026-08-15 00:00,1.49,,
C.37,2026-08-15 00:00,1.37,,
C.38,2026-08-15 00:00,1.06,,
C.44,2026-08-15 00:00,6,,
C.45,2026-08-15 00:00,3.14,,
C.46,2026-08-15 00:00,2.63,,
C.47,2026-08-15 00:00,1.79,,
C.66,2026-08-15 00:00,7.3,,
C.67,2026-08-15 00:00,1.58,,
C.68,2026-08-15 00:00,1.33,,
C.7A,2026-08-15 00:00,2.01,,
C.บางปะอิน,2026-08-15 00:00,1.41,,
N.67,2026-08-15 00:00,22.5,534.0,
P.17,2026-08-15 00:00,34.17,112.0,
S.14,2026-08-15 00:00,56.75,,
S.26,2026-08-15 00:00,1.06,,
S.28,2026-08-15 00:00,17.15,6.0,
S.32,2026-08-15 00:00,7.09,,
S.42,2026-08-15 00:00,59.96,110.0,8.17
S.43,2026-08-15 00:00,42.49,142.0,
S.5,2026-08-15 00:00,1.36,,
S.9,2026-08-15 00:00,8.72,,
T.1,2026-08-15 00:00,1.5,,11.2
T.10,2026-08-15 00:00,2.75,,5.25
T.13,2026-08-15 00:00,1.87,,5.87
T.14,2026-08-15 00:00,1.17,,9.97
T.15,2026-08-15 00:00,1.47,,7.47
C.12,2026-08-15 01:00,0.7,,
C.13,2026-08-15 01:00,7.7,360.0,
C.2,2026-08-15 01:00,18.93,754.0,
C.22A,2026-08-15 01:00,0.69,,
C.29B,2026-08-15 01:00,1.11,304.0,
C.3,2026-08-15 01:00,4.38,,
C.35,2026-08-15 01:00,1.5,,
C.36,2026-08-15 01:00,1.57,,
C.37,2026-08-15 01:00,1.47,,
C.38,2026-08-15 01:00,0.96,,
C.44,2026-08-15 01:00,6,,
C.45,2026-08-15 01:00,3.15,,
C.46,2026-08-15 01:00,2.63,,
C.47,2026-08-15 01:00,1.84,,
C.66,2026-08-15 01:00,7.31,,
C.67,2026-08-15 01:00,1.66,,
C.68,2026-08-15 01:00,1.41,,
C.7A,2026-08-15 01:00,2.04,,
C.บางปะอิน,2026-08-15 01:00,1.42,,
N.67,2026-08-15 01:00,22.5,534.0,
P.17,2026-08-15 01:00,34.17,112.0,
S.14,2026-08-15 01:00,56.74,,
S.26,2026-08-15 01:00,1.33,,
S.28,2026-08-15 01:00,17.13,6.0,
S.32,2026-08-15 01:00,7.08,,
S.42,2026-08-15 01:00,59.94,109.2,8.15
S.43,2026-08-15 01:00,42.48,142.0,
S.5,2026-08-15 01:00,1.45,,
S.9,2026-08-15 01:00,8.71,,
T.1,2026-08-15 01:00,1.43,,11.13
T.10,2026-08-15 01:00,2.73,,5.23
T.13,2026-08-15 01:00,1.9,,5.9
T.14,2026-08-15 01:00,1.02,,9.82
T.15,2026-08-15 01:00,1.51,,7.51
C.12,2026-08-15 02:00,0.54,,
C.13,2026-08-15 02:00,7.7,360.0,
C.2,2026-08-15 02:00,18.92,752.0,
C.22A,2026-08-15 02:00,0.57,,
C.29B,2026-08-15 02:00,0.96,884.0,
C.3,2026-08-15 02:00,4.38,,
C.35,2026-08-15 02:00,1.51,,
C.36,2026-08-15 02:00,1.63,,
C.37,2026-08-15 02:00,1.53,,
C.38,2026-08-15 02:00,0.83,,
C.44,2026-08-15 02:00,6,,
C.45,2026-08-15 02:00,3.15,,
C.46,2026-08-15 02:00,2.64,,
C.47,2026-08-15 02:00,1.89,,
C.66,2026-08-15 02:00,7.3,,
C.67,2026-08-15 02:00,1.7,,
C.68,2026-08-15 02:00,1.42,,
C.7A,2026-08-15 02:00,2.07,,
C.บางปะอิน,2026-08-15 02:00,1.31,,
N.67,2026-08-15 02:00,22.49,533.0,
P.17,2026-08-15 02:00,34.18,115.0,
S.14,2026-08-15 02:00,56.74,,
S.26,2026-08-15 02:00,1.53,,
S.28,2026-08-15 02:00,17.12,6.0,
S.32,2026-08-15 02:00,7.06,,
S.42,2026-08-15 02:00,59.93,108.8,8.14
S.43,2026-08-15 02:00,42.47,142.0,
S.5,2026-08-15 02:00,1.42,,
S.9,2026-08-15 02:00,8.7,,
T.1,2026-08-15 02:00,1.36,,11.06
T.10,2026-08-15 02:00,2.72,,5.22
T.13,2026-08-15 02:00,1.92,,5.92
T.14,2026-08-15 02:00,0.87,,9.67
T.15,2026-08-15 02:00,1.52,,7.52
C.12,2026-08-15 03:00,0.44,,
C.13,2026-08-15 03:00,7.7,360.0,
C.2,2026-08-15 03:00,18.92,752.0,
C.22A,2026-08-15 03:00,0.47,,
C.29B,2026-08-15 03:00,0.83,1140.0,
C.3,2026-08-15 03:00,4.38,,
C.35,2026-08-15 03:00,1.46,,
C.36,2026-08-15 03:00,1.63,,
C.37,2026-08-15 03:00,1.55,,
C.38,2026-08-15 03:00,0.71,,
C.44,2026-08-15 03:00,6.01,,
C.45,2026-08-15 03:00,3.15,,
C.46,2026-08-15 03:00,2.65,,
C.47,2026-08-15 03:00,1.91,,
C.66,2026-08-15 03:00,7.3,,
C.67,2026-08-15 03:00,1.71,,
C.68,2026-08-15 03:00,1.38,,
C.7A,2026-08-15 03:00,2.1,,
C.บางปะอิน,2026-08-15 03:00,1.17,,
N.67,2026-08-15 03:00,22.49,533.0,
P.17,2026-08-15 03:00,34.18,115.0,
S.14,2026-08-15 03:00,56.73,,
S.26,2026-08-15 03:00,1.67,,
S.28,2026-08-15 03:00,17.12,6.0,
S.32,2026-08-15 03:00,7.06,,
S.42,2026-08-15 03:00,59.92,108.4,8.13
S.43,2026-08-15 03:00,42.46,141.0,
S.5,2026-08-15 03:00,1.29,,
S.9,2026-08-15 03:00,8.7,,
T.1,2026-08-15 03:00,1.3,,11
T.10,2026-08-15 03:00,2.7,,5.2
T.13,2026-08-15 03:00,1.93,,5.93
T.14,2026-08-15 03:00,0.72,,9.52
T.15,2026-08-15 03:00,1.53,,7.53
C.12,2026-08-15 04:00,0.38,,
C.13,2026-08-15 04:00,7.7,360.0,
C.2,2026-08-15 04:00,18.91,749.0,
C.22A,2026-08-15 04:00,0.38,,
C.29B,2026-08-15 04:00,0.72,944.0,
C.3,2026-08-15 04:00,4.39,,
C.35,2026-08-15 04:00,1.39,,
C.36,2026-08-15 04:00,1.61,,
C.37,2026-08-15 04:00,1.54,,
C.38,2026-08-15 04:00,0.6,,
C.44,2026-08-15 04:00,6.01,,
C.45,2026-08-15 04:00,3.17,,
C.46,2026-08-15 04:00,2.69,,
C.47,2026-08-15 04:00,1.91,,
C.66,2026-08-15 04:00,7.31,,
C.67,2026-08-15 04:00,1.68,,
C.68,2026-08-15 04:00,1.32,,
C.7A,2026-08-15 04:00,2.11,,
C.บางปะอิน,2026-08-15 04:00,1.06,,
N.67,2026-08-15 04:00,22.49,533.0,
P.17,2026-08-15 04:00,34.19,117.0,
S.14,2026-08-15 04:00,56.72,,
S.26,2026-08-15 04:00,1.68,,
S.28,2026-08-15 04:00,17.12,6.0,
S.32,2026-08-15 04:00,7.04,,
S.42,2026-08-15 04:00,59.9,107.7,8.11
S.43,2026-08-15 04:00,42.42,139.0,
S.5,2026-08-15 04:00,1.19,,
S.9,2026-08-15 04:00,8.69,,
T.1,2026-08-15 04:00,1.23,,10.93
T.10,2026-08-15 04:00,2.69,,5.19
T.13,2026-08-15 04:00,1.93,,5.93
T.14,2026-08-15 04:00,0.61,,9.41
T.15,2026-08-15 04:00,1.52,,7.52
C.12,2026-08-15 05:00,0.49,,
C.13,2026-08-15 05:00,7.7,360.0,
C.2,2026-08-15 05:00,18.91,749.0,
C.22A,2026-08-15 05:00,0.34,,
C.29B,2026-08-15 05:00,0.61,808.0,
C.3,2026-08-15 05:00,4.39,,
C.35,2026-08-15 05:00,1.34,,
C.36,2026-08-15 05:00,1.59,,
C.37,2026-08-15 05:00,1.51,,
C.38,2026-08-15 05:00,0.53,,
C.44,2026-08-15 05:00,6.01,,
C.45,2026-08-15 05:00,3.17,,
C.46,2026-08-15 05:00,2.69,,
C.47,2026-08-15 05:00,1.9,,
C.66,2026-08-15 05:00,7.31,,
C.67,2026-08-15 05:00,1.65,,
C.68,2026-08-15 05:00,1.27,,
C.7A,2026-08-15 05:00,2.11,,
C.บางปะอิน,2026-08-15 05:00,0.97,,
N.67,2026-08-15 05:00,22.49,533.0,
P.17,2026-08-15 05:00,34.19,117.0,
S.14,2026-08-15 05:00,56.71,,
S.26,2026-08-15 05:00,1.58,,
S.28,2026-08-15 05:00,17.12,6.0,
S.32,2026-08-15 05:00,7.04,,
S.42,2026-08-15 05:00,59.89,107.3,8.1
S.43,2026-08-15 05:00,42.43,140.0,
S.5,2026-08-15 05:00,1.11,,
S.9,2026-08-15 05:00,8.69,,
T.1,2026-08-15 05:00,1.18,,10.88
T.10,2026-08-15 05:00,2.68,,5.18
T.13,2026-08-15 05:00,1.93,,5.93
T.14,2026-08-15 05:00,0.56,,9.36
T.15,2026-08-15 05:00,1.51,,7.51
C.12,2026-08-15 06:00,0.79,,
C.13,2026-08-15 06:00,7.7,360.0,
C.2,2026-08-15 06:00,18.91,749.0,
C.22A,2026-08-15 06:00,0.51,,
C.29B,2026-08-15 06:00,0.54,869.0,
C.3,2026-08-15 06:00,4.39,,
C.35,2026-08-15 06:00,1.29,,
C.36,2026-08-15 06:00,1.58,,
C.37,2026-08-15 06:00,1.48,,
C.38,2026-08-15 06:00,0.52,,
C.44,2026-08-15 06:00,6.02,,
C.45,2026-08-15 06:00,3.18,,
C.46,2026-08-15 06:00,2.7,,
C.47,2026-08-15 06:00,1.89,,
C.66,2026-08-15 06:00,7.31,,
C.67,2026-08-15 06:00,1.62,,
C.68,2026-08-15 06:00,1.21,,
C.7A,2026-08-15 06:00,2.11,,
C.บางปะอิน,2026-08-15 06:00,0.89,,
N.67,2026-08-15 06:00,22.48,532.0,
P.17,2026-08-15 06:00,34.19,117.0,
S.14,2026-08-15 06:00,56.69,,
S.26,2026-08-15 06:00,1.47,,
S.28,2026-08-15 06:00,17.12,6.0,
S.32,2026-08-15 06:00,7.04,,
S.42,2026-08-15 06:00,59.87,106.5,8.08
S.43,2026-08-15 06:00,42.42,139.0,
S.5,2026-08-15 06:00,1.03,,
S.9,2026-08-15 06:00,8.68,,
T.1,2026-08-15 06:00,1.12,,10.82
T.10,2026-08-15 06:00,2.66,,5.16
T.13,2026-08-15 06:00,1.92,,5.92
T.14,2026-08-15 06:00,0.64,,9.44
T.15,2026-08-15 06:00,1.49,,7.49
C.12,2026-08-15 07:00,0.96,,
C.13,2026-08-15 07:00,7.7,360.0,
C.2,2026-08-15 07:00,18.9,746.0,
C.22A,2026-08-15 07:00,0.75,,
C.29B,2026-08-15 07:00,0.54,474.0,
C.3,2026-08-15 07:00,4.39,,
C.35,2026-08-15 07:00,1.23,,
C.36,2026-08-15 07:00,1.54,,
C.37,2026-08-15 07:00,1.45,,
C.38,2026-08-15 07:00,0.66,,
C.44,2026-08-15 07:00,6.02,,
C.45,2026-08-15 07:00,3.18,,
C.46,2026-08-15 07:00,2.7,,
C.47,2026-08-15 07:00,1.87,,
C.66,2026-08-15 07:00,7.32,,
C.67,2026-08-15 07:00,1.58,,
C.68,2026-08-15 07:00,1.16,,
C.7A,2026-08-15 07:00,2.11,,
C.บางปะอิน,2026-08-15 07:00,0.84,,
N.67,2026-08-15 07:00,22.48,532.0,
P.17,2026-08-15 07:00,34.18,115.0,
S.14,2026-08-15 07:00,56.67,,
S.26,2026-08-15 07:00,1.38,,
S.28,2026-08-15 07:00,17.13,6.0,
S.32,2026-08-15 07:00,7.03,,
S.42,2026-08-15 07:00,59.86,106.1,8.07
S.43,2026-08-15 07:00,42.41,139.0,
S.5,2026-08-15 07:00,0.95,,
S.9,2026-08-15 07:00,8.68,,
T.1,2026-08-15 07:00,1.1,,10.8
T.10,2026-08-15 07:00,2.67,,5.17
T.13,2026-08-15 07:00,1.91,,5.91
T.14,2026-08-15 07:00,0.85,,9.65
T.15,2026-08-15 07:00,1.49,,7.49
C.12,2026-08-15 08:00,1,,
C.13,2026-08-15 08:00,7.7,360.0,
C.2,2026-08-15 08:00,18.9,746.0,
C.22A,2026-08-15 08:00,0.83,,
C.29B,2026-08-15 08:00,0.67,203.0,
C.3,2026-08-15 08:00,4.4,,
C.35,2026-08-15 08:00,1.2,,
C.36,2026-08-15 08:00,1.5,,
C.37,2026-08-15 08:00,1.42,,
C.38,2026-08-15 08:00,0.76,,
C.44,2026-08-15 08:00,6.02,,
C.45,2026-08-15 08:00,3.18,,
C.46,2026-08-15 08:00,2.7,,
C.47,2026-08-15 08:00,1.85,,
C.66,2026-08-15 08:00,7.32,,
C.67,2026-08-15 08:00,1.55,,
C.68,2026-08-15 08:00,1.12,,
C.7A,2026-08-15 08:00,2.1,,
C.บางปะอิน,2026-08-15 08:00,0.91,,
N.67,2026-08-15 08:00,22.48,532.0,
P.17,2026-08-15 08:00,34.18,115.0,
S.14,2026-08-15 08:00,56.65,,
S.26,2026-08-15 08:00,1.29,,
S.28,2026-08-15 08:00,17.09,5.0,
S.32,2026-08-15 08:00,7,,
S.42,2026-08-15 08:00,59.84,105.3,8.05
S.43,2026-08-15 08:00,42.39,138.0,
S.5,2026-08-15 08:00,0.93,,
S.9,2026-08-15 08:00,8.68,,
T.1,2026-08-15 08:00,1.14,,10.84
T.10,2026-08-15 08:00,2.67,,5.17
T.13,2026-08-15 08:00,1.9,,5.9
T.14,2026-08-15 08:00,0.99,,9.79
T.15,2026-08-15 08:00,1.46,,7.46
C.12,2026-08-15 09:00,0.82,,
C.13,2026-08-15 09:00,7.7,360.0,
C.2,2026-08-15 09:00,18.9,746.0,
C.22A,2026-08-15 09:00,0.73,,
C.29B,2026-08-15 09:00,0.77,41.0,
C.3,2026-08-15 09:00,4.4,,
C.35,2026-08-15 09:00,1.2,,
C.36,2026-08-15 09:00,1.48,,
C.37,2026-08-15 09:00,1.38,,
C.38,2026-08-15 09:00,0.81,,
C.44,2026-08-15 09:00,6.03,,
C.45,2026-08-15 09:00,3.18,,
C.46,2026-08-15 09:00,2.69,,
C.47,2026-08-15 09:00,1.84,,
C.66,2026-08-15 09:00,7.32,,
C.67,2026-08-15 09:00,1.53,,
C.68,2026-08-15 09:00,1.11,,
C.7A,2026-08-15 09:00,2.08,,
C.บางปะอิน,2026-08-15 09:00,1.01,,
N.67,2026-08-15 09:00,22.48,532.0,
P.17,2026-08-15 09:00,34.18,115.0,
S.14,2026-08-15 09:00,56.62,,
S.26,2026-08-15 09:00,1.14,,
S.28,2026-08-15 09:00,17.05,5.0,
S.32,2026-08-15 09:00,7.02,,
S.42,2026-08-15 09:00,59.83,105.0,8.04
S.43,2026-08-15 09:00,42.39,138.0,
S.5,2026-08-15 09:00,1.02,,
S.9,2026-08-15 09:00,8.69,,
T.1,2026-08-15 09:00,1.19,,10.89
T.10,2026-08-15 09:00,2.66,,5.16
T.13,2026-08-15 09:00,1.88,,5.88
T.14,2026-08-15 09:00,0.98,,9.78
T.15,2026-08-15 09:00,1.45,,7.45
C.12,2026-08-15 10:00,0.58,,
C.13,2026-08-15 10:00,7.7,360.0,
C.2,2026-08-15 10:00,18.89,743.0,
C.22A,2026-08-15 10:00,0.58,,
C.29B,2026-08-15 10:00,0.81,352.0,
C.3,2026-08-15 10:00,4.41,,
C.35,2026-08-15 10:00,1.26,,
C.36,2026-08-15 10:00,1.48,,
C.37,2026-08-15 10:00,1.38,,
C.38,2026-08-15 10:00,0.75,,
C.44,2026-08-15 10:00,6.03,,
C.45,2026-08-15 10:00,3.19,,
C.46,2026-08-15 10:00,2.69,,
C.47,2026-08-15 10:00,1.83,,
C.66,2026-08-15 10:00,7.32,,
C.67,2026-08-15 10:00,1.53,,
C.68,2026-08-15 10:00,1.15,,
C.7A,2026-08-15 10:00,2.08,,
C.บางปะอิน,2026-08-15 10:00,1.1,,
N.67,2026-08-15 10:00,22.48,532.0,
P.17,2026-08-15 10:00,34.17,112.0,
S.14,2026-08-15 10:00,56.6,,
S.26,2026-08-15 10:00,1.04,,
S.28,2026-08-15 10:00,16.99,4.0,
S.32,2026-08-15 10:00,7.11,,
S.42,2026-08-15 10:00,59.81,104.2,8.02
S.43,2026-08-15 10:00,42.37,137.0,
S.5,2026-08-15 10:00,1.1,,
S.9,2026-08-15 10:00,8.7,,
T.1,2026-08-15 10:00,1.21,,10.91
T.10,2026-08-15 10:00,2.66,,5.16
T.13,2026-08-15 10:00,1.87,,5.87
T.14,2026-08-15 10:00,0.86,,9.66
T.15,2026-08-15 10:00,1.44,,7.44
C.12,2026-08-15 11:00,0.44,,
C.13,2026-08-15 11:00,7.7,360.0,
C.2,2026-08-15 11:00,18.89,743.0,
C.22A,2026-08-15 11:00,0.44,,
C.29B,2026-08-15 11:00,0.75,352.0,
C.3,2026-08-15 11:00,4.41,,
C.35,2026-08-15 11:00,1.31,,
C.36,2026-08-15 11:00,1.5,,
C.37,2026-08-15 11:00,1.39,,
C.38,2026-08-15 11:00,0.66,,
C.44,2026-08-15 11:00,6.03,,
C.45,2026-08-15 11:00,3.19,,
C.46,2026-08-15 11:00,2.69,,
C.47,2026-08-15 11:00,1.84,,
C.66,2026-08-15 11:00,7.33,,
C.67,2026-08-15 11:00,1.56,,
C.68,2026-08-15 11:00,1.2,,
C.7A,2026-08-15 11:00,2.07,,
C.บางปะอิน,2026-08-15 11:00,1.06,,
N.67,2026-08-15 11:00,22.47,530.0,
P.17,2026-08-15 11:00,34.17,112.0,
S.14,2026-08-15 11:00,56.58,,
S.26,2026-08-15 11:00,0.99,,
S.28,2026-08-15 11:00,16.95,4.0,
S.32,2026-08-15 11:00,7.13,,
S.42,2026-08-15 11:00,59.8,103.8,8.01
S.43,2026-08-15 11:00,42.36,137.0,
S.5,2026-08-15 11:00,1.13,,
S.9,2026-08-15 11:00,8.71,,
T.1,2026-08-15 11:00,1.18,,10.88
T.10,2026-08-15 11:00,2.66,,5.16
T.13,2026-08-15 11:00,1.86,,5.86
T.14,2026-08-15 11:00,0.72,,9.52
T.15,2026-08-15 11:00,1.43,,7.43
C.12,2026-08-15 12:00,0.18,,
C.13,2026-08-15 12:00,7.63,350.0,
C.2,2026-08-15 12:00,18.89,743.0,
C.22A,2026-08-15 12:00,0.28,,
C.29B,2026-08-15 12:00,0.64,354.0,
C.3,2026-08-15 12:00,4.41,,
C.35,2026-08-15 12:00,1.29,,
C.36,2026-08-15 12:00,1.5,,
C.37,2026-08-15 12:00,1.4,,
C.38,2026-08-15 12:00,0.54,,
C.44,2026-08-15 12:00,6.03,,
C.45,2026-08-15 12:00,3.18,,
C.46,2026-08-15 12:00,2.69,,
C.47,2026-08-15 12:00,1.84,,
C.66,2026-08-15 12:00,7.33,,
C.67,2026-08-15 12:00,1.56,,
C.68,2026-08-15 12:00,1.18,,
C.7A,2026-08-15 12:00,2.08,,
C.บางปะอิน,2026-08-15 12:00,0.96,,
N.67,2026-08-15 12:00,22.47,530.0,
P.17,2026-08-15 12:00,34.17,112.0,
S.14,2026-08-15 12:00,56.56,,
S.26,2026-08-15 12:00,1.05,,
S.28,2026-08-15 12:00,16.93,4.0,
S.32,2026-08-15 12:00,7.19,,
S.42,2026-08-15 12:00,59.78,103.1,7.99
S.43,2026-08-15 12:00,42.35,136.0,
S.5,2026-08-15 12:00,1.05,,
S.9,2026-08-15 12:00,8.71,,
T.1,2026-08-15 12:00,1.14,,10.84
T.10,2026-08-15 12:00,2.65,,5.15
T.13,2026-08-15 12:00,1.85,,5.85
T.14,2026-08-15 12:00,0.57,,9.37
T.15,2026-08-15 12:00,1.43,,7.43
C.12,2026-08-15 13:00,-0.06,,
C.13,2026-08-15 13:00,7.56,340.0,
C.2,2026-08-15 13:00,18.89,743.0,
C.22A,2026-08-15 13:00,0.1,,
C.29B,2026-08-15 13:00,0.55,434.0,
C.3,2026-08-15 13:00,4.43,,
C.35,2026-08-15 13:00,1.24,,
C.36,2026-08-15 13:00,1.49,,
C.37,2026-08-15 13:00,1.4,,
C.38,2026-08-15 13:00,0.42,,
C.44,2026-08-15 13:00,6.03,,
C.45,2026-08-15 13:00,3.18,,
C.46,2026-08-15 13:00,2.68,,
C.47,2026-08-15 13:00,1.84,,
C.66,2026-08-15 13:00,7.26,,
C.67,2026-08-15 13:00,1.55,,
C.68,2026-08-15 13:00,1.14,,
C.7A,2026-08-15 13:00,2.08,,
C.บางปะอิน,2026-08-15 13:00,0.86,,
N.67,2026-08-15 13:00,22.47,530.0,
P.17,2026-08-15 13:00,34.16,110.0,
S.14,2026-08-15 13:00,56.54,,
S.26,2026-08-15 13:00,1.17,,
S.28,2026-08-15 13:00,16.9,4.0,
S.32,2026-08-15 13:00,7.17,,
S.42,2026-08-15 13:00,59.77,102.7,7.98
S.43,2026-08-15 13:00,42.33,135.0,
S.5,2026-08-15 13:00,0.97,,
S.9,2026-08-15 13:00,8.71,,
T.1,2026-08-15 13:00,1.08,,10.78
T.10,2026-08-15 13:00,2.65,,5.15
T.13,2026-08-15 13:00,1.85,,5.85
T.14,2026-08-15 13:00,0.4,,9.2
T.15,2026-08-15 13:00,1.43,,7.43
C.12,2026-08-15 14:00,-0.22,,
C.13,2026-08-15 14:00,7.49,330.0,
C.2,2026-08-15 14:00,18.88,740.0,
C.22A,2026-08-15 14:00,-0.07,,
C.29B,2026-08-15 14:00,0.41,382.0,
C.3,2026-08-15 14:00,4.43,,
C.35,2026-08-15 14:00,1.19,,
C.36,2026-08-15 14:00,1.47,,
C.37,2026-08-15 14:00,1.38,,
C.38,2026-08-15 14:00,0.27,,
C.44,2026-08-15 14:00,6.01,,
C.45,2026-08-15 14:00,3.18,,
C.46,2026-08-15 14:00,2.69,,
C.47,2026-08-15 14:00,1.83,,
C.66,2026-08-15 14:00,7.21,,
C.67,2026-08-15 14:00,1.52,,
C.68,2026-08-15 14:00,1.09,,
C.7A,2026-08-15 14:00,2.07,,
C.บางปะอิน,2026-08-15 14:00,0.77,,
N.67,2026-08-15 14:00,22.46,529.0,
P.17,2026-08-15 14:00,34.16,110.0,
S.14,2026-08-15 14:00,56.52,,
S.26,2026-08-15 14:00,1.22,,
S.28,2026-08-15 14:00,16.92,4.0,
S.32,2026-08-15 14:00,7.18,,
S.42,2026-08-15 14:00,59.75,101.9,7.96
S.43,2026-08-15 14:00,42.32,135.0,
S.5,2026-08-15 14:00,0.9,,
S.9,2026-08-15 14:00,8.71,,
T.1,2026-08-15 14:00,1.01,,10.71
T.10,2026-08-15 14:00,2.64,,5.14
T.13,2026-08-15 14:00,1.84,,5.84
T.14,2026-08-15 14:00,0.25,,9.05
T.15,2026-08-15 14:00,1.42,,7.42
C.12,2026-08-15 15:00,-0.35,,
C.13,2026-08-15 15:00,7.42,320.0,
C.2,2026-08-15 15:00,18.88,740.0,
C.22A,2026-08-15 15:00,-0.21,,
C.29B,2026-08-15 15:00,0.29,373.0,
C.3,2026-08-15 15:00,4.42,,
C.35,2026-08-15 15:00,1.15,,
C.36,2026-08-15 15:00,1.46,,
C.37,2026-08-15 15:00,1.37,,
C.38,2026-08-15 15:00,0.16,,
C.44,2026-08-15 15:00,5.99,,
C.45,2026-08-15 15:00,3.18,,
C.46,2026-08-15 15:00,2.69,,
C.47,2026-08-15 15:00,1.81,,
C.66,2026-08-15 15:00,7.17,,
C.67,2026-08-15 15:00,1.48,,
C.68,2026-08-15 15:00,1.03,,
C.7A,2026-08-15 15:00,2.07,,
C.บางปะอิน,2026-08-15 15:00,0.66,,
N.67,2026-08-15 15:00,22.47,530.0,
P.17,2026-08-15 15:00,34.16,110.0,
S.14,2026-08-15 15:00,56.5,,
S.26,2026-08-15 15:00,1.15,,
S.28,2026-08-15 15:00,16.95,4.0,
S.32,2026-08-15 15:00,7.14,,
S.42,2026-08-15 15:00,59.74,101.5,7.95
S.43,2026-08-15 15:00,42.31,134.0,
S.5,2026-08-15 15:00,0.83,,
S.9,2026-08-15 15:00,8.71,,
T.1,2026-08-15 15:00,0.94,,10.64
T.10,2026-08-15 15:00,2.63,,5.13
T.13,2026-08-15 15:00,1.83,,5.83
T.14,2026-08-15 15:00,0.16,,8.96
T.15,2026-08-15 15:00,1.4,,7.4
C.12,2026-08-15 16:00,-0.46,,
C.13,2026-08-15 16:00,7.35,310.0,
C.2,2026-08-15 16:00,18.87,737.0,
C.22A,2026-08-15 16:00,-0.33,,
C.29B,2026-08-15 16:00,0.18,636.0,
C.3,2026-08-15 16:00,4.41,,
C.35,2026-08-15 16:00,1.09,,
C.36,2026-08-15 16:00,1.41,,
C.37,2026-08-15 16:00,1.33,,
C.38,2026-08-15 16:00,0.03,,
C.44,2026-08-15 16:00,5.96,,
C.45,2026-08-15 16:00,3.19,,
C.46,2026-08-15 16:00,2.69,,
C.47,2026-08-15 16:00,1.8,,
C.66,2026-08-15 16:00,7.14,,
C.67,2026-08-15 16:00,1.45,,
C.68,2026-08-15 16:00,0.97,,
C.7A,2026-08-15 16:00,2.06,,
C.บางปะอิน,2026-08-15 16:00,0.56,,
N.67,2026-08-15 16:00,22.46,529.0,
P.17,2026-08-15 16:00,34.15,107.0,
S.14,2026-08-15 16:00,56.48,,
S.26,2026-08-15 16:00,1.07,,
S.28,2026-08-15 16:00,16.97,4.0,
S.32,2026-08-15 16:00,7.15,,
S.42,2026-08-15 16:00,59.72,100.8,7.93
S.43,2026-08-15 16:00,42.28,133.0,
S.5,2026-08-15 16:00,0.71,,
S.9,2026-08-15 16:00,8.72,,
T.1,2026-08-15 16:00,0.89,,10.59
T.10,2026-08-15 16:00,2.63,,5.13
T.13,2026-08-15 16:00,1.82,,5.82
T.14,2026-08-15 16:00,0.05,,8.85
T.15,2026-08-15 16:00,1.39,,7.39
C.12,2026-08-15 17:00,-0.21,,
C.13,2026-08-15 17:00,7.27,300.0,
C.2,2026-08-15 17:00,18.87,737.0,
C.22A,2026-08-15 17:00,-0.34,,
C.29B,2026-08-15 17:00,0.06,698.0,
C.3,2026-08-15 17:00,4.4,,
C.35,2026-08-15 17:00,1.03,,
C.36,2026-08-15 17:00,1.38,,
C.37,2026-08-15 17:00,1.31,,
C.38,2026-08-15 17:00,-0.07,,
C.44,2026-08-15 17:00,5.93,,
C.45,2026-08-15 17:00,3.18,,
C.46,2026-08-15 17:00,2.68,,
C.47,2026-08-15 17:00,1.78,,
C.66,2026-08-15 17:00,7.1,,
C.67,2026-08-15 17:00,1.41,,
C.68,2026-08-15 17:00,0.91,,
C.7A,2026-08-15 17:00,2.05,,
C.บางปะอิน,2026-08-15 17:00,0.48,,
N.67,2026-08-15 17:00,22.45,528.0,
P.17,2026-08-15 17:00,34.15,107.0,
S.14,2026-08-15 17:00,56.46,,
S.26,2026-08-15 17:00,0.99,,
S.28,2026-08-15 17:00,17.07,5.0,
S.32,2026-08-15 17:00,7.14,,
S.42,2026-08-15 17:00,59.71,100.4,7.92
S.43,2026-08-15 17:00,42.27,132.0,
S.5,2026-08-15 17:00,0.62,,
S.9,2026-08-15 17:00,8.71,,
T.1,2026-08-15 17:00,0.83,,10.53
T.10,2026-08-15 17:00,2.63,,5.13
T.13,2026-08-15 17:00,1.81,,5.81
T.14,2026-08-15 17:00,-0.02,,8.78
T.15,2026-08-15 17:00,1.38,,7.38
C.12,2026-08-15 18:00,0.4,,
C.13,2026-08-15 18:00,7.2,290.0,
C.2,2026-08-15 18:00,18.87,737.0,
C.22A,2026-08-15 18:00,-0.06,,
C.29B,2026-08-15 18:00,-0.03,734.0,
C.3,2026-08-15 18:00,4.39,,
C.35,2026-08-15 18:00,0.98,,
C.36,2026-08-15 18:00,1.35,,
C.37,2026-08-15 18:00,1.29,,
C.38,2026-08-15 18:00,-0.06,,
C.44,2026-08-15 18:00,5.9,,
C.45,2026-08-15 18:00,3.17,,
C.46,2026-08-15 18:00,2.68,,
C.47,2026-08-15 18:00,1.76,,
C.66,2026-08-15 18:00,7.05,,
C.67,2026-08-15 18:00,1.37,,
C.68,2026-08-15 18:00,0.85,,
C.7A,2026-08-15 18:00,2.03,,
C.บางปะอิน,2026-08-15 18:00,0.36,,
N.67,2026-08-15 18:00,22.46,529.0,
P.17,2026-08-15 18:00,34.15,107.0,
S.14,2026-08-15 18:00,56.45,,
S.26,2026-08-15 18:00,0.93,,
S.28,2026-08-15 18:00,17.04,5.0,
S.32,2026-08-15 18:00,7.14,,
S.42,2026-08-15 18:00,59.69,99.68,7.9
S.43,2026-08-15 18:00,42.26,132.0,
S.5,2026-08-15 18:00,0.55,,
S.9,2026-08-15 18:00,8.71,,
T.1,2026-08-15 18:00,0.78,,10.48
T.10,2026-08-15 18:00,2.62,,5.12
T.13,2026-08-15 18:00,1.79,,5.79
T.14,2026-08-15 18:00,0.15,,8.95
T.15,2026-08-15 18:00,1.36,,7.36
C.12,2026-08-15 19:00,0.92,,
C.13,2026-08-15 19:00,7.2,290.0,
C.2,2026-08-15 19:00,18.86,735.0,
C.22A,2026-08-15 19:00,0.54,,
C.29B,2026-08-15 19:00,-0.03,668.0,
C.3,2026-08-15 19:00,4.35,,
C.35,2026-08-15 19:00,0.92,,
C.36,2026-08-15 19:00,1.32,,
C.37,2026-08-15 19:00,1.25,,
C.38,2026-08-15 19:00,0.22,,
C.44,2026-08-15 19:00,5.86,,
C.45,2026-08-15 19:00,3.15,,
C.46,2026-08-15 19:00,2.66,,
C.47,2026-08-15 19:00,1.73,,
C.66,2026-08-15 19:00,7.03,,
C.67,2026-08-15 19:00,1.33,,
C.68,2026-08-15 19:00,0.79,,
C.7A,2026-08-15 19:00,2.02,,
C.บางปะอิน,2026-08-15 19:00,0.31,,
N.67,2026-08-15 19:00,22.45,528.0,
P.17,2026-08-15 19:00,34.16,110.0,
S.14,2026-08-15 19:00,56.44,,
S.26,2026-08-15 19:00,0.85,,
S.28,2026-08-15 19:00,17.08,5.0,
S.32,2026-08-15 19:00,7.14,,
S.42,2026-08-15 19:00,59.68,99.31,7.89
S.43,2026-08-15 19:00,42.24,131.0,
S.5,2026-08-15 19:00,0.47,,
S.9,2026-08-15 19:00,8.71,,
T.1,2026-08-15 19:00,0.75,,10.45
T.10,2026-08-15 19:00,2.62,,5.12
T.13,2026-08-15 19:00,1.77,,5.77
T.14,2026-08-15 19:00,0.54,,9.34
T.15,2026-08-15 19:00,1.34,,7.34
C.12,2026-08-15 20:00,1.16,,
C.13,2026-08-15 20:00,7.2,290.0,
C.2,2026-08-15 20:00,18.86,735.0,
C.22A,2026-08-15 20:00,0.84,,
C.29B,2026-08-15 20:00,0.27,-191.0,
C.3,2026-08-15 20:00,4.33,,
C.35,2026-08-15 20:00,0.87,,
C.36,2026-08-15 20:00,1.28,,
C.37,2026-08-15 20:00,1.22,,
C.38,2026-08-15 20:00,0.55,,
C.44,2026-08-15 20:00,5.83,,
C.45,2026-08-15 20:00,3.14,,
C.46,2026-08-15 20:00,2.65,,
C.47,2026-08-15 20:00,1.7,,
C.66,2026-08-15 20:00,7,,
C.67,2026-08-15 20:00,1.29,,
C.68,2026-08-15 20:00,0.73,,
C.7A,2026-08-15 20:00,2,,
C.บางปะอิน,2026-08-15 20:00,0.44,,
N.67,2026-08-15 20:00,22.44,526.0,
P.17,2026-08-15 20:00,34.16,110.0,
S.14,2026-08-15 20:00,56.43,,
S.26,2026-08-15 20:00,0.78,,
S.28,2026-08-15 20:00,17.08,5.0,
S.32,2026-08-15 20:00,7.13,,
S.42,2026-08-15 20:00,59.66,98.57,7.87
S.43,2026-08-15 20:00,42.23,131.0,
S.5,2026-08-15 20:00,0.44,,
S.9,2026-08-15 20:00,8.71,,
T.1,2026-08-15 20:00,0.86,,10.56
T.10,2026-08-15 20:00,2.61,,5.11
T.13,2026-08-15 20:00,1.76,,5.76
T.14,2026-08-15 20:00,0.92,,9.72
T.15,2026-08-15 20:00,1.32,,7.32
C.12,2026-08-15 21:00,1.31,,
C.13,2026-08-15 21:00,7.2,290.0,
C.2,2026-08-15 21:00,18.85,732.0,
C.22A,2026-08-15 21:00,0.93,,
C.29B,2026-08-15 21:00,0.57,-348.0,
C.3,2026-08-15 21:00,4.31,,
C.35,2026-08-15 21:00,0.88,,
C.36,2026-08-15 21:00,1.25,,
C.37,2026-08-15 21:00,1.19,,
C.38,2026-08-15 21:00,0.72,,
C.44,2026-08-15 21:00,5.8,,
C.45,2026-08-15 21:00,3.13,,
C.46,2026-08-15 21:00,2.64,,
C.47,2026-08-15 21:00,1.68,,
C.66,2026-08-15 21:00,6.96,,
C.67,2026-08-15 21:00,1.27,,
C.68,2026-08-15 21:00,0.72,,
C.7A,2026-08-15 21:00,1.97,,
C.บางปะอิน,2026-08-15 21:00,0.82,,
N.67,2026-08-15 21:00,22.44,526.0,
P.17,2026-08-15 21:00,34.16,110.0,
S.14,2026-08-15 21:00,56.43,,
S.26,2026-08-15 21:00,0.71,,
S.28,2026-08-15 21:00,17.11,6.0,
S.32,2026-08-15 21:00,7.13,,
S.42,2026-08-15 21:00,59.65,98.2,7.86
S.43,2026-08-15 21:00,42.22,130.0,
S.5,2026-08-15 21:00,0.67,,
S.9,2026-08-15 21:00,8.71,,
T.1,2026-08-15 21:00,1.12,,10.82
T.10,2026-08-15 21:00,2.61,,5.11
T.13,2026-08-15 21:00,1.74,,5.74
T.14,2026-08-15 21:00,1.23,,10.03
T.15,2026-08-15 21:00,1.31,,7.31
C.12,2026-08-15 22:00,1.3,,
C.13,2026-08-15 22:00,7.2,290.0,
C.2,2026-08-15 22:00,18.85,732.0,
C.22A,2026-08-15 22:00,1.06,,
C.29B,2026-08-15 22:00,0.78,-238.0,
C.3,2026-08-15 22:00,4.29,,
C.35,2026-08-15 22:00,1.08,,
C.36,2026-08-15 22:00,1.25,,
C.37,2026-08-15 22:00,1.17,,
C.38,2026-08-15 22:00,0.92,,
C.44,2026-08-15 22:00,5.7,,
C.45,2026-08-15 22:00,3.1,,
C.46,2026-08-15 22:00,2.62,,
C.47,2026-08-15 22:00,1.67,,
C.66,2026-08-15 22:00,6.93,,
C.67,2026-08-15 22:00,1.3,,
C.68,2026-08-15 22:00,0.93,,
C.7A,2026-08-15 22:00,1.95,,
C.บางปะอิน,2026-08-15 22:00,1.03,,
N.67,2026-08-15 22:00,22.44,526.0,
P.17,2026-08-15 22:00,34.17,112.0,
S.14,2026-08-15 22:00,56.42,,
S.26,2026-08-15 22:00,0.64,,
S.28,2026-08-15 22:00,17.13,6.0,
S.32,2026-08-15 22:00,7.13,,
S.42,2026-08-15 22:00,59.63,97.46,7.84
S.43,2026-08-15 22:00,42.2,129.0,
S.5,2026-08-15 22:00,0.98,,
S.9,2026-08-15 22:00,8.71,,
T.1,2026-08-15 22:00,1.28,,10.98
T.10,2026-08-15 22:00,2.6,,5.1
T.13,2026-08-15 22:00,1.72,,5.72
T.14,2026-08-15 22:00,1.38,,10.18
T.15,2026-08-15 22:00,1.31,,7.31
C.12,2026-08-15 23:00,1.17,,
C.13,2026-08-15 23:00,7.2,290.0,
C.2,2026-08-15 23:00,18.85,732.0,
C.22A,2026-08-15 23:00,1.05,,
C.29B,2026-08-15 23:00,0.96,-405.0,
C.3,2026-08-15 23:00,4.25,,
C.35,2026-08-15 23:00,1.23,,
C.36,2026-08-15 23:00,1.33,,
C.37,2026-08-15 23:00,1.23,,
C.38,2026-08-15 23:00,1.03,,
C.44,2026-08-15 23:00,5.74,,
C.45,2026-08-15 23:00,3.08,,
C.46,2026-08-15 23:00,2.6,,
C.47,2026-08-15 23:00,1.69,,
C.66,2026-08-15 23:00,6.91,,
C.67,2026-08-15 23:00,1.4,,
C.68,2026-08-15 23:00,1.12,,
C.7A,2026-08-15 23:00,1.95,,
C.บางปะอิน,2026-08-15 23:00,1.22,,
N.67,2026-08-15 23:00,22.43,525.0,
P.17,2026-08-15 23:00,34.17,112.0,
S.14,2026-08-15 23:00,56.42,,
S.26,2026-08-15 23:00,0.61,,
S.28,2026-08-15 23:00,17.13,6.0,
S.32,2026-08-15 23:00,7.12,,
S.42,2026-08-15 23:00,59.62,97.09,7.83
S.43,2026-08-15 23:00,42.19,129.0,
S.5,2026-08-15 23:00,1.17,,
S.9,2026-08-15 23:00,8.71,,
T.1,2026-08-15 23:00,1.4,,11.1
T.10,2026-08-15 23:00,2.6,,5.1
T.13,2026-08-15 23:00,1.71,,5.71
T.14,2026-08-15 23:00,1.31,,10.11
T.15,2026-08-15 23:00,1.34,,7.34
