run,scenario,zone,days_50,days_90,volume0_mm3,lambda
2026-10-07 08:53,current,ชั้นในและฝั่งตะวันตก,0.1,0.1,1.899,5.0
2026-10-07 08:53,current,ตะวันออกรอบนอก,8.0,14.0,176.041,125.0
2026-10-07 08:53,current,เหนือ,0.2,0.2,0.177,1.0
2026-10-07 08:53,current,รวมทั้งเมือง,8.0,14.0,178.118,
2026-10-07 08:53,plan,ชั้นในและฝั่งตะวันตก,0.1,0.1,1.899,5.0
2026-10-07 08:53,plan,ตะวันออกรอบนอก,6.0,10.0,176.041,125.0
2026-10-07 08:53,plan,เหนือ,0.1,0.1,0.177,1.0
2026-10-07 08:53,plan,รวมทั้งเมือง,6.0,10.0,178.118,
2026-10-07 08:53,mobile,ชั้นในและฝั่งตะวันตก,0.1,0.1,1.899,5.0
2026-10-07 08:53,mobile,ตะวันออกรอบนอก,5.0,9.0,176.041,125.0
2026-10-07 08:53,mobile,เหนือ,0.1,0.1,0.177,1.0
2026-10-07 08:53,mobile,รวมทั้งเมือง,5.0,9.0,178.118,
2026-10-07 08:53,trunk,ชั้นในและฝั่งตะวันตก,0.1,0.1,1.899,5.0
2026-10-07 08:53,trunk,ตะวันออกรอบนอก,4.0,7.0,176.041,125.0
2026-10-07 08:53,trunk,เหนือ,0.1,0.1,0.177,1.0
2026-10-07 08:53,trunk,รวมทั้งเมือง,4.0,7.0,178.118,
2026-10-07 09:35,current,ชั้นในและฝั่งตะวันตก,0.1,0.1,1.818,5.0
2026-10-07 09:35,current,ตะวันออกรอบนอก,8.0,14.0,175.304,125.0
2026-10-07 09:35,current,เหนือ,0.2,0.2,0.177,1.0
2026-10-07 09:35,current,รวมทั้งเมือง,8.0,14.0,177.299,
2026-10-07 09:35,plan,ชั้นในและฝั่งตะวันตก,0.1,0.1,1.818,5.0
2026-10-07 09:35,plan,ตะวันออกรอบนอก,6.0,10.0,175.304,125.0
2026-10-07 09:35,plan,เหนือ,0.1,0.1,0.177,1.0
2026-10-07 09:35,plan,รวมทั้งเมือง,6.0,10.0,177.299,
2026-10-07 09:35,mobile,ชั้นในและฝั่งตะวันตก,0.1,0.1,1.818,5.0
2026-10-07 09:35,mobile,ตะวันออกรอบนอก,5.0,8.0,175.304,125.0
2026-10-07 09:35,mobile,เหนือ,0.1,0.1,0.177,1.0
2026-10-07 09:35,mobile,รวมทั้งเมือง,5.0,8.0,177.299,
2026-10-07 09:35,trunk,ชั้นในและฝั่งตะวันตก,0.1,0.1,1.818,5.0
2026-10-07 09:35,trunk,ตะวันออกรอบนอก,4.0,7.0,175.304,125.0
2026-10-07 09:35,trunk,เหนือ,0.1,0.1,0.177,1.0
2026-10-07 09:35,trunk,รวมทั้งเมือง,4.0,7.0,177.299,
2026-10-07 10:35,current,ชั้นในและฝั่งตะวันตก,0.1,0.1,1.798,5.0
2026-10-07 10:35,current,ตะวันออกรอบนอก,8.0,14.0,173.647,125.0
2026-10-07 10:35,current,เหนือ,0.2,0.2,0.173,1.0
2026-10-07 10:35,current,รวมทั้งเมือง,8.0,14.0,175.617,
2026-10-07 10:35,plan,ชั้นในและฝั่งตะวันตก,0.1,0.1,1.798,5.0
2026-10-07 10:35,plan,ตะวันออกรอบนอก,6.0,10.0,173.647,125.0
2026-10-07 10:35,plan,เหนือ,0.1,0.1,0.173,1.0
2026-10-07 10:35,plan,รวมทั้งเมือง,6.0,10.0,175.617,
2026-10-07 10:35,mobile,ชั้นในและฝั่งตะวันตก,0.1,0.1,1.798,5.0
2026-10-07 10:35,mobile,ตะวันออกรอบนอก,5.0,8.0,173.647,125.0
2026-10-07 10:35,mobile,เหนือ,0.1,0.1,0.173,1.0
2026-10-07 10:35,mobile,รวมทั้งเมือง,5.0,8.0,175.617,
2026-10-07 10:35,trunk,ชั้นในและฝั่งตะวันตก,0.1,0.1,1.798,5.0
2026-10-07 10:35,trunk,ตะวันออกรอบนอก,4.0,7.0,173.647,125.0
2026-10-07 10:35,trunk,เหนือ,0.1,0.1,0.173,1.0
2026-10-07 10:35,trunk,รวมทั้งเมือง,4.0,7.0,175.617,
2026-10-07 11:40,current,ชั้นในและฝั่งตะวันตก,0.1,0.1,1.765,5.0
2026-10-07 11:40,current,ตะวันออกรอบนอก,9.0,15.0,194.633,125.0
2026-10-07 11:40,current,เหนือ,0.2,0.2,0.256,1.5
2026-10-07 11:40,current,รวมทั้งเมือง,9.0,15.0,196.655,
2026-10-07 11:40,plan,ชั้นในและฝั่งตะวันตก,0.1,0.1,1.765,5.0
2026-10-07 11:40,plan,ตะวันออกรอบนอก,6.0,12.0,194.633,125.0
2026-10-07 11:40,plan,เหนือ,0.1,0.1,0.256,1.5
2026-10-07 11:40,plan,รวมทั้งเมือง,6.0,12.0,196.655,
2026-10-07 11:40,mobile,ชั้นในและฝั่งตะวันตก,0.1,0.1,1.765,5.0
2026-10-07 11:40,mobile,ตะวันออกรอบนอก,5.0,10.0,194.633,125.0
2026-10-07 11:40,mobile,เหนือ,0.1,0.1,0.256,1.5
2026-10-07 11:40,mobile,รวมทั้งเมือง,5.0,10.0,196.655,
2026-10-07 11:40,trunk,ชั้นในและฝั่งตะวันตก,0.1,0.1,1.765,5.0
2026-10-07 11:40,trunk,ตะวันออกรอบนอก,5.0,8.0,194.633,125.0
2026-10-07 11:40,trunk,เหนือ,0.1,0.1,0.256,1.5
2026-10-07 11:40,trunk,รวมทั้งเมือง,5.0,8.0,196.655,
2026-10-07 12:35,current,ชั้นในและฝั่งตะวันตก,0.1,0.4,1.746,5.0
2026-10-07 12:35,current,ตะวันออกรอบนอก,3.0,5.0,27.63,17.8
2026-10-07 12:35,current,เหนือ,0.1,0.1,0.375,2.2
2026-10-07 12:35,current,รวมทั้งเมือง,3.0,5.0,29.751,
2026-10-07 12:35,plan,ชั้นในและฝั่งตะวันตก,0.1,0.4,1.746,5.0
2026-10-07 12:35,plan,ตะวันออกรอบนอก,3.0,5.0,27.63,17.8
2026-10-07 12:35,plan,เหนือ,0.1,0.1,0.375,2.2
2026-10-07 12:35,plan,รวมทั้งเมือง,3.0,5.0,29.751,
2026-10-07 12:35,mobile,ชั้นในและฝั่งตะวันตก,0.2,0.6,1.746,5.0
2026-10-07 12:35,mobile,ตะวันออกรอบนอก,2.0,3.0,27.63,17.8
2026-10-07 12:35,mobile,เหนือ,0.1,0.1,0.375,2.2
2026-10-07 12:35,mobile,รวมทั้งเมือง,2.0,3.0,29.751,
2026-10-07 12:35,gates,ชั้นในและฝั่งตะวันตก,0.1,0.1,1.746,5.0
2026-10-07 12:35,gates,ตะวันออกรอบนอก,1.0,2.0,27.63,17.8
2026-10-07 12:35,gates,เหนือ,0.1,0.1,0.375,2.2
2026-10-07 12:35,gates,รวมทั้งเมือง,0.9,2.0,29.751,
2026-10-07 12:35,trunk,ชั้นในและฝั่งตะวันตก,0.2,0.6,1.746,5.0
2026-10-07 12:35,trunk,ตะวันออกรอบนอก,2.0,3.0,27.63,17.8
2026-10-07 12:35,trunk,เหนือ,0.1,0.1,0.375,2.2
2026-10-07 12:35,trunk,รวมทั้งเมือง,2.0,3.0,29.751,
2026-10-07 13:34,current,ชั้นในและฝั่งตะวันตก,0.2,0.6,1.697,5.0
2026-10-07 13:34,current,ตะวันออกรอบนอก,3.0,6.0,27.336,17.8
2026-10-07 13:34,current,เหนือ,0.1,0.2,0.521,3.3
2026-10-07 13:34,current,รวมทั้งเมือง,3.0,6.0,29.554,
2026-10-07 13:34,plan,ชั้นในและฝั่งตะวันตก,0.2,0.6,1.697,5.0
2026-10-07 13:34,plan,ตะวันออกรอบนอก,3.0,6.0,27.336,17.8
2026-10-07 13:34,plan,เหนือ,0.1,0.2,0.521,3.3
2026-10-07 13:34,plan,รวมทั้งเมือง,3.0,6.0,29.554,
2026-10-07 13:34,mobile,ชั้นในและฝั่งตะวันตก,0.2,0.5,1.697,5.0
2026-10-07 13:34,mobile,ตะวันออกรอบนอก,2.0,4.0,27.336,17.8
2026-10-07 13:34,mobile,เหนือ,0.1,0.1,0.521,3.3
2026-10-07 13:34,mobile,รวมทั้งเมือง,2.0,4.0,29.554,
2026-10-07 13:34,gates,ชั้นในและฝั่งตะวันตก,0.1,0.1,1.697,5.0
2026-10-07 13:34,gates,ตะวันออกรอบนอก,1.0,2.0,27.336,17.8
2026-10-07 13:34,gates,เหนือ,0.1,0.1,0.521,3.3
2026-10-07 13:34,gates,รวมทั้งเมือง,0.9,2.0,29.554,
2026-10-07 13:34,trunk,ชั้นในและฝั่งตะวันตก,0.2,0.5,1.697,5.0
2026-10-07 13:34,trunk,ตะวันออกรอบนอก,2.0,4.0,27.336,17.8
2026-10-07 13:34,trunk,เหนือ,0.1,0.1,0.521,3.3
2026-10-07 13:34,trunk,รวมทั้งเมือง,2.0,4.0,29.554,
2026-10-07 14:35,current,ชั้นในและฝั่งตะวันตก,0.6,3.0,1.701,5.0
2026-10-07 14:35,current,ตะวันออกรอบนอก,4.0,7.0,26.922,17.7
2026-10-07 14:35,current,เหนือ,0.2,0.2,0.749,4.9
2026-10-07 14:35,current,รวมทั้งเมือง,4.0,7.0,29.372,
2026-10-07 14:35,plan,ชั้นในและฝั่งตะวันตก,0.6,3.0,1.701,5.0
2026-10-07 14:35,plan,ตะวันออกรอบนอก,4.0,7.0,26.922,17.7
2026-10-07 14:35,plan,เหนือ,0.1,0.2,0.749,4.9
2026-10-07 14:35,plan,รวมทั้งเมือง,4.0,7.0,29.372,
2026-10-07 14:35,mobile,ชั้นในและฝั่งตะวันตก,0.2,0.5,1.701,5.0
2026-10-07 14:35,mobile,ตะวันออกรอบนอก,3.0,4.0,26.922,17.7
2026-10-07 14:35,mobile,เหนือ,0.1,0.2,0.749,4.9
2026-10-07 14:35,mobile,รวมทั้งเมือง,2.0,4.0,29.372,
2026-10-07 14:35,gates,ชั้นในและฝั่งตะวันตก,0.1,0.1,1.701,5.0
2026-10-07 14:35,gates,ตะวันออกรอบนอก,1.0,2.0,26.922,17.7
2026-10-07 14:35,gates,เหนือ,0.1,0.1,0.749,4.9
2026-10-07 14:35,gates,รวมทั้งเมือง,0.9,2.0,29.372,
2026-10-07 14:35,trunk,ชั้นในและฝั่งตะวันตก,0.2,0.5,1.701,5.0
2026-10-07 14:35,trunk,ตะวันออกรอบนอก,3.0,4.0,26.922,17.7
2026-10-07 14:35,trunk,เหนือ,0.1,0.2,0.749,4.9
2026-10-07 14:35,trunk,รวมทั้งเมือง,2.0,4.0,29.372,
2026-10-07 15:36,current,ชั้นในและฝั่งตะวันตก,0.5,2.0,1.676,5.0
2026-10-07 15:36,current,ตะวันออกรอบนอก,5.0,8.0,26.751,17.7
2026-10-07 15:36,current,เหนือ,0.1,0.2,0.73,5.0
2026-10-07 15:36,current,รวมทั้งเมือง,4.0,8.0,29.158,
2026-10-07 15:36,plan,ชั้นในและฝั่งตะวันตก,0.5,2.0,1.676,5.0
2026-10-07 15:36,plan,ตะวันออกรอบนอก,5.0,8.0,26.751,17.7
2026-10-07 15:36,plan,เหนือ,0.1,0.2,0.73,5.0
2026-10-07 15:36,plan,รวมทั้งเมือง,4.0,8.0,29.158,
2026-10-07 15:36,mobile,ชั้นในและฝั่งตะวันตก,0.1,0.4,1.676,5.0
2026-10-07 15:36,mobile,ตะวันออกรอบนอก,3.0,5.0,26.751,17.7
2026-10-07 15:36,mobile,เหนือ,0.1,0.2,0.73,5.0
2026-10-07 15:36,mobile,รวมทั้งเมือง,3.0,5.0,29.158,
2026-10-07 15:36,gates,ชั้นในและฝั่งตะวันตก,0.1,0.1,1.676,5.0
2026-10-07 15:36,gates,ตะวันออกรอบนอก,1.0,2.0,26.751,17.7
2026-10-07 15:36,gates,เหนือ,0.1,0.1,0.73,5.0
2026-10-07 15:36,gates,รวมทั้งเมือง,0.9,2.0,29.158,
2026-10-07 15:36,trunk,ชั้นในและฝั่งตะวันตก,0.1,0.4,1.676,5.0
2026-10-07 15:36,trunk,ตะวันออกรอบนอก,3.0,5.0,26.751,17.7
2026-10-07 15:36,trunk,เหนือ,0.1,0.2,0.73,5.0
2026-10-07 15:36,trunk,รวมทั้งเมือง,3.0,5.0,29.158,
2026-10-07 16:35,current,ชั้นในและฝั่งตะวันตก,0.4,2.0,1.928,5.0
2026-10-07 16:35,current,ตะวันออกรอบนอก,5.0,8.0,25.802,17.6
2026-10-07 16:35,current,เหนือ,0.1,0.2,0.667,5.0
2026-10-07 16:35,current,รวมทั้งเมือง,4.0,8.0,28.398,
2026-10-07 16:35,plan,ชั้นในและฝั่งตะวันตก,0.4,2.0,1.928,5.0
2026-10-07 16:35,plan,ตะวันออกรอบนอก,5.0,8.0,25.802,17.6
2026-10-07 16:35,plan,เหนือ,0.1,0.2,0.667,5.0
2026-10-07 16:35,plan,รวมทั้งเมือง,4.0,8.0,28.398,
2026-10-07 16:35,mobile,ชั้นในและฝั่งตะวันตก,0.1,0.4,1.928,5.0
2026-10-07 16:35,mobile,ตะวันออกรอบนอก,3.0,5.0,25.802,17.6
2026-10-07 16:35,mobile,เหนือ,0.1,0.2,0.667,5.0
2026-10-07 16:35,mobile,รวมทั้งเมือง,3.0,5.0,28.398,
2026-10-07 16:35,gates,ชั้นในและฝั่งตะวันตก,0.1,0.1,1.928,5.0
2026-10-07 16:35,gates,ตะวันออกรอบนอก,1.0,2.0,25.802,17.6
2026-10-07 16:35,gates,เหนือ,0.1,0.1,0.667,5.0
2026-10-07 16:35,gates,รวมทั้งเมือง,0.9,2.0,28.398,
2026-10-07 16:35,trunk,ชั้นในและฝั่งตะวันตก,0.1,0.4,1.928,5.0
2026-10-07 16:35,trunk,ตะวันออกรอบนอก,3.0,4.0,25.802,17.6
2026-10-07 16:35,trunk,เหนือ,0.1,0.2,0.667,5.0
2026-10-07 16:35,trunk,รวมทั้งเมือง,2.0,4.0,28.398,
2026-10-07 17:36,current,ชั้นในและฝั่งตะวันตก,0.4,3.0,1.966,5.0
2026-10-07 17:36,current,ตะวันออกรอบนอก,4.0,7.0,26.276,17.7
2026-10-07 17:36,current,เหนือ,0.2,0.2,0.768,5.0
2026-10-07 17:36,current,รวมทั้งเมือง,4.0,7.0,29.01,
2026-10-07 17:36,plan,ชั้นในและฝั่งตะวันตก,0.4,3.0,1.966,5.0
2026-10-07 17:36,plan,ตะวันออกรอบนอก,4.0,7.0,26.276,17.7
2026-10-07 17:36,plan,เหนือ,0.1,0.2,0.768,5.0
2026-10-07 17:36,plan,รวมทั้งเมือง,4.0,7.0,29.01,
2026-10-07 17:36,mobile,ชั้นในและฝั่งตะวันตก,0.1,0.4,1.966,5.0
2026-10-07 17:36,mobile,ตะวันออกรอบนอก,3.0,4.0,26.276,17.7
2026-10-07 17:36,mobile,เหนือ,0.1,0.2,0.768,5.0
2026-10-07 17:36,mobile,รวมทั้งเมือง,2.0,4.0,29.01,
2026-10-07 17:36,gates,ชั้นในและฝั่งตะวันตก,0.1,0.1,1.966,5.0
2026-10-07 17:36,gates,ตะวันออกรอบนอก,1.0,2.0,26.276,17.7
2026-10-07 17:36,gates,เหนือ,0.1,0.1,0.768,5.0
2026-10-07 17:36,gates,รวมทั้งเมือง,0.9,2.0,29.01,
2026-10-07 17:36,trunk,ชั้นในและฝั่งตะวันตก,0.1,0.4,1.966,5.0
2026-10-07 17:36,trunk,ตะวันออกรอบนอก,3.0,4.0,26.276,17.7
2026-10-07 17:36,trunk,เหนือ,0.1,0.2,0.768,5.0
2026-10-07 17:36,trunk,รวมทั้งเมือง,2.0,4.0,29.01,
