code,name,district_id,district,lat,lon,system,gates,left_bank_m,right_bank_m,warning_m,critical_m,warning_out_m,critical_out_m,river,first_seen
WL.RPS.01,คลองรังสิตประยูรศักดิ์ ตอนสถานีสูบน้ำปากคลองรังสิต*,55,อำเภอเมืองปทุมธานี,13.96807,100.5535,3,0,,,1.9,2.2,,,คลองรังสิตประยูรศักดิ์,2026-10-05 20:20
WL.SSB.13,คลองแสนแสบ ตอนถนนศาลาแดง 3*,3,หนองจอก,13.84686,100.9117,3,0,,,1.58,1.78,,,คลองแสนแสบ,2026-10-05 20:20
WL.KHW.01,สถานีสูบน้ำกลางคลองหกวา ตอนถนนนิมิตใหม่*,54,อำเภอลำลูกกาปทุมธานี,13.93354,100.7506,3,0,,,1.8,2.0,,,คลองหกวา,2026-10-05 20:20
WL.K08.01,ปตร.คลองแปด ตอนซอย อบจ.ปทุมธานี2006*,54,อำเภอลำลูกกาปทุมธานี,13.9378,100.7706,3,0,,,1.5,1.8,,,คลองแปด,2026-10-05 20:20
WL.MSW.01,ค.มหาสวัสดิ์-สวนแดน 2,19,ตลิ่งชัน,13.79841,100.45451,1,0,1.9,2.0,1.8,2.1,,,คลองมหาสวัสดิ์,2026-10-05 20:20
WL.MSW.03,ค.มหาสวัสดิ์-ถ.พุทธฯสาย 2,48,ทวีวัฒนา,13.80187,100.39432,1,0,1.9,2.0,1.8,2.0,,,คลองมหาสวัสดิ์,2026-10-05 20:20
WL.PKG.01,ส.ปากคลองตลาด,1,พระนคร,13.74218,100.49466,1,0,2.8,3.0,2.3,2.5,,,แม่น้ำเจ้าพระยา,2026-10-05 20:20
WL.KKO.01,ค.เก้า-วัดศรีสุขฯ,3,หนองจอก,13.92055,100.79237,1,0,1.85,1.97,1.2,1.7,,,คลองเก้า,2026-10-05 20:20
WL.K10.01,ปตร.คลองสิบ ตอนซอย อบจ.ปทุมธานี 2006*,54,อำเภอลำลูกกาปทุมธานี,13.94621,100.8156,3,0,,,1.5,1.8,,,คลองสิบ,2026-10-05 20:20
WL.K11.01,ปตร.คลองสิบเอ็ด ตอนซอย อบจ.ปทุมธานี 2006*,54,อำเภอลำลูกกาปทุมธานี,13.94914,100.8411,3,0,,,1.5,1.8,,,คลองสิบเอ็ด,2026-10-05 20:20
WL.KKO.02,ปตร.คลองเก้า ตอนซอย อบจ.ปทุมธานี 2006*,54,อำเภอลำลูกกาปทุมธานี,13.94372,100.7926,3,0,,,1.5,1.8,,,คลองเก้า,2026-10-05 20:20
WL.SSG.01,ค.สิบสอง-ถ.ประชาสำราญ,3,หนองจอก,13.91359,100.86248,1,0,1.85,1.97,1.2,1.7,,,คลองสิบสอง,2026-10-05 20:20
WL.SSM.02,คลองสิบสาม ตอนสถานีสูบน้ำกลางคลองหกวาสายล่าง*,54,อำเภอลำลูกกาปทุมธานี,13.95869,100.8942,3,0,,,2.0,2.5,,,คลองสิบสาม,2026-10-05 20:20
WL.SSG.02,ปตร.คลองสิบสอง ตอนถนนลำไทร*,54,อำเภอลำลูกกาปทุมธานี,13.9453,100.864,3,0,,,1.5,1.8,,,คลองสิบสอง,2026-10-05 20:20
WL.SWA.02,คลองสามวา ตอนถนนเทศบาลลำลูกกา1*,54,อำเภอลำลูกกาปทุมธานี,13.92929,100.7259,3,0,,,1.5,1.8,,,คลองสามวา,2026-10-05 20:20
WL.POC.01,ปตร.กลางคลองพระองค์เจ้าฯ*,56,อำเภอบางน้ำเปรี้ยว ฉะเชิงเทรา,13.801,100.9531,3,0,,,35.0,50.0,,,คลองพระองค์เจ้าไชยานุชิต,2026-10-05 20:20
WL.SSM.01,ปตร.คลองสิบสาม,3,หนองจอก,13.85874,100.86779,1,1,1.98,1.98,1.0,1.1,1.6,1.7,คลองสิบสาม,2026-10-05 20:20
WL.LPT.05,คลองลำปลาทิว ตอนถนนบุรีภิรมย์*,3,หนองจอก,13.85586,100.8654,3,0,,,30.0,50.0,,,คลองลำปลาทิว,2026-10-05 20:20
WL.PSR.03,ค.พระยาสุเรนทร์ ถ.จตุโชติ,46,คลองสามวา,13.87621,100.68614,1,0,1.5,1.5,1.0,1.2,,,คลองพระยาสุเรนทร์,2026-10-05 20:20
WL.PSR.02,ค.พระยาสุเรนทร์ ถ.หนองระแหง,46,คลองสามวา,13.90121,100.69049,1,0,1.6,1.65,1.0,1.2,,,คลองพระยาสุเรนทร์,2026-10-05 20:20
WL.LPT.01,ค.ลำปลาทิว ถ.สังฆสันติสุข,3,หนองจอก,13.85366,100.86679,1,0,2.0,2.0,0.9,1.1,,,คลองลำปลาทิว,2026-10-05 20:20
WL.SSB.12,ส.คลองแสนแสบ หนองจอก,3,หนองจอก,13.85537,100.8721,1,1,1.75,1.75,1.0,1.1,1.4,1.6,คลองแสนแสบ,2026-10-05 20:20
WL.PSR.01,ปตร.คลองพระยาสุเรนทร์,42,สายไหม,13.92128,100.68731,1,1,1.4,2.3,1.1,1.2,1.6,1.8,คลองพระยาสุเรนทร์,2026-10-05 20:20
WL.ANG.01,คลองออเงิน ตอนซอยเพิ่มสิน 15*,42,สายไหม,13.90363,100.63,3,0,,,1.3,1.5,,,คลองออเงิน,2026-10-05 20:20
WL.LPC.01,ค.ลำผักชี รร.ลำผักชี,3,หนองจอก,13.79205,100.83524,1,0,1.85,1.97,0.6,0.7,,,คลองลำผักชี,2026-10-05 20:20
WL.MSW.02,ค.มหาสวัสดิ์ วัดปุรณาวาส,48,ทวีวัฒนา,13.8036,100.33512,1,0,1.5,1.5,1.8,2.0,,,คลองมหาสวัสดิ์,2026-10-05 20:20
WL.LPS.01,คลองลำผักชี ตอนซอยรามอินทรา 21*,5,บางเขน,13.87134,100.6216,3,0,,,1.8,2.5,,,คลองลำพังพวย,2026-10-05 20:20
WL.PWT.07,ปตร.คลองประเวศฯ-กรมชลฯ,53,อำเภอบางบ่อสมุทรปราการ,13.6943,100.8675,1,0,3.0,3.0,0.4,0.5,,,คลองประเวศบุรีรมย์,2026-10-05 20:20
WL.LPG.02,ปตร.คลองหลวงแพ่ง,3,หนองจอก,13.81303,100.93742,1,1,1.98,1.98,1.0,1.1,1.5,1.7,คลองหลวงแพ่ง,2026-10-05 20:20
WL.SST.01,ปตร.คลองสองสายใต้,42,สายไหม,13.92294,100.63455,1,1,1.98,1.98,0.8,1.0,1.6,1.8,คลองสองสายใต้,2026-10-05 20:20
WL.LOA.02,ค.รางอ้อ-รางแก้ว ถ.รามอินทรา,5,บางเขน,13.87564,100.60594,1,0,1.5,1.5,1.2,1.5,,,คลองรางอ้อ-รางแก้ว,2026-10-05 20:20
WL.LPG.03,ค.หลวงแพ่ง วัดลำต้อยติ่ง,3,หนองจอก,13.75489,100.88956,1,0,1.85,1.97,0.6,0.7,,,คลองหลวงแพ่ง,2026-10-05 20:20
WL.KPM.05,ค.เปรมประชากร ถ.สรงประภา,36,ดอนเมือง,13.92316,100.60051,1,0,2.0,2.0,1.0,1.2,,,คลองเปรมประชากร,2026-10-05 20:20
WL.BYI.01,ค.บึงใหญ่-วัดทองสัมฤทธิ์,10,มีนบุรี,13.80069,100.78818,1,0,1.85,1.97,0.7,0.9,,,คลองบึงใหญ่,2026-10-05 20:20
WL.PWT.06,ค.ประเวศฯ-ถ.ร่วมพัฒนา,11,ลาดกระบัง,13.70102,100.85095,1,0,1.85,1.97,0.4,0.6,,,คลองประเวศบุรีรมย์,2026-10-05 20:20
WL.SSB.11,ค.แสนแสบ-วัดทรัพย์ฯ,3,หนองจอก,13.85141,100.80344,1,0,1.2,1.3,1.0,1.1,,,คลองแสนแสบ,2026-10-05 20:20
WL.KSG.01,จุดวัดคลองสอง ตอนถนนพหลโยธิน,5,บางเขน,13.89974,100.61087,1,0,1.25,1.65,0.8,1.0,,,คลองสอง,2026-10-05 20:20
WL.KPM.08,ค.เปรมฯ-สนข.ดอนเมือง,36,ดอนเมือง,13.91035,100.59337,1,0,1.5,1.5,1.0,1.2,,,คลองเปรมประชากร,2026-10-05 20:20
WL.MSW.04,คลองมหาสวัสดิ์ ช่วงโครงการส่งน้ำและบำรุงรักษาพระพิมล*,58,อำเภอนครชัยศรี นครปฐม,13.81166,100.2265,3,0,,,2.9,3.4,,,คลองมหาสวัสดิ์,2026-10-05 20:20
WL.KPM.06,ค.เปรมประชากร-ค.บ้านใหม่,36,ดอนเมือง,13.94336,100.60579,1,0,1.5,1.5,1.0,1.2,,,คลองเปรมประชากร,2026-10-05 20:20
WL.LPT.03,ค.ลำปลาทิว ซ.ฉลองกรุง 8,11,ลาดกระบัง,13.74068,100.79474,1,0,0.5,0.5,0.5,0.6,,,คลองลำปลาทิว,2026-10-05 20:20
WL.PLK.01,ค.พิทยาฯ-รร.พิทยาลงกรณ์,21,บางขุนเทียน,13.52834,100.41782,1,0,1.9,2.0,1.2,1.4,,,คลองพิทยาลงกรณ์,2026-10-05 20:20
WL.BBU.01,ค.บางบัว,5,บางเขน,13.85806,100.58656,1,0,1.0,0.8,0.8,1.0,,,คลองบางบัว,2026-10-05 20:20
WL.WHK.01,ค.วัดหัวกระบือ-วัดหัวกระบือ,21,บางขุนเทียน,13.62024,100.45005,2,0,1.11,1.27,0.89,1.11,,,คลองวัดหัวกระบือ,2026-10-05 20:20
WL.PWT.05,ค.ประเวศฯ-รพ.ลาดกระบัง,11,ลาดกระบัง,13.72396,100.78399,1,0,1.85,1.97,0.4,0.6,,,คลองประเวศบุรีรมย์,2026-10-05 20:20
WL.WLS.01,ค.วัดหลักสี่ ถ.วิภาวดีรังสิต,41,หลักสี่,13.89041,100.5847,1,0,2.0,2.0,0.8,1.0,,,คลองวัดหลักสี่,2026-10-05 20:20
WL.BBU.02,คลองบางบัว ตอนถนนแจ้งวัฒนะ*,41,หลักสี่,13.87786,100.5877,3,0,,,0.84,1.04,,,คลองบางบัว,2026-10-05 20:20
WL.KSM.01,ค.สาม ร่มเกล้า 17,11,ลาดกระบัง,13.77538,100.75395,1,0,1.5,1.5,0.6,0.7,,,คลองสาม,2026-10-05 20:20
WL.KSI.02,ค.สี่ ถ.เจ้าคุณทหาร,11,ลาดกระบัง,13.75363,100.7689,1,0,1.0,1.0,0.5,0.6,,,คลองสี่,2026-10-05 20:20
WL.KPM.04,ค.เปรมประชากร-ค.บางตลาด*,41,หลักสี่,13.87546,100.57424,1,0,1.1,0.8,1.0,1.2,,,คลองเปรมประชากร,2026-10-05 20:20
WL.KSI.01,ค.สี่ ถ.สุวินทวงศ์,10,มีนบุรี,13.81383,100.76524,1,0,2.0,2.0,0.8,0.9,,,คลองสี่,2026-10-05 20:20
WL.KSM.02,ค.สาม มอเตอร์เวย์,11,ลาดกระบัง,13.7302,100.7541,1,0,1.4,1.4,0.5,0.6,,,คลองสาม,2026-10-05 20:20
WL.LOA.01,ค.รางอ้อ-รางแก้ว ถ.พหลโยธิน,5,บางเขน,13.88471,100.60201,1,0,1.5,1.5,0.8,0.9,,,คลองรางอ้อ-รางแก้ว,2026-10-05 20:20
WL.SWA.01,ปตร.คลองสามวา ,46,คลองสามวา,13.85956,100.72931,1,1,1.3,1.7,0.7,0.8,1.1,1.3,คลองสามวา,2026-10-05 20:20
WL.KPM.07,คลองเปรมประชากร ช่วงสถานีสูบน้ำเปรมใต้รังสิต*,55,อำเภอเมืองปทุมธานี,13.97933,100.6007,3,0,,,0.6,0.8,,,คลองเปรมประชากร,2026-10-05 20:20
WL.CBJ.01,ค.ชวดบางจาก ถ.ประชาอุทิศ,17,ห้วยขวาง,13.77211,100.58021,1,0,1.0,1.0,0.1,0.2,,,คลองชวดบางจาก,2026-10-05 20:20
WL.PSR.05,ค.พระยาสุเรนทร์ ปัญญาอินทรา,46,คลองสามวา,13.83698,100.68803,1,0,1.3,1.3,0.7,0.8,,,คลองพระยาสุเรนทร์,2026-10-05 20:20
WL.BPU.01,บางปู,51,อำเภอเมืองสมุทรปราการ,13.51295,100.65425,1,0,3.5,,1.6,1.8,,,สถานตากอากาศบางปู,2026-10-05 20:20
WL.KPM.09,ค.เปรมประชากร ตอนค.ตาอูฐ,41,หลักสี่,13.89979,100.58766,1,0,2.0,2.0,1.0,1.2,,,คลองเปรมประชากร,2026-10-05 20:20
WL.PSR.04,ปตร.พระยาสุเรนทร์ ตอนคู้บอน,46,คลองสามวา,13.85077,100.67829,1,0,1.75,1.9,1.05,1.15,,,คลองพระยาสุเรนทร์,2026-10-05 20:20
WL.LKB.01,ค.ลาดกระบัง ซ.ลาดกระบัง 54/6,11,ลาดกระบัง,13.72294,100.75193,1,0,1.0,1.0,0.5,0.6,,,คลองลาดกระบัง,2026-10-05 20:20
WL.LCL.01,ค.ลำชะล่า ถ.นวมินทร์,43,คันนายาว,13.8363,100.66134,1,0,1.85,1.97,0.8,1.0,,,คลองลำชะล่า,2026-10-05 20:20
WL.PSR.06,ค.พระยาสุเรนทร์ บางชัน,10,มีนบุรี,13.80274,100.70165,1,0,1.4,1.1,0.8,1.0,,,คลองพระยาสุเรนทร์,2026-10-05 20:20
WL.STN.03,ค.สองต้นนุ่น ถ.มอเตอร์เวย์,11,ลาดกระบัง,13.72975,100.73899,1,0,2.0,2.0,0.3,0.4,,,คลองสองต้นนุ่น,2026-10-05 20:20
WL.TWW.01,ปตร.คลองทวีวัฒนา,48,ทวีวัฒนา,13.80042,100.32977,1,1,2.0,2.25,0.9,1.0,1.2,1.3,คลองทวีวัฒนา,2026-10-05 20:20
WL.BWK.03,ค.บางแวก-ค.ทวีวัฒนา,23,หนองแขม,13.72619,100.36426,1,0,1.91,2.0,0.7,0.8,,,คลองบางแวก,2026-10-05 20:20
WL.KSO.02,ค.ซอย ถ.ศาลาธรรมสพน์,48,ทวีวัฒนา,13.80014,100.34874,1,0,2.0,2.0,0.9,1.0,,,คลองซอย,2026-10-05 20:20
WL.KSO.01,ค.ซอย ถ.บรมราชชนนี,48,ทวีวัฒนา,13.78884,100.35271,1,0,2.0,2.0,0.8,0.9,,,คลองซอย,2026-10-05 20:20
WL.SSB.10,ปตร.คลองแสนแสบ-ถ.ประชาร่วมใจ,10,มีนบุรี,13.82094,100.74738,1,1,1.0,0.95,0.5,0.6,0.7,0.9,คลองแสนแสบ,2026-10-05 20:20
WL.TWW.02,ค.ทวีวัฒนา ถ.บรมราชชนนี,48,ทวีวัฒนา,13.78838,100.33518,1,0,1.6,1.7,0.8,0.9,,,คลองทวีวัฒนา,2026-10-05 20:20
WL.BKG.01,ปตร.คลองบึงขวาง,10,มีนบุรี,13.79955,100.74475,1,1,1.98,1.98,0.5,0.6,0.7,0.9,คลองบึงขวาง,2026-10-05 20:20
WL.LPW.03,ค.ลาดพร้าว-เสนานิคม,38,ลาดพร้าว,13.83224,100.58974,1,0,1.0,1.1,0.6,0.75,,,คลองลาดพร้าว,2026-10-05 20:20
WL.SBR.01,ปตร.คลองขุนศรีฯ-ค.มหาสวัสดิ์,48,ทวีวัฒนา,13.80251,100.37078,1,1,1.98,1.98,1.8,2.0,1.8,2.0,คลองขุนศรีบุรีรักษ์,2026-10-05 20:20
WL.STN.02,ค.สองต้นน่น ซ.ร่มเกล้า 20,11,ลาดกระบัง,13.7771,100.73883,1,0,1.0,1.0,0.4,0.6,,,คลองสองต้นนุ่น,2026-10-05 20:20
WL.TWW.03,ค.ทวีวัฒนา ถ.เพชรเกษม,40,บางแค,13.70769,100.37369,1,0,1.8,1.6,0.6,0.7,,,คลองทวีวัฒนา,2026-10-05 20:20
WL.TWW.04,ค.ทวีฯ-บางเชือกหนัง,48,ทวีวัฒนา,13.75063,100.3534,1,0,1.35,1.75,0.8,0.9,,,คลองทวีวัฒนา,2026-10-05 20:20
WL.KKY.01,ค.ควาย ถ.ศาลาธรรมสพน์,48,ทวีวัฒนา,13.79744,100.38155,1,0,1.0,1.0,0.9,1.0,,,คลองควาย,2026-10-05 20:20
WL.KKY.02,ค.ควาย ถ.บรมราชชนนี,48,ทวีวัฒนา,13.78593,100.38354,1,0,2.0,2.0,0.9,1.0,,,คลองควาย,2026-10-05 20:20
WL.SSB.09,ปตร.คลองแสนแสบ-บางชัน,43,คันนายาว,13.7972,100.70458,1,1,0.8,0.9,0.4,0.5,0.5,0.6,คลองแสนแสบ,2026-10-05 20:20
WL.PWT.04,ปตร.คลองประเวศฯ-ลาดกระบัง,11,ลาดกระบัง,13.72411,100.74987,1,1,1.98,1.98,0.4,0.6,0.4,0.6,คลองประเวศบุรีรมย์,2026-10-05 20:20
WL.SBR.02,ค.บางขุนศรีบุรีรักษ์ ถ.บรมราชชนนี,48,ทวีวัฒนา,13.78651,100.37053,1,0,1.1,1.1,0.9,1.0,,,คลองขุนศรีบุรีรักษ์,2026-10-05 20:20
WL.LBK.02,ค.ลาดบัวขาว ถ.เคหะร่มเกล้า,44,สะพานสูง,13.76991,100.71494,1,0,1.0,1.0,0.3,0.4,,,คลองลาดบัวขาว,2026-10-05 20:20
WL.KT4.01,บึงรับน้ำม.เคหะธานี 4,44,สะพานสูง,13.78244,100.71265,1,0,0.6,0.6,0.4,0.5,,,บึงรับน้ำหมู่บ้าน เคหะธานี 4,2026-10-05 20:20
WL.LCL.02,ค.ลำชะล่า ซ.นวมินทร์ 86,43,คันนายาว,13.8242,100.66005,1,0,1.2,1.2,0.6,0.7,,,คลองลำชะล่า,2026-10-05 20:20
WL.BPM.03,ค.บางพรม ถ.กาญจนาฯ,48,ทวีวัฒนา,13.76264,100.39624,1,0,1.91,2.0,0.6,0.7,,,คลองบางพรม,2026-10-05 20:20
WL.BPM.04,ค.บางพรม ถ.พุทธฯสาย 3,48,ทวีวัฒนา,13.76866,100.36401,1,0,1.91,2.0,0.6,1.0,,,คลองบางพรม,2026-10-05 20:20
WL.TPK.03,ค.ตาพุก ค.ทับช้างบน,11,ลาดกระบัง,13.74247,100.70891,1,0,1.0,1.0,0.3,0.4,,,คลองตาพุก,2026-10-05 20:20
WL.BKA.04,ค.บางเขน ถ.วิภาวดีฯ,41,หลักสี่,13.85572,100.56673,1,0,1.5,1.45,0.6,0.7,,,คลองบางเขน,2026-10-05 20:20
WL.STN.01,ค.สองต้นนุ่น ถ.รามคำแหง ,10,มีนบุรี,13.80817,100.73067,1,0,2.0,2.0,0.4,0.6,,,คลองสองต้นนุ่น,2026-10-05 20:20
WL.LBK.03,ค.ลาดบัวขาว ซ.กาญจนาภิเษก 24,44,สะพานสูง,13.74974,100.70291,1,0,1.85,1.97,0.3,0.4,,,คลองลาดบัวขาว,2026-10-05 20:20
WL.BWK.02,ค.บางแวก ถ.พุทธฯฑลสาย 1,22,ภาษีเจริญ,13.73345,100.43283,1,0,1.91,2.0,0.6,0.7,,,คลองบางแวก,2026-10-05 20:20
WL.BKH.01,คลองบางขวด ตอนซอยนวลจันทร์ 36*,27,บึงกุ่ม,13.82881,100.6461,3,0,,,1.8,2.0,,,คลองบางขวด,2026-10-05 20:20
WL.BCN.03,ค.บางเชือกหนัง ถ.พุทธฯสาย 2 ,40,บางแค,13.75173,100.39162,1,0,1.62,1.62,0.7,1.0,,,คลองบางเชือกหนัง,2026-10-05 20:20
WL.TPK.02,ค.ตาพุก ถ.ลาดกระบัง,32,ประเวศ,13.72193,100.70919,1,0,1.0,1.0,0.3,0.4,,,คลองตาพุก,2026-10-05 20:20
WL.BNS.01,ค.บ้านไทร-ถ.พุทธมณฑลสาย 2,48,ทวีวัฒนา,13.78274,100.3949,2,0,3.47,3.53,2.78,3.47,,,คลองบ้านไทร,2026-10-05 20:20
WL.PNM.01,ค.ปากน้ำ ถ.คู่ขนานกาญจนาภิเษก,32,ประเวศ,13.68035,100.69899,1,0,0.45,0.45,0.2,0.3,,,คลองปากน้ำ,2026-10-05 20:20
WL.JKK.01,ค.จระเข้ขบ-ถ.สุขาภิบาล2 ซ.2,32,ประเวศ,13.71579,100.70241,1,0,0.85,0.85,0.2,0.6,,,คลองจระเข้ขบ,2026-10-05 20:20
WL.SSB.08,ค.แสนแสบ-เสรีไทย 24,27,บึงกุ่ม,13.7805,100.67387,1,0,0.75,0.7,0.35,0.45,,,คลองแสนแสบ,2026-10-05 20:20
WL.BKK.01,คลองบางขี้แก้ง ตอนถนนพุทธมณฑลสาย2*,40,บางแค,13.72276,100.3952,3,0,,,1.12,1.32,,,คลองบางขี้แก้ง,2026-10-05 20:20
WL.RMN.01,คลองรางแม่น้ำ ช่วงซอยประชาอุทิศ 76*,21,บางขุนเทียน,13.61373,100.48143,3,0,,,2.0,3.4,,,คูน้ำมณฑลทหารบกที่ 11,2026-10-05 20:20
WL.BCN.01,ค.บางเชือกหนัง ถ.กาญจนาฯ ,40,บางแค,13.74925,100.40654,1,0,2.11,1.26,0.6,0.7,,,คลองบางเชือกหนัง,2026-10-05 20:20
WL.PSC.06,คลองภาษีเจริญ ช่วงโครงการส่งน้ำและบำรุงรักษาภาษีเจริญ*,57,อำเภอกระทุ่มแบน สมุทรสาคร,13.6462,100.2373,3,0,,,230.0,440.0,,,คลองภาษีเจริญ,2026-10-05 20:20
WL.BCN.02,ค.บางเชือกหนัง-ถ.พุทธมณฑลสาย 1,22,ภาษีเจริญ,13.74219,100.42747,1,0,1.85,1.97,0.6,0.7,,,คลองบางเชือกหนัง,2026-10-05 20:20
WL.BTY.01,ค.บางเตย ถ.นวมินทร์ 66/3,27,บึงกุ่ม,13.8065,100.64899,1,0,1.8,1.8,0.4,0.5,,,คลองบางเตย,2026-10-05 20:20
WL.BJK.04,ค.บางจาก ถ.พุทธฯสาย 2 ,40,บางแค,13.71484,100.39596,1,0,1.59,1.75,0.6,0.7,,,คลองบางจาก,2026-10-05 20:20
WL.KBU.02,ค.บัว ถ.พุทธมณฑลสาย 1,19,ตลิ่งชัน,13.7797,100.42681,1,0,1.4,1.4,0.9,1.0,,,คลองบัว,2026-10-05 20:20
WL.BMD.01,คลองบางมด ตอนซอยพุทธบูชา 24*,35,จอมทอง,13.66071,100.46997,3,0,,,1.8,2.0,,,คลองบางมด,2026-10-05 20:20
WL.BJK.02,ค.บางจาก ซ.เพชรเกษม 68,40,บางแค,13.71575,100.41648,1,0,1.2,1.2,0.7,0.8,,,คลองบางจาก,2026-10-05 20:20
WL.NK3.01,ค.คูนายกิมสาย 3  ถ.ประชาอุทิศ,36,ดอนเมือง,13.9272,100.58565,1,0,2.0,2.0,0.7,0.9,,,คูนายกิมสาย 3,2026-10-05 20:20
WL.BPM.02,ค.บางพรม ถ.ฉิมพลี,19,ตลิ่งชัน,13.75707,100.43334,1,0,1.91,2.0,0.6,0.7,,,คลองบางพรม,2026-10-05 20:20
WL.TWW.05,ค.ทวีวัฒนา-ภาษีฯ,40,บางแค,13.69163,100.38106,1,0,1.2,1.2,0.6,0.7,,,คลองทวีวัฒนา,2026-10-05 20:20
WL.RSK.01,ค.ราษฎร์สามัคคี ถ.เพชรเกษม 63,40,บางแค,13.70339,100.39142,1,0,1.85,1.97,0.6,0.7,,,คลองราษฎร์สามัคคี,2026-10-05 20:20
WL.BAM.01,ค.บ้านใหม่-ซ.พระแม่การุณย์ 27,52,อำเภอปากเกร็ดนนทบุรี,13.95064,100.55926,2,0,1.93,1.01,0.8,1.01,,,คลองบ้านใหม่,2026-10-05 20:20
WL.BKY.02,ค.บางเชือกหนัง-วัดปากน้ำฝั่งใต้,22,ภาษีเจริญ,13.74358,100.45955,1,0,1.8,1.9,0.6,0.7,,,คลองบางเชือกหนัง,2026-10-05 20:20
WL.KBU.01,ปตร.คลองบัว ทางรถไฟ,19,ตลิ่งชัน,13.79993,100.41599,1,1,1.98,1.98,0.7,0.8,1.8,2.0,คลองบัว,2026-10-05 20:20
WL.BJK.03,ค.บางจาก-ค.บางหว้า ,22,ภาษีเจริญ,13.71868,100.44174,1,0,1.32,1.07,0.6,0.7,,,คลองบางจาก,2026-10-05 20:20
WL.PSC.05,ค.ภาษีเจริญ-วัดหนองแขม,23,หนองแขม,13.67753,100.33789,1,0,1.85,2.0,0.6,0.7,,,คลองภาษีเจริญ,2026-10-05 20:20
WL.PWT.03,ปตร.คลองประเวศฯ-วัดกระทุ่มฯ,32,ประเวศ,13.72396,100.68956,1,2,1.05,1.05,0.2,0.2,0.2,0.4,คลองประเวศบุรีรมย์,2026-10-05 20:20
WL.KPM.03,ค.เปรมฯ-วัดเทวฯ,30,จตุจักร,13.85069,100.56091,1,0,1.0,1.0,0.1,0.2,,,คลองเปรมประชากร,2026-10-05 20:20
WL.BBN.03,ค.บางบอน-ค.สะแกงาม,50,บางบอน,13.64249,100.37944,1,0,1.84,1.93,0.4,0.5,,,คลองบางบอน,2026-10-05 20:20
WL.KJN.02,ค.จั่น ถ.โยธินพัฒนา,6,บางกะปิ,13.80547,100.6226,1,0,0.9,0.9,0.3,0.4,,,คลองจั่น,2026-10-05 20:20
WL.BTL.02,คลองบางตลาด ตอนกรมชลประทาน ปากเกร็ด*,52,อำเภอปากเกร็ดนนทบุรี,13.89441,100.4936,3,0,,,1.8,2.0,,,คลองบางตลาด,2026-10-05 20:20
WL.CPA.01,ส.คลองชักพระ,19,ตลิ่งชัน,13.7789,100.46431,1,2,1.3,2.0,1.6,1.8,2.3,2.5,คลองชักพระ,2026-10-05 20:20
WL.BWK.01,ค.บางแวก-ค.บางกอกใหญ่,22,ภาษีเจริญ,13.73823,100.45901,1,0,1.9,2.0,0.8,0.9,,,คลองบางแวก,2026-10-05 20:20
WL.BPM.01,ค.บางพรม-ค.ชักพระ,19,ตลิ่งชัน,13.75973,100.45337,1,0,1.87,2.0,0.6,0.7,,,คลองบางพรม,2026-10-05 20:20
WL.YPE.01,ค.ยายเพียร ถ.เพชรเกษม,22,ภาษีเจริญ,13.71253,100.43219,1,0,0.75,0.75,1.65,1.85,,,คลองยายเพียร,2026-10-05 20:20
WL.CPA.02,ค.ชักพระ วัดคูหาสวรรค์,22,ภาษีเจริญ,13.73232,100.46284,2,0,1.16,1.2,0.93,1.16,,,คลองชักพระ,2026-10-05 20:20
WL.PSC.01,ส.คลองภาษีเจริญ,22,ภาษีเจริญ,13.72221,100.46868,1,4,1.2,1.25,0.7,0.8,0.7,0.8,คลองภาษีเจริญ,2026-10-05 20:20
WL.PSC.03,ค.ราชมนตรี-ภาษีเจริญ,22,ภาษีเจริญ,13.70818,100.42615,1,0,1.3,1.3,0.6,0.7,,,คลองภาษีเจริญ,2026-10-05 20:20
WL.KMN.01,ส.คลองมอญ,20,บางกอกน้อย,13.74703,100.48489,1,3,1.0,3.0,0.8,0.9,2.3,2.5,คลองมอญ,2026-10-05 20:20
WL.SDN.01,ค.สวนแดน ถ.ชัยพฤกษ์,19,ตลิ่งชัน,13.79063,100.46199,1,0,1.85,1.97,0.5,0.6,,,คลองสวนแดน,2026-10-05 20:20
WL.BYK.02,ค.บางยี่ขัน ส.คลองบางยี่ขัน,25,บางพลัด,13.76741,100.49361,1,0,1.0,1.0,0.6,0.7,,,คลองบางยี่ขัน,2026-10-05 20:20
WL.PSC.02,ค.ภาษีเจริญ วัดรางบัว,22,ภาษีเจริญ,13.71167,100.43889,1,0,1.5,1.5,0.7,0.8,,,คลองภาษีเจริญ,2026-10-05 20:20
WL.RJK.01,ปตร.คลองรางจาก-ประชาอุทิศ,49,ทุ่งครุ,13.63487,100.50202,1,1,2.0,1.98,0.55,0.6,1.0,1.2,คลองรางจาก,2026-10-05 20:20
WL.JRN.01,ส.คลองแจงร้อน,24,ราษฎร์บูรณะ,13.67634,100.52111,1,1,2.6,2.8,0.6,0.7,2.1,2.3,คลองแจงร้อน,2026-10-05 20:20
WL.BKY.01,ส.คลองบางกอกใหญ่,15,ธนบุรี,13.7402,100.48992,1,3,3.0,3.0,0.8,0.9,2.3,2.5,คลองบางกอกใหญ่,2026-10-05 20:20
WL.SNC.02,ค.สนามชัย-บางขุนเทียน,35,จอมทอง,13.70099,100.46486,1,0,1.2,1.0,0.5,0.6,,,คลองสนามชัย,2026-10-05 20:20
WL.BSK.01,ส.คลองบางไส้ไก่,18,คลองสาน,13.70682,100.49744,1,2,2.6,2.8,0.7,0.8,2.1,2.3,คลองบางไส้ไก่,2026-10-05 20:20
WL.SLL.01,ค.ศาลาลอย ถ.อ่อนนุช 61,32,ประเวศ,13.71599,100.67942,1,0,0.5,0.5,0.1,0.25,,,คลองศาลาลอย,2026-10-05 20:20
WL.MCM.01,ค.หมื่นแช่ม-ถ.เอกชัย,50,บางบอน,13.64931,100.38578,2,0,1.4,1.4,1.12,1.4,,,คลองหมื่นแช่ม,2026-10-05 20:20
WL.KJG.01,ค.จิก ถ.หัวหมาก,6,บางกะปิ,13.7528,100.63296,1,0,1.0,1.0,-0.2,0.0,,,คลองจิก,2026-10-05 20:20
WL.DKN.01,ส.ดาวคะนอง,24,ราษฎร์บูรณะ,13.69486,100.48759,1,3,1.8,2.8,0.7,0.8,2.1,2.3,คลองดาวคะนอง,2026-10-05 20:20
WL.NCH.02,คูน้ำนายใช้-ค.เปรมประชากร,36,ดอนเมือง,13.93925,100.60767,2,0,2.4,2.43,1.92,2.4,,,คูน้ำนายใช้,2026-10-05 20:20
WL.BPN.02,ค.บางพราน ถ.บางบอน 2,50,บางบอน,13.66731,100.40662,1,0,2.0,2.0,0.6,0.7,,,คลองบางพราน,2026-10-05 20:20
WL.SSB.07,ค.แสนแสบ-สนข.บางกะปิ,6,บางกะปิ,13.76509,100.64791,1,0,0.75,0.75,0.35,0.45,,,คลองแสนแสบ,2026-10-05 20:20
WL.PWT.02,ค.ประเวศฯ-วัดขจรฯ,34,สวนหลวง,13.71537,100.64117,1,0,2.5,2.6,0.1,0.2,,,คลองประเวศบุรีรมย์,2026-10-05 20:20
WL.KJN.01,ค.จั่น ถ.ลาดพร้าว,45,วังทองหลาง,13.77609,100.62816,1,0,0.8,0.8,-0.2,0.0,,,คลองจั่น,2026-10-05 20:20
WL.BPK.01,ค.บางปะแก้ว-ถ.ราษฎร์บูรณะ,24,ราษฎร์บูรณะ,13.68868,100.49015,1,0,1.0,1.0,0.6,0.7,,,คลองบางปะแก้ว,2026-10-05 20:20
WL.SNC.03,ค.สนามชัย-วัดเลา,21,บางขุนเทียน,13.66616,100.44685,2,0,0.8,0.86,0.4,0.5,,,คลองสนามชัย,2026-10-05 20:20
WL.BBN.02,ค.บางบอน ถ.กาญจนาภิเษก,50,บางบอน,13.65786,100.40551,1,0,1.0,1.0,0.6,0.7,,,คลองบางบอน,2026-10-05 20:20
WL.HMK.03,ค.หัวหมาก-ซ.พัฒนาการ 32,34,สวนหลวง,13.71858,100.62618,2,0,1.03,2.0,0.82,1.03,,,คลองหัวหมาก,2026-10-05 20:20
WL.LPW.01,ปตร.คลองลาดพร้าว,45,วังทองหลาง,13.79446,100.58957,1,1,0.8,0.9,0.2,0.4,0.2,0.4,คลองลาดพร้าว,2026-10-05 20:20
WL.BMA.02,ค.บ้านม้า-ถ.รามคำแหง,6,บางกะปิ,13.77281,100.66569,2,0,2.75,2.68,2.14,2.68,,,คลองบ้านม้า,2026-10-05 20:20
WL.BYK.01,ค.บางยี่ขัน ถ.จรัญสนิทวงศ์,25,บางพลัด,13.77571,100.48371,1,0,1.0,1.0,0.6,0.7,,,คลองบางยี่ขัน,2026-10-05 20:20
WL.BSU.06,ค.บางซื่อ ถ.รัชดาฯ,17,ห้วยขวาง,13.79624,100.57422,1,0,1.0,1.55,0.1,0.2,,,คลองบางซื่อ,2026-10-05 20:20
WL.BKA.03,ค.บางเขน ถ.ประชาชื่น,29,บางซื่อ,13.84933,100.54268,1,0,0.9,1.4,0.5,0.7,,,คลองบางเขน,2026-10-05 20:20
WL.WSV.01,ค.วัดสุทธาวาส-ซ.เทอดไท 33,15,ธนบุรี,13.70645,100.4784,1,0,0.8,0.8,0.6,0.8,,,คลองสุทธาวาส,2026-10-05 20:20
WL.HMK.01,ค.หัวหมาก ถ.ศรีนครินทร์,34,สวนหลวง,13.73309,100.64107,1,0,1.0,1.0,-0.2,0.0,,,คลองหัวหมาก,2026-10-05 20:20
WL.NKW.02,ค.น้ำแก้ว ซ.ลาดพร้าว 41,17,ห้วยขวาง,13.80278,100.58458,1,0,0.6,0.6,0.4,0.6,,,คลองน้ำแก้ว,2026-10-05 20:20
WL.WKT.01,ค.วัดไก่เตี้ย ส.คลองวัดไก่เตี้ย,19,ตลิ่งชัน,13.78422,100.46424,1,0,2.0,2.0,1.65,1.85,,,คลองวัดไก่เตี้ย,2026-10-05 20:20
WL.SCO.01,ค.ศาลเจ้า ถ.สวนผัก,19,ตลิ่งชัน,13.79815,100.44488,1,0,1.0,1.0,0.6,0.7,,,คลองศาลเจ้า,2026-10-05 20:20
WL.KPM.01,ค.เปรมฯ-อุโมงค์,29,บางซื่อ,13.80463,100.53595,1,0,1.15,1.97,1.0,1.2,,,คลองเปรมประชากร,2026-10-05 20:20
WL.SNC.01,ส.คลองสนามชัย,21,บางขุนเทียน,13.63806,100.44765,1,3,1.25,1.3,0.4,0.5,1.0,1.2,คลองสนามชัย,2026-10-05 20:20
WL.BBR.01,ค.บางบำหรุ ถ.บรมราชชนนี,20,บางกอกน้อย,13.77927,100.47591,1,0,1.0,1.0,0.6,0.7,,,คลองบางบำหรุ,2026-10-05 20:20
WL.BBR.02,ค.บางบำหรุ ถ.สิรินธร,25,บางพลัด,13.78876,100.48166,1,0,1.0,1.0,0.7,0.8,,,คลองบางบำหรุ,2026-10-05 20:20
WL.LBK.01,ค.ลาดบัวขาว ถ.รามคำแหง,10,มีนบุรี,13.79549,100.70761,1,0,2.0,2.0,0.4,0.6,,,คลองลาดบัวขาว,2026-10-05 20:20
WL.BBN.01,ค.บางบอน ถ.บางขุนเทียน,50,บางบอน,13.67055,100.42713,1,0,1.6,1.6,0.6,0.7,,,คลองบางบอน,2026-10-05 20:20
WL.KLA.01,ค.ลาว ถ.พัฒนาการ,34,สวนหลวง,13.73722,100.62499,1,0,1.26,1.26,-0.2,0.0,,,คลองลาว,2026-10-05 20:20
WL.KJA.02,ค.กะจะ ถ.พระราม 9 ซ.57,6,บางกะปิ,13.74953,100.63387,1,0,1.0,1.0,-0.2,0.0,,,คลองกะจะ,2026-10-05 20:20
WL.BSU.07,ค.บางซื่อ ถ.ลาดพร้าว,17,ห้วยขวาง,13.79875,100.58655,1,0,0.6,0.75,0.6,0.4,,,คลองบางซื่อ,2026-10-05 20:20
WL.ANX.01,คูน้ำแอนเนกซ์ ,42,สายไหม,13.93729,100.63895,1,0,0.95,0.95,0.6,0.8,,,บ่อสูบน้ำพหลโยธิน 58,2026-10-05 20:20
WL.MKT.01,ค.มะขามเทศ-ถ.พัฒนาการ,32,ประเวศ,13.70015,100.67492,2,0,0.77,0.77,0.62,0.77,,,คลองมะขามเทศ,2026-10-05 20:20
WL.LPW.04,ค.ลาดพร้าว ถ.ประชาอุทิศ,45,วังทองหลาง,13.76874,100.59356,1,0,1.0,1.0,0.05,0.15,,,คลองลาดพร้าว,2026-10-05 20:20
WL.RMT.02,ค.ราชมนตรี-พระราม 2,21,บางขุนเทียน,13.66885,100.4299,1,0,1.3,1.3,0.6,0.7,,,คลองพระยาราชมนตรี,2026-10-05 20:20
WL.SSB.06,ค.แสนแสบ-เจ้าคุณสิงห์,6,บางกะปิ,13.76127,100.61532,1,0,0.65,0.65,0.2,0.35,,,คลองแสนแสบ,2026-10-05 20:20
WL.HMK.02,ค.หัวหมาก-ซ.รามคาแหง 68,6,บางกะปิ,13.76438,100.65679,2,0,0.79,0.95,0.68,0.79,,,คลองหัวหมาก,2026-10-05 20:20
WL.KTK.03,ค.ขรัวตาแก่น ซ.สะพานขวา,29,บางซื่อ,13.80504,100.52867,1,0,1.0,1.0,0.4,0.5,,,คลองขรัวตาแก่น,2026-10-05 20:20
WL.SSB.02,ค.แสนแสบ ซ.สมคิด,7,ปทุมวัน,13.74846,100.54583,1,0,1.85,1.97,0.0,0.1,,,คลองแสนแสบ,2026-10-05 20:20
WL.BKB.01,ค.บางกระบือ ถ.สามเสน,2,ดุสิต,13.79154,100.51662,1,0,1.0,1.0,0.8,1.0,,,คลองบางกระบือ,2026-10-05 20:20
WL.SSB.04,ส.แสนแสบ-คลองตัน,39,วัฒนา,13.74126,100.59642,1,2,0.5,0.7,0.0,0.2,0.0,0.2,คลองแสนแสบ,2026-10-05 20:20
WL.CYI.03,ค.ชวดใหญ่ คลองลาดพร้าว,17,ห้วยขวาง,13.7631,100.59243,1,0,1.1,1.1,-0.1,0.0,,,คลองชวดใหญ่,2026-10-05 20:20
WL.CLH.01,สถานีสูบน้ำชลหารพิจิตร*,53,อำเภอบางบ่อสมุทรปราการ,13.51834,100.8201,3,0,,,1.0,1.2,,,คลองด่าน,2026-10-05 20:20
WL.KNB.02,ค.หนองบอน ถ.เฉลิมพระเกียรติรัชกาลที่ 9,32,ประเวศ,13.678,100.66295,1,0,1.5,1.5,0.0,0.1,,,คลองหนองบอน,2026-10-05 20:20
WL.CYI.02,ค.ชวดใหญ่ ถ.พระราม 9,17,ห้วยขวาง,13.75502,100.58113,1,0,1.85,1.97,-0.1,0.0,,,คลองชวดใหญ่,2026-10-05 20:20
WL.PLP.01,ค.ปลัดเปรียง-ถ.เฉลิมพระเกียรติร.9 ซ.14,32,ประเวศ,13.67009,100.66787,2,0,0.6,0.76,0.4,0.5,,,คลองปลัดเปรียง,2026-10-05 20:20
WL.SSB.03,ค.แสนแสบ-อโศก,37,ราชเทวี,13.74783,100.56304,1,0,0.9,0.7,0.0,0.15,,,คลองแสนแสบ,2026-10-05 20:20
WL.LPW.05,ค.ลาดพร้าว ถ.ประดิษฐ์มนูธรรม,17,ห้วยขวาง,13.75954,100.59646,1,0,1.0,1.05,-0.1,0.1,,,คลองลาดพร้าว,2026-10-05 20:20
WL.SBT.01,ส.คลองสี่บาท,21,บางขุนเทียน,13.67309,100.44606,1,1,2.0,1.98,0.3,0.4,1.28,1.48,คลองสี่บาท,2026-10-05 20:20
WL.KLD.02,ค.หลอด ถ.ราชดำเนินใน,1,พระนคร,13.75512,100.49554,1,0,1.0,1.0,0.6,0.7,,,คลองหลอด,2026-10-05 20:20
WL.CYI.01,ค.ชวดใหญ่ ถ.พระราม 9 ซ.13,17,ห้วยขวาง,13.76217,100.58648,1,0,0.6,0.6,-0.1,0.0,,,คลองชวดใหญ่,2026-10-05 20:20
WL.BKT.01,บึงรับน้ำบึงกุ่มบางเตย ส.คลองบางเตยล่าง,27,บึงกุ่ม,13.78428,100.66176,2,0,0.41,0.6,0.33,0.41,,,บึงรับน้ำบึงกุ่มบางเตย,2026-10-05 20:20
WL.SSN.10,ค.สามเสน คลองชวดใหญ่,17,ห้วยขวาง,13.75383,100.58091,1,0,1.1,1.1,-0.1,0.0,,,คลองสามเสน,2026-10-05 20:20
WL.KLD.01,ค.หลอด ส.ปากคลองตลาด,1,พระนคร,13.74261,100.49492,1,0,1.8,1.8,0.6,0.7,,,คลองหลอด,2026-10-05 20:20
WL.PWT.01,ค.ประเวศ ซ.อ่อนนุช 17,34,สวนหลวง,13.71556,100.6106,1,0,1.85,1.97,-0.2,-0.1,,,คลองพระโขนง,2026-10-05 20:20
WL.SSN.09,ค.สามเสน-ถ.เอกมัย,17,ห้วยขวาง,13.75038,100.59268,1,0,0.7,0.75,-0.1,0.0,,,คลองสามเสน,2026-10-05 20:20
WL.SSN.08,ส.สามเสน-ค.แสนแสบ,17,ห้วยขวาง,13.74851,100.59904,1,1,0.6,0.8,-0.1,0.0,0.1,0.3,คลองสามเสน,2026-10-05 20:20
WL.KJU.01,ค.ขุนจันทร์ ถ.ฉิมพลี,19,ตลิ่งชัน,13.78277,100.44432,1,0,1.0,1.0,1.65,1.85,,,คลองขุนจันทร์,2026-10-05 20:20
WL.SKG.01,ค.สะแกงาม ถ.กาญจนาภิเษก,21,บางขุนเทียน,13.62715,100.43402,1,0,1.0,1.0,0.4,0.5,,,คลองสะแกงาม,2026-10-05 20:20
WL.KKD.01,ค.เคล็ด ถ.สุขุมวิท 77,34,สวนหลวง,13.7091,100.6307,1,0,0.9,0.9,0.5,0.6,,,คลองเคล็ด,2026-10-05 20:20
WL.BLY.01,ค.บ้านหลาย ถ.สุขุมวิท 77,9,พระโขนง,13.70918,100.6217,1,0,0.6,0.6,0.4,0.5,,,คลองบ้านหลาย,2026-10-05 20:20
WL.HKG.02,ค.ห้วยขวาง ถ.เทียมร่วมมิตร,17,ห้วยขวาง,13.76755,100.57674,1,0,0.3,0.3,0.1,0.3,,,คลองห้วยขวาง,2026-10-05 20:20
WL.SMK.01,บึงรับน้ำหมู่บ้านสัมมากร ส.บึงที่ 2 คลองบ้านม้า 2,44,สะพานสูง,13.76676,100.67784,2,0,0.83,0.44,0.35,0.44,,,บึงรับน้ำหมู่บ้านสัมมากร,2026-10-05 20:20
WL.BPA.01,ค.บ้านป่า ถ.พัฒนาการ,34,สวนหลวง,13.7367,100.61167,1,0,0.7,0.7,-0.2,0.0,,,คลองบ้านป่า,2026-10-05 20:20
WL.KKD.03,ค.เคล็ด ถ.ศรีนครินทร์ ,32,ประเวศ,13.67123,100.6439,1,0,1.0,1.0,0.8,1.0,,,คลองเคล็ด,2026-10-05 20:20
WL.BNA.04,ค.บางนา ซ.บางนา-ตราด 56,47,บางนา,13.6594,100.64935,1,0,1.0,1.0,0.5,0.6,,,คลองบางนา,2026-10-05 20:20
WL.KLT.01,ค.ตัน-ทางด่วน,34,สวนหลวง,13.73776,100.60436,1,0,0.7,0.85,-0.2,0.0,,,คลองตัน,2026-10-05 20:20
WL.SRG.01,ส.คลองสำโรง,51,อำเภอเมืองสมุทรปราการ,13.64855,100.59523,1,3,1.98,1.98,0.7,0.8,1.8,1.9,คลองสำโรง,2026-10-05 20:20
WL.KKS.02,ค.ผดุงกรุงเกษม ทำเนียบรัฐบาล,2,ดุสิต,13.76099,100.51212,1,0,1.1,1.2,0.6,0.7,,,คลองผดุงกรุงเกษม,2026-10-05 20:20
WL.KKD.04,ค.เคล็ด-ซ.เปรมฤทัย 20*,9,พระโขนง,13.68033,100.63959,1,0,1.1,1.1,0.5,1.0,,,คลองเคล็ด,2026-10-05 20:20
WL.BLY.02,ค.บ้านหลาย-ซ.พึ่งมี 48,9,พระโขนง,13.69986,100.62285,2,0,1.15,1.41,0.92,1.15,,,คลองบ้านหลาย,2026-10-05 20:20
WL.HKG.01,ค.ห้วยขวาง ถ.ประชาสงเคราะห์,26,ดินแดง,13.77814,100.57206,1,0,0.0,0.0,-0.2,0.0,,,คลองห้วยขวาง,2026-10-05 20:20
WL.SSN.03,ค.สามเสน ถ.พระราม 6,14,พญาไท,13.77284,100.53,1,0,0.5,0.5,0.3,0.4,,,คลองสามเสน,2026-10-05 20:20
WL.BKA.02,ค.บางเขน ถ.กรุงเทพ-นนท์,29,บางซื่อ,13.83374,100.52207,1,0,0.9,0.8,0.7,0.9,,,คลองบางเขน,2026-10-05 20:20
WL.KKS.01,ส.เทเวศร์,1,พระนคร,13.7717,100.50113,1,2,1.3,3.25,0.6,0.7,2.55,2.75,คลองผดุงกรุงเกษม,2026-10-05 20:20
WL.BTL.01,ค.บางตลาด-ท่าทราย,41,หลักสี่,13.87579,100.55819,1,0,1.62,1.62,0.7,0.8,,,คลองบางตลาด,2026-10-05 20:20
WL.KKD.02,ค.เคล็ด ถ.สุภาพงษ์ 1,9,พระโขนง,13.68886,100.63809,1,0,1.1,1.1,0.6,0.8,,,คลองเคล็ด,2026-10-05 20:20
WL.BLP.02,ค.บางลำพู สะพานผ่านฟ้า,1,พระนคร,13.75655,100.50563,1,0,1.0,1.0,1.65,1.85,,,คลองบางลำพู,2026-10-05 20:20
WL.LPP.02,คลองลำพังพวย ตอนถนนนวมินทร์*,27,บึงกุ่ม,13.78498,100.6477,3,0,,,0.06,0.01,,,คลองลำพังพวย,2026-10-05 20:20
WL.KJA.01,ค.กะจะ ถ.พระราม 9 ,6,บางกะปิ,13.74381,100.61168,1,0,2.0,2.0,0.0,0.1,,,คลองกะจะ,2026-10-05 20:20
WL.SSB.01,ค.แสนแสบ-โบ๊เบ๊,8,ป้อมปราบศัตรูพ่าย,13.75287,100.51722,1,0,1.0,1.0,0.6,0.7,,,คลองแสนแสบ,2026-10-05 20:20
WL.BNA.03,ค.บางนา ถ.ศรีนครินทร์,47,บางนา,13.66102,100.63926,1,0,0.7,0.7,0.4,0.6,,,คลองบางนา,2026-10-05 20:20
WL.PST.01,บึงรับน้ำปูนซีเมนต์ไทย ส.บึงบางซื่อ,30,จตุจักร,13.8219,100.54239,2,0,1.77,0.19,0.15,0.19,,,บึงรับน้ำปูนซีเมนต์ไทย,2026-10-05 20:20
WL.OAG.01,ค.โอ่งอ่าง ปตร.วัดเทพธิดาราม ,1,พระนคร,13.75379,100.50538,1,0,1.0,1.2,0.8,1.0,,,คลองโอ่งอ่าง,2026-10-05 20:20
WL.LSM.01,ค.หลอด 3 บางนา ตราด,47,บางนา,13.66749,100.63337,1,0,0.7,0.7,0.4,0.6,,,คลองหลอด 3,2026-10-05 20:20
WL.SKT.01,ค.ทรงกระเทียม ถ.นาคนิวาส,38,ลาดพร้าว,13.80028,100.6068,1,0,1.0,1.0,-0.2,0.0,,,คลองทรงกระเทียม,2026-10-05 20:20
WL.KSK.01,ค.ขุนสกล ซ.ศรีนครินทร์ 36,34,สวนหลวง,13.70346,100.64388,1,0,0.9,0.9,0.0,0.1,,,คลองขุนสกล,2026-10-05 20:20
WL.MTG.01,บึงรับน้ำ ม.เมืองทองการ์เด้น ปตร.  แก้มลิง ม.เมืองทองการ์เด้น,32,ประเวศ,13.72417,100.66429,2,0,1.83,1.86,1.46,1.83,,,บึงรับน้ำหมู่บ้านเมืองทองการ์เด้น,2026-10-05 20:20
WL.KKS.04,ส.กรุงเกษม,4,บางรัก,13.73035,100.5141,1,1,2.6,2.8,0.6,0.7,2.1,2.3,คลองผดุงกรุงเกษม,2026-10-05 20:20
WL.BNJ.01,ค.บางนางจีน ส.สูบน้ำบางนางจีน,9,พระโขนง,13.71075,100.60308,1,0,0.7,0.7,-0.5,-0.4,,,คลองบางนางจีน,2026-10-05 20:20
WL.KKS.03,ค.ผดุงกรุงเกษม หัวลำโพง,7,ปทุมวัน,13.74126,100.51582,1,0,1.9,1.5,0.6,0.7,,,คลองผดุงกรุงเกษม,2026-10-05 20:20
WL.KCD.01,ค.กระเฉด(โรงควบคุมคุณภาพน้ำรามอินทรา),5,บางเขน,13.85826,100.62848,1,0,0.2,0.2,-0.4,-0.2,,,คลองกระเฉด,2026-10-05 20:20
WL.KDN.01,ปตร.คลองวัดด่าน,12,ยานนาวา,13.67068,100.54016,1,1,2.6,2.8,0.5,0.6,2.1,2.3,คลองวัดด่าน,2026-10-05 20:20
WL.BSU.02,ค.เปรมฯ ถ.พระราม 5,29,บางซื่อ,13.79815,100.53226,1,0,0.9,1.0,1.0,1.2,,,คลองบางซื่อ,2026-10-05 20:20
WL.RMT.01,ส.คลองพระยาราชมนตรี,21,บางขุนเทียน,13.62817,100.43914,1,2,1.2,1.2,0.4,0.5,1.0,1.2,คลองพระยาราชมนตรี,2026-10-05 20:20
WL.MFS.01,บึงรับน้ำหมู่บ้านแฟรนต์ชิพ-ปตร.คลองออหลาว,38,ลาดพร้าว,13.8399,100.62865,2,0,1.33,1.27,1.02,1.27,,,บึงหมู่บ้านเฟรนต์ชิพ,2026-10-05 20:20
WL.NK3.02,คูนายกิม สาย 3 ตอนสวนรมณีย์ทุ่งสีกัน*,36,ดอนเมือง,13.92897,100.569,3,0,,,0.8,1.1,,,คูนายกิมสาย 3,2026-10-05 20:20
WL.YPN.01,ค.ยายเผื่อน แฮปปี้แลนด์,6,บางกะปิ,13.77868,100.64013,1,0,0.0,0.0,-0.2,0.0,,,คลองยายเผื่อน,2026-10-05 20:20
WL.KNB.01,ค.หนองบอน อ่อนนุช 66 ซ.13,34,สวนหลวง,13.70382,100.65075,1,0,2.0,2.0,0.0,0.1,,,คลองหนองบอน,2026-10-05 20:20
WL.SOL.01,ค.สวนอ้อย-ถ.อ่อนนุช ซอย 28,34,สวนหลวง,13.70696,100.6159,2,0,0.81,0.81,0.65,0.81,,,คลองสวนอ้อย,2026-10-05 20:20
WL.CKS.02,ค.เจ้าคุณสิงห์ ถ.ลาดพร้าว,45,วังทองหลาง,13.78408,100.61341,1,0,2.0,2.0,-0.2,0.0,,,คลองเจ้าคุณสิงห์,2026-10-05 20:20
WL.SSN.07,ค.สามเสน ถ.อโศก,17,ห้วยขวาง,13.75512,100.56505,1,0,1.0,0.7,0.0,0.1,,,คลองสามเสน,2026-10-05 20:20
WL.PKN.01,ส.พระโขนง,33,คลองเตย,13.70901,100.59503,1,3,0.15,2.8,-0.2,-0.1,2.1,2.3,คลองพระโขนง,2026-10-05 20:20
WL.SRE.01,ส.คลองสำเหร่,15,ธนบุรี,13.70671,100.49647,1,2,2.6,2.8,0.5,0.6,2.1,2.3,คลองสำเหร่,2026-10-05 20:20
WL.SKT.02,ค.ทรงกระเทียม ปตร.คลองทรงกระเทียม,6,บางกะปิ,13.80003,100.62285,1,0,0.8,0.8,-0.2,0.0,,,คลองทรงกระเทียม,2026-10-05 20:20
WL.WTK.01,ค.วัดตึก ถ.ลาดพร้าว,45,วังทองหลาง,13.78678,100.60758,1,0,1.0,1.0,0.3,0.4,,,คลองวัดตึก,2026-10-05 20:20
WL.SSN.02,ค.สามเสน ถ.พระราม 5,2,ดุสิต,13.77772,100.52121,1,0,1.4,0.9,0.4,0.5,,,คลองสามเสน,2026-10-05 20:20
WL.LPN.01,ส.คลองเลนเปน,21,บางขุนเทียน,13.60695,100.41311,1,1,1.98,1.98,0.4,0.5,1.0,1.2,คลองเลนเปน,2026-10-05 20:20
WL.YSN.02,ค.คลองยายสุ่น ถ.รัชดาภิเษก,17,ห้วยขวาง,13.76324,100.56823,1,0,1.84,1.93,0.2,0.4,,,คลองยายสุ่น,2026-10-05 20:20
WL.TCG.01,ค.ตาช้าง ถ.ศรีนครินทร์,32,ประเวศ,13.68353,100.64666,1,0,1.0,1.0,-0.5,-0.2,,,คลองตาช้าง,2026-10-05 20:20
WL.AJP.01,ค.อาจารย์พร-ปตร.คลองอาจารย์พร,32,ประเวศ,13.66424,100.68944,2,0,0.91,0.89,0.71,0.89,,,คลองอาจารย์พร,2026-10-05 20:20
WL.YPN.02,ค.ยายเผื่อน ถ.ลาดพร้าว,6,บางกะปิ,13.76832,100.63938,1,0,0.7,0.7,-0.2,0.0,,,คลองยายเผื่อน,2026-10-05 20:20
WL.BSU.01,ส.คลองบางซื่อ,2,ดุสิต,13.80009,100.5184,1,6,0.9,3.5,0.3,0.4,2.8,3.0,คลองบางซื่อ,2026-10-05 20:20
WL.TTN.01,ค.ลาดโตนด ปตร.คลองลาดโตนด,41,หลักสี่,13.85509,100.56001,1,0,1.0,1.0,0.1,0.2,,,คลองลาดโตนด,2026-10-05 20:20
WL.SNO.01,ค.เสือน้อย ถ.สุคนธสวัสดิ์,38,ลาดพร้าว,13.82306,100.60897,1,0,1.0,1.0,0.3,0.4,,,คลองเสือน้อย,2026-10-05 20:20
WL.BNJ.03,ค.บางนางจีน ซ.สุขุมวิท 93,9,พระโขนง,13.7006,100.60891,1,0,0.0,0.0,-0.1,0.0,,,คลองบางนางจีน,2026-10-05 20:20
WL.PYW.01,ค.พญาเวิก ปตร.คลองพญาเวิก,30,จตุจักร,13.79676,100.56697,1,0,1.0,1.0,0.1,0.2,,,คลองพญาเวิก,2026-10-05 20:20
WL.CKS.03,ค.เจ้าคุณสิงห์-ถ.อินทราภรณ์,45,วังทองหลาง,13.77092,100.61482,2,0,0.64,0.82,0.51,0.64,,,คลองเจ้าคุณสิงห์,2026-10-05 20:20
WL.VPD.02,คูน้ำวิภาวดี-กรมดุริยางค์ทหารบก,14,พญาไท,13.76996,100.55081,2,0,0.64,0.57,0.2,0.3,,,คูน้ำวิภาวดี,2026-10-05 20:20
WL.STR.01,ส.สาทร,4,บางรัก,13.71861,100.51499,1,3,2.0,2.8,0.0,0.2,2.1,2.3,คลองสาทร,2026-10-05 20:20
WL.LPI.02,ค.หลุมไผ่ ถ.ประเสริฐมนูกิจ29,38,ลาดพร้าว,13.84703,100.6218,1,0,1.8,1.8,0.7,0.9,,,คลองหลุมไผ่,2026-10-05 20:20
WL.KBP.01,คลองบางพูด ตอนบึงสีกัน*,41,หลักสี่,13.90732,100.5619,3,0,,,2.8,3.4,,,คลองบางพูด,2026-10-05 20:20
WL.RHN.01,ส.คลองระหาญ,21,บางขุนเทียน,13.60384,100.3946,1,1,1.98,1.98,0.4,0.5,1.0,1.2,คลองระหาญ,2026-10-05 20:20
WL.SSN.01,ส.สามเสน,2,ดุสิต,13.78484,100.50837,1,5,0.9,3.5,0.2,0.3,2.8,3.0,คลองสามเสน,2026-10-05 20:20
WL.VPD.01,คูน้ำวิภาวดี-สนามกีฬา ทบ.,14,พญาไท,13.78252,100.55784,1,0,0.64,0.64,0.2,0.3,,,คูน้ำวิภาวดี,2026-10-05 20:20
WL.FTM.01,ค.โบสถ์แม่พระ ถ.ดินแดง,26,ดินแดง,13.75957,100.55618,1,0,1.0,1.0,0.0,0.1,,,คลองโบสถ์แม่พระ,2026-10-05 20:20
WL.WTN.02,คูน้ำวัฒนา รร.วัฒนาวิทยาลัย,39,วัฒนา,13.74233,100.56054,1,0,0.2,0.2,-0.2,0.0,,,คูน้ำวัฒนา,2026-10-05 20:20
WL.BSU.05,ค.บางซื่อ ถ.วิภาวดีฯ,30,จตุจักร,13.79486,100.56157,1,0,1.1,1.25,0.3,0.5,,,คลองบางซื่อ,2026-10-05 20:20
WL.RKC.01,ค.ข้างศูนย์ราชการ,41,หลักสี่,13.88457,100.56277,1,0,1.0,1.0,1.0,1.2,,,คลองข้างศูนย์ราชการ,2026-10-05 20:20
WL.BSU.04,ค.บางซื่อ ถ.พหลฯ,30,จตุจักร,13.79619,100.55035,1,0,0.6,0.55,0.4,0.5,,,คลองบางซื่อ,2026-10-05 20:20
WL.SSN.04,ค.สามเสน-ถ.พหลฯ,37,ราชเทวี,13.76551,100.5396,1,0,1.0,0.85,0.2,0.3,,,คลองสามเสน,2026-10-05 20:20
WL.MKT.02,คลองมะขามเทศ ตอนบึงหนองบอน*,32,ประเวศ,13.69984,100.6625,3,0,,,320.0,450.0,,,คลองมะขามเทศ,2026-10-05 20:20
WL.BSU.03,ค.บางซื่อ ถ.พระราม 6,30,จตุจักร,13.79759,100.53881,1,0,0.65,0.55,0.1,0.2,,,คลองบางซื่อ,2026-10-05 20:20
WL.TUT.02,ค.ตาอูฐ ซ.แจ้งวัฒนะ 14,36,ดอนเมือง,13.91159,100.56559,1,0,0.8,0.8,0.3,0.5,,,คลองตาอูฐ,2026-10-05 20:20
WL.BNJ.04,ค.บางนางจีน ถ.สุขุมวิท 101/1,9,พระโขนง,13.68443,100.61107,1,0,0.0,0.0,-0.2,0.0,,,คลองบางนางจีน,2026-10-05 20:20
WL.KJT.01,ค.จิต ซ.ลาดพร้าว 122,45,วังทองหลาง,13.77323,100.62173,1,0,0.75,0.75,-0.1,0.0,,,คลองจิต,2026-10-05 20:20
WL.LSG.01,ค.หลอด 2 ถ.บางนา ตราด,47,บางนา,13.67099,100.62222,1,0,0.3,0.3,0.0,0.2,,,คลองหลอด 2,2026-10-05 20:20
WL.BNA.02,ค.บางนา ถ.สุขุมวิท,47,บางนา,13.66948,100.60535,1,0,0.6,0.5,0.5,0.7,,,คลองบางนา,2026-10-05 20:20
WL.LPP.01,บึงรับน้ำลำพังพวย-ถ.นวมินทร์,27,บึงกุ่ม,13.78472,100.6481,2,0,0.73,0.68,0.4,0.5,,,บึงรับน้ำลำพังพวย,2026-10-05 20:20
WL.BOA.03,ค.บางอ้อใหญ่ ซ.สุขุมวิท 66/1,9,พระโขนง,13.68076,100.60305,1,0,0.15,0.15,-0.2,0.0,,,คลองบางอ้อ,2026-10-05 20:20
WL.KJK.02,ค.เจ็ก ถ.สุขุมวิท 60/1,9,พระโขนง,13.69734,100.6024,1,0,0.3,0.6,-0.2,0.0,,,คลองเจ็ก,2026-10-05 20:20
WL.VPD.03,คูน้ำวิภาวดี-ซ.วิภาวดีรังสิต 28,30,จตุจักร,13.82159,100.55909,2,0,0.59,0.59,0.2,0.3,,,คูน้ำวิภาวดี,2026-10-05 20:20
WL.NK1.01,คูนายกิมสาย 1-ถ.เลียบคูนายกิมสาย 1,36,ดอนเมือง,13.93929,100.60559,2,0,1.44,1.45,1.15,1.44,,,คูนายกิมสาย 1,2026-10-05 20:20
WL.BON.01,ค.บางอ้อน้อย ซ.สุขุมวิท 64,9,พระโขนง,13.68495,100.60233,1,0,0.85,0.85,-0.2,0.0,,,คลองบางอ้อน้อย,2026-10-05 20:20
WL.BOA.01,ส.บางอ้อ,9,พระโขนง,13.68206,100.59226,1,2,2.28,2.8,-0.2,0.0,2.1,2.3,คลองบางอ้อ,2026-10-05 20:20
WL.KJK.01,ส.คลองเจ็ก,9,พระโขนง,13.6922,100.5898,1,2,0.75,2.8,-0.2,0.0,2.1,2.3,คลองเจ็ก,2026-10-05 20:20
WL.BOA.02,ค.บางอ้อ ซ.สุขุมวิท 64,9,พระโขนง,13.68559,100.60441,1,0,0.0,0.05,-0.2,0.0,,,คลองบางอ้อ,2026-10-05 20:20
WL.CKS.01,ส.คลองเจ้าคุณสิงห์,45,วังทองหลาง,13.76172,100.61521,1,2,1.85,1.97,-0.3,-0.2,,,คลองเจ้าคุณสิงห์,2026-10-05 20:20
WL.ORC.01,ส.คลองอรชร,7,ปทุมวัน,13.74795,100.53615,1,1,0.55,0.55,0.5,0.6,0.5,0.6,คลองอรชร,2026-10-05 20:20
WL.BJK.01,ส.บางจาก,9,พระโขนง,13.68913,100.59082,1,2,2.6,2.8,-0.2,0.0,2.1,2.3,คลองบางจาก,2026-10-05 20:20
WL.KPG.01,ค.เป้ง ซ.เอกมัย 23,39,วัฒนา,13.74048,100.58877,1,0,0.0,0.0,-0.2,0.0,,,คลองเป้ง,2026-10-05 20:20
WL.SWU.01,คูน้ำ มศว.,39,วัฒนา,13.7423,100.56775,1,0,0.4,0.4,-0.2,0.0,,,คูน้ำ มศว.,2026-10-05 20:20
WL.LYW.02,ค.ลาดยาว ถ.วิภาวดีรังสิต 44,30,จตุจักร,13.84162,100.55997,1,0,0.5,0.5,0.2,0.3,,,คลองลาดยาว,2026-10-05 20:20
WL.BSE.01,บึงสีกัน*,41,หลักสี่,13.90502,100.5606,3,0,,,0.86,1.06,,,บึงสีกัน,2026-10-05 20:20
WL.LYW.01,ค.ลาดยาว ถ.รัชดาภิเษก,30,จตุจักร,13.83042,100.56229,1,0,1.5,1.5,0.2,0.3,,,คลองลาดยาว,2026-10-05 20:20
WL.BKA.01,ส.คลองบางเขนใหม่,29,บางซื่อ,13.81722,100.51066,1,5,3.5,3.5,0.4,0.5,2.8,3.0,คลองบางเขนใหม่,2026-10-05 20:20
WL.WSI.01,ส.คลองวัดไทร,31,บางคอแหลม,13.68687,100.51676,1,3,2.6,2.8,0.5,0.6,2.1,2.3,คลองวัดไทร,2026-10-05 20:20
WL.CNS.01,ส.คลองช่องนนทรี,12,ยานนาวา,13.6952,100.54853,1,2,2.8,2.8,0.2,0.3,2.1,2.3,คลองช่องนนทรี,2026-10-05 20:20
WL.PSI.01,ค.พร้อมศรี 2 ถ.สุขุมวิท 49/13,39,วัฒนา,13.73827,100.57522,1,0,0.0,0.0,-0.2,0.0,,,คลองพร้อมศรี2,2026-10-05 20:20
WL.BNA.01,ส.บางนา,47,บางนา,13.67482,100.58775,1,2,0.3,2.8,-0.2,0.0,2.1,2.3,คลองบางนา,2026-10-05 20:20
WL.BMK.01,ค.บางมะเขือ ถ.สุขุมวิท 71,39,วัฒนา,13.71693,100.59558,1,0,0.0,0.0,-0.3,0.0,,,คลองบางมะเขือ,2026-10-05 20:20
WL.VPV.01,ส.รัชดา-วิภาวดี,30,จตุจักร,13.83021,100.5571,1,1,1.85,1.97,0.2,0.3,,,คูน้ำวิภาวดี,2026-10-05 20:20
WL.SSN.06,ค.สามเสน-ดินแดง,26,ดินแดง,13.75604,100.5526,1,0,0.35,0.4,0.0,0.1,,,คลองสามเสน,2026-10-05 20:20
WL.TSK.01,คูน้ำต่อศักดิ์ ซ.ทองหล่อ 25,39,วัฒนา,13.74019,100.58037,1,0,0.0,0.0,-0.2,0.0,,,คูน้ำต่อศักดิ์,2026-10-05 20:20
WL.NSG.01,ค.นาซอง ถ.ประชาสุข,26,ดินแดง,13.77895,100.56654,1,0,1.85,1.97,0.0,0.1,,,คลองนาซอง,2026-10-05 20:20
WL.RMT.03,ค.พระยาราชมนตรี-ถ.กัลปพฤกษ์,40,บางแค,13.68785,100.42779,1,0,1.0,1.0,0.6,0.7,,,คลองพระยาราชมนตรี,2026-10-05 20:20
WL.TNG.01,ค.ตาหนัง ถ.ลาดพร้าว,6,บางกะปิ,13.76725,100.64345,1,0,0.3,0.3,-0.2,0.0,,,คลองตาหนัง,2026-10-05 20:20
WL.KTY.01,ส.คลองเตย,33,คลองเตย,13.70635,100.58779,1,1,2.8,2.8,-0.4,-0.2,2.1,2.3,คลองเตย,2026-10-05 20:20
WL.BNJ.05,คลองบางนางจีน ตอนแยกถนนสุขุมวิท 101/1*,9,พระโขนง,13.68415,100.6103,3,0,,,-0.1,0.1,,,คลองบางนางจีน,2026-10-05 20:20
WL.BNJ.02,ค.บางนางจีน ซ.สุขุมวิท 66/1,47,บางนา,13.68202,100.60746,1,0,0.0,0.0,-0.3,-0.1,,,คลองบางนางจีน,2026-10-05 20:20
WL.NBN.01,ส.บึงหนองบอน,32,ประเวศ,13.69479,100.6535,1,1,1.98,1.98,-0.1,0.0,-0.1,0.0,คลองหนองบอน,2026-10-05 20:20
WL.TUT.01,ส.คลองตาอูฐ,41,หลักสี่,13.89975,100.58673,1,1,0.95,1.5,0.1,0.2,1.0,1.2,คลองตาอูฐ,2026-10-05 20:20
WL.KPM.03,ค.เปรมฯ-วัดเทวฯ,30,จตุจักร,13.85069,100.56091,1,0,1.0,1.0,0.3,0.4,,,คลองเปรมประชากร,2026-10-06 09:15
WL.KPM.01,ค.เปรมฯ-อุโมงค์,29,บางซื่อ,13.80463,100.53595,1,0,1.15,1.97,0.3,0.4,,,คลองเปรมประชากร,2026-10-06 09:15
WL.SSB.10,ปตร.คลองแสนแสบ-ถ.ประชาร่วมใจ,10,มีนบุรี,13.82094,100.74738,1,1,1.0,0.95,0.5,0.6,0.9,1.0,คลองแสนแสบ,2026-10-06 14:20
WL.KPM.04,ค.เปรมประชากร-ค.บางตลาด*,41,หลักสี่,13.87546,100.57424,1,0,1.5,1.5,1.2,1.4,,,คลองเปรมประชากร,2026-10-07 14:20
WL.KPM.03,ค.เปรมฯ-วัดเทวฯ,30,จตุจักร,13.85069,100.56091,1,0,1.5,1.5,1.2,1.4,,,คลองเปรมประชากร,2026-10-07 14:20
