code,measured,wl_in_m,wl_out_m,status
WL.RPS.01,2026-10-05 19:10,1.99,,Alert
WL.SSB.13,2026-10-05 19:10,1.84,,Critical
WL.KHW.01,2026-10-05 19:10,1.75,,Normal
WL.MSW.01,2026-10-05 19:15,1.75,,Normal
WL.K08.01,2026-10-05 19:10,1.75,,Alert
WL.MSW.03,2026-10-05 19:15,1.74,,Normal
WL.PKG.01,2026-10-05 19:15,1.66,,Normal
WL.KKO.01,2026-10-05 19:15,1.61,,Alert
WL.K10.01,2026-10-05 19:10,1.6,,Alert
WL.LPT.05,2026-10-05 19:10,1.58,,Normal
WL.KKO.02,2026-10-05 19:10,1.57,,Alert
WL.K11.01,2026-10-05 19:10,1.57,,Alert
WL.SSG.01,2026-10-05 19:15,1.51,,Alert
WL.SSM.02,2026-10-05 19:15,1.5,,Normal
WL.SSG.02,2026-10-05 19:10,1.49,,Normal
WL.SWA.02,2026-10-05 19:10,1.47,,Normal
WL.POC.01,2026-10-05 19:10,1.46,,Normal
WL.SSM.01,2026-10-05 19:15,1.29,-99,Critical
WL.PSR.03,2026-10-05 06:20,1.22,,out of order
WL.PSR.02,2026-10-05 19:15,1.22,,Critical
WL.LPT.01,2026-10-05 17:45,1.22,,out of order
WL.SSB.12,2026-10-05 19:15,1.19,1.5,Critical
WL.PSR.01,2026-10-05 19:15,1.19,1.84,Critical
WL.ANG.01,2026-10-05 19:10,1.17,,Normal
WL.LPC.01,2026-10-05 19:15,1.14,,Critical
WL.MSW.02,2026-10-05 19:15,1.12,,Normal
WL.LPS.01,2026-10-05 19:10,1.09,,Normal
WL.PWT.07,2026-10-05 19:15,1.08,,Critical
WL.SST.01,2026-10-05 19:15,1.08,1.84,Critical
WL.LPG.02,2026-10-05 19:15,1.07,1.73,Critical
WL.LOA.02,2026-10-05 19:15,1.06,,Normal
WL.PLK.01,2026-10-05 19:15,1.04,,Normal
WL.KPM.05,2026-10-05 19:15,1.02,,Alert
WL.LPG.03,2026-10-05 19:15,1.02,,Critical
WL.BYI.01,2026-10-05 19:15,1.0,,Critical
WL.SSB.11,2026-10-05 19:15,1.0,,Alert
WL.PWT.06,2026-10-05 19:15,1.0,,Critical
WL.KPM.08,2026-10-05 19:15,1.0,,Alert
WL.KPM.06,2026-10-05 19:15,0.99,,Normal
WL.KSG.01,2026-10-05 19:15,0.99,,Alert
WL.BBU.01,2026-10-05 19:15,0.97,,Alert
WL.MSW.04,2026-10-05 19:15,0.97,,Normal
WL.LPT.03,2026-10-05 19:15,0.96,,Critical
WL.BPU.01,2026-10-05 19:15,0.94,,Normal
WL.WHK.01,2026-10-05 19:15,0.93,,Alert
WL.WLS.01,2026-10-05 19:15,0.92,,Alert
WL.PWT.05,2026-10-03 14:20,0.92,,out of order
WL.BBU.02,2026-10-05 19:10,0.92,,Alert
WL.KPM.04,2026-10-05 19:25,0.9,,Normal
WL.KSM.01,2026-10-05 19:15,0.89,,Critical
WL.KSI.02,2026-10-05 19:15,0.89,,Critical
WL.KSI.01,2026-10-05 19:15,0.86,,Alert
WL.KSM.02,2026-10-05 19:15,0.86,,Critical
WL.SWA.01,2026-10-05 19:15,0.85,1.32,Critical
WL.CBJ.01,2026-06-01 16:50,0.84,,out of order
WL.PSR.05,2026-10-05 19:15,0.84,,Critical
WL.KPM.07,2026-10-05 19:10,0.84,,Critical
WL.KPM.09,2026-10-03 02:40,0.82,,out of order
WL.LOA.01,2026-10-05 19:15,0.81,,Alert
WL.PSR.04,2026-10-05 19:15,0.81,,Normal
WL.LCL.01,2026-10-05 19:15,0.79,,Normal
WL.LKB.01,2026-10-05 19:15,0.78,,Critical
WL.PSR.06,2026-10-05 17:35,0.75,,out of order
WL.TWW.01,2026-10-05 19:15,0.74,1.04,Normal
WL.BWK.03,2026-09-29 02:35,0.74,,out of order
WL.STN.03,2026-10-05 19:15,0.74,,Critical
WL.KSO.02,2026-10-05 19:15,0.74,,Normal
WL.KSO.01,2026-10-05 19:15,0.72,,Normal
WL.SSB.10,2026-10-05 19:15,0.71,1.2,Critical
WL.LPW.03,2026-10-05 19:15,0.71,,Alert
WL.TWW.02,2026-10-05 19:15,0.7,,Normal
WL.BKG.01,2026-10-05 19:15,0.69,-2.0,Critical
WL.SBR.01,2026-10-05 19:15,0.68,1.1,Normal
WL.STN.02,2026-10-05 19:15,0.67,,Critical
WL.TWW.03,2026-10-05 19:15,0.67,,Alert
WL.TWW.04,2026-10-05 19:15,0.65,,Normal
WL.KKY.01,2026-10-05 19:15,0.64,,Normal
WL.KKY.02,2026-10-05 19:15,0.63,,Normal
WL.SSB.09,2026-10-05 19:15,0.62,1.1,Critical
WL.PWT.04,2026-10-05 19:15,0.62,0.67,Critical
WL.SBR.02,2026-10-05 19:15,0.61,,Normal
WL.LBK.02,2026-10-05 19:15,0.61,,Critical
WL.KT4.01,2026-10-05 18:10,0.6,,out of order
WL.LCL.02,2026-10-05 18:10,0.59,,out of order
WL.BKA.04,2026-10-05 19:15,0.56,,Normal
WL.BPM.03,2026-10-05 19:15,0.56,,Normal
WL.BPM.04,2026-10-05 19:15,0.55,,Normal
WL.TPK.03,2026-10-05 19:15,0.55,,Critical
WL.BKH.01,2026-10-05 19:10,0.55,,Normal
WL.LBK.03,2026-10-05 19:15,0.54,,Critical
WL.STN.01,2026-10-05 19:10,0.54,,Alert
WL.BWK.02,2026-10-05 19:15,0.51,,Normal
WL.BCN.03,2026-10-05 19:15,0.5,,Normal
WL.NK3.01,2026-10-05 19:15,0.49,,Normal
WL.TPK.02,2026-10-05 19:15,0.49,,Critical
WL.BNS.01,2026-10-05 19:15,0.47,,Normal
WL.SSB.08,2026-10-05 19:15,0.46,,Critical
WL.PNM.01,2026-10-05 19:15,0.45,,Critical
WL.JKK.01,2026-10-05 15:05,0.44,,out of order
WL.BCN.01,2026-10-05 19:15,0.44,,Normal
WL.BKK.01,2026-10-05 19:15,0.44,,Normal
WL.RMN.01,2026-10-05 19:15,0.42,,Normal
WL.PSC.06,2026-10-05 19:10,0.41,,Normal
WL.BCN.02,2026-10-05 19:15,0.41,,Normal
WL.BTY.01,2026-10-05 19:15,0.4,,Alert
WL.KBU.02,2026-10-05 19:15,0.39,,Normal
WL.BJK.04,2026-10-05 19:15,0.39,,Normal
WL.BPM.02,2026-10-05 19:15,0.38,,Normal
WL.BJK.02,2026-10-05 19:10,0.38,,Normal
WL.BAM.01,2026-10-05 19:15,0.37,,Normal
WL.BMD.01,2026-10-05 19:10,0.37,,Normal
WL.TWW.05,2026-10-05 19:15,0.36,,Normal
WL.RSK.01,2026-10-05 19:15,0.35,,Normal
WL.PSC.05,2026-10-05 19:15,0.34,,Normal
WL.BKY.02,2026-10-05 19:15,0.34,,Normal
WL.BJK.03,2026-10-05 19:15,0.34,,Normal
WL.KPM.03,2026-10-05 19:15,0.33,,Critical
WL.KBU.01,2026-10-05 19:15,0.33,1.68,Normal
WL.KJN.02,2026-10-05 19:15,0.33,,Alert
WL.PWT.03,2026-10-05 19:15,0.32,0.34,Critical
WL.BTL.02,2026-10-05 19:10,0.3,,Normal
WL.BBN.03,2026-10-05 19:15,0.29,,Normal
WL.CPA.01,2026-10-05 19:15,0.28,1.78,Normal
WL.BPM.01,2026-10-05 19:15,0.28,,Normal
WL.BWK.01,2026-10-05 19:15,0.28,,Normal
WL.YPE.01,2026-10-05 19:15,0.26,,Normal
WL.BYK.02,2026-10-05 19:15,0.26,,Normal
WL.CPA.02,2026-10-05 19:15,0.24,,Normal
WL.PSC.03,2026-10-05 19:15,0.24,,Normal
WL.PSC.01,2026-10-05 19:15,0.23,0.27,Normal
WL.KMN.01,2026-10-05 19:15,0.23,1.73,Normal
WL.SDN.01,2026-10-05 19:05,0.23,,temporarily out of order
WL.PSC.02,2026-10-05 19:15,0.22,,Normal
WL.BKY.01,2026-10-05 19:15,0.21,1.73,Normal
WL.RJK.01,2026-10-05 19:15,0.21,0.21,Normal
WL.SNC.02,2026-10-05 19:15,0.2,,Normal
WL.SSB.07,2026-10-05 19:15,0.2,,Normal
WL.SLL.01,2026-10-05 17:45,0.2,,out of order
WL.MCM.01,2026-10-05 19:15,0.19,,Normal
WL.JRN.01,2026-10-05 19:15,0.19,1.43,Normal
WL.DKN.01,2026-10-05 19:15,0.17,1.47,Normal
WL.KJG.01,2026-10-05 19:15,0.17,,Critical
WL.BPN.02,2026-10-05 19:15,0.11,,Normal
WL.NCH.02,2026-10-05 19:15,0.1,,Normal
WL.PWT.02,2026-10-05 19:15,0.1,,Alert
WL.BMA.02,2026-10-05 19:15,0.08,,Normal
WL.KJN.01,2026-10-05 15:35,0.08,,out of order
WL.BPK.01,2026-10-05 19:15,0.07,,Normal
WL.BSK.01,2026-10-05 19:15,0.07,1.5,Normal
WL.HMK.03,2026-10-05 19:15,0.06,,Normal
WL.BBN.02,2026-10-05 19:15,0.05,,Normal
WL.SNC.03,2026-10-05 19:15,0.04,,Normal
WL.LPW.01,2026-10-05 19:15,0.04,0.04,Normal
WL.BYK.01,2026-10-05 19:10,0.02,,Normal
WL.BSU.06,2026-10-05 19:15,0.0,,Normal
WL.BKA.03,2026-10-05 19:15,0.0,,Normal
WL.SCO.01,2026-10-05 19:15,-0.01,,Normal
WL.HMK.01,2026-10-05 19:15,-0.01,,Alert
WL.NKW.02,2026-10-05 19:15,-0.01,,Normal
WL.KPM.01,2026-10-05 19:15,-0.03,,Normal
WL.WSV.01,2026-10-05 19:15,-0.05,,Normal
WL.ANX.01,2026-10-05 19:15,-0.07,,Normal
WL.BBR.01,2026-10-05 19:15,-0.1,,Normal
WL.SNC.01,2026-10-05 19:15,-0.1,1.0,Alert
WL.LBK.01,2026-01-13 09:55,-0.12,,out of order
WL.BBR.02,2026-10-05 19:15,-0.13,,Normal
WL.BBN.01,2026-10-05 18:05,-0.13,,out of order
WL.KLA.01,2026-10-05 19:15,-0.16,,Alert
WL.SSB.06,2026-10-05 19:15,-0.17,,Normal
WL.KJA.02,2026-10-05 19:15,-0.19,,Alert
WL.WKT.01,2026-10-05 19:15,-0.2,,Normal
WL.HMK.02,2026-10-05 19:15,-0.22,,Normal
WL.MKT.01,2026-10-05 19:15,-0.22,,Normal
WL.RMT.02,2026-10-05 19:15,-0.22,,Normal
WL.LPW.04,2026-10-05 19:15,-0.23,,Normal
WL.BSU.07,2026-10-05 19:15,-0.23,,Normal
WL.KTK.03,2026-06-05 11:55,-0.24,,out of order
WL.SBT.01,2026-10-05 19:15,-0.24,0.1,Normal
WL.SSB.02,2026-03-23 09:50,-0.27,,out of order
WL.BKB.01,2026-10-05 19:15,-0.28,,Normal
WL.CYI.03,2026-10-03 12:05,-0.3,,out of order
WL.KLD.02,2026-10-05 19:15,-0.31,,Normal
WL.CYI.02,2026-10-05 19:10,-0.33,,Normal
WL.LPW.05,2026-10-05 19:15,-0.33,,Normal
WL.SSB.04,2026-10-05 19:15,-0.33,-0.24,Normal
WL.KNB.02,2026-10-05 19:15,-0.34,,Normal
WL.CLH.01,2026-10-05 19:15,-0.34,,Normal
WL.PLP.01,2026-10-05 19:15,-0.35,,Normal
WL.CYI.01,2026-10-05 19:15,-0.36,,Normal
WL.SSN.10,2026-10-05 19:15,-0.37,,Normal
WL.SSB.03,2026-10-05 19:15,-0.38,,Normal
WL.SSN.09,2026-10-05 19:15,-0.39,,Normal
WL.PWT.01,2026-10-05 19:15,-0.39,,Normal
WL.BKT.01,2026-10-05 19:15,-0.39,,Normal
WL.KLD.01,2026-10-05 19:15,-0.4,,Normal
WL.SSN.08,2026-10-05 19:15,-0.4,-0.37,Normal
WL.SKG.01,2026-10-05 16:55,-0.44,,out of order
WL.KLT.01,2026-10-05 19:15,-0.46,,Normal
WL.BPA.01,2026-10-05 19:15,-0.46,,Normal
WL.HKG.02,2026-10-05 19:15,-0.48,,Normal
WL.SMK.01,2026-10-05 19:15,-0.48,,Normal
WL.KKD.03,2026-10-05 03:20,-0.49,,out of order
WL.BNA.04,2026-10-05 19:15,-0.5,,Normal
WL.KKS.02,2026-10-05 19:15,-0.52,,Normal
WL.SSN.03,2026-02-21 12:05,-0.54,,out of order
WL.SRG.01,2026-10-05 19:15,-0.54,1.34,Normal
WL.KDN.01,2026-10-05 19:15,-0.55,1.36,Normal
WL.TUT.02,2026-10-05 19:15,-0.55,,Normal
WL.HKG.01,2026-10-05 19:15,-0.55,,Normal
WL.BKA.02,2026-10-05 19:15,-0.56,,Normal
WL.KKS.01,2026-10-05 19:15,-0.57,1.8,Normal
WL.BLP.02,2026-10-05 19:15,-0.57,,Normal
WL.KKD.04,2026-10-05 19:35,-0.59,,Normal
WL.KJA.01,2026-10-05 14:50,-0.59,,out of order
WL.BLY.01,2026-10-05 19:15,-0.59,,Normal
WL.SSB.01,2026-10-05 19:15,-0.59,,Normal
WL.SKT.01,2026-10-05 19:15,-0.6,,Normal
WL.LPP.02,2026-10-05 19:15,-0.61,,Normal
WL.OAG.01,2026-10-05 19:15,-0.61,,Normal
WL.KBP.01,2026-10-05 19:10,-0.61,,Normal
WL.MTG.01,2026-10-05 19:15,-0.62,,Normal
WL.PST.01,2026-10-05 19:15,-0.62,,Normal
WL.KKD.01,2026-10-05 19:15,-0.62,,Normal
WL.RMT.01,2026-10-05 19:15,-0.62,0.9,Normal
WL.LSM.01,2026-10-05 19:15,-0.62,,Normal
WL.BNA.03,2026-10-05 19:15,-0.62,,Normal
WL.KKS.04,2026-10-05 19:15,-0.63,1.5,Normal
WL.BLY.02,2026-10-05 19:15,-0.63,,Normal
WL.KKS.03,2026-10-05 19:15,-0.65,,Normal
WL.BNJ.01,2026-10-05 16:25,-0.65,,out of order
WL.KKD.02,2026-10-05 19:15,-0.67,,Normal
WL.BTL.01,2026-10-05 19:15,-0.67,,Normal
WL.KSK.01,2026-10-05 19:15,-0.68,,Normal
WL.KCD.01,2026-10-05 19:15,-0.69,,Normal
WL.BSU.02,2026-10-05 19:15,-0.69,,Normal
WL.KJU.01,2026-10-05 19:15,-0.7,,Normal
WL.MFS.01,2026-10-05 19:15,-0.73,,Normal
WL.NK3.02,2026-10-05 19:10,-0.74,,Normal
WL.KNB.01,2026-10-05 18:20,-0.77,,out of order
WL.SSN.07,2026-10-05 19:15,-0.8,,Normal
WL.CKS.02,2026-10-05 19:15,-0.81,,Normal
WL.YPN.01,2026-10-05 19:15,-0.81,,Normal
WL.SKT.02,2026-10-05 19:15,-0.82,,Normal
WL.SRE.01,2026-10-05 19:10,-0.85,1.56,Normal
WL.SSN.02,2026-10-05 19:15,-0.86,,Normal
WL.AJP.01,2026-10-05 19:15,-0.86,,Normal
WL.LPN.01,2026-10-05 19:15,-0.87,0.96,Normal
WL.YSN.02,2026-10-05 19:15,-0.88,,Normal
WL.TCG.01,2026-10-05 19:15,-0.88,,Normal
WL.WTK.01,2026-10-05 19:15,-0.91,,Normal
WL.NK1.01,2026-10-05 19:15,-0.92,,Normal
WL.BSU.01,2026-10-05 19:15,-0.93,1.98,Normal
WL.PKN.01,2026-10-05 19:15,-0.95,1.45,Normal
WL.WSI.01,2026-10-05 19:15,-0.96,1.45,Normal
WL.CKS.03,2026-10-05 19:15,-0.97,,Normal
WL.BNJ.03,2026-10-05 19:15,-0.97,,Normal
WL.TTN.01,2026-10-05 19:15,-0.98,,Normal
WL.VPD.02,2026-10-05 19:15,-0.98,,Normal
WL.STR.01,2026-10-05 19:15,-0.98,0.22,Normal
WL.SOL.01,2026-10-05 19:15,-0.99,,Normal
WL.SSN.01,2026-10-05 19:15,-1.0,1.86,Normal
WL.LPI.02,2026-10-05 16:38,-1.0,,out of order
WL.VPD.01,2026-10-05 19:15,-1.02,,Normal
WL.FTM.01,2026-10-05 19:15,-1.03,,Normal
WL.WTN.02,2026-10-05 19:15,-1.06,,Normal
WL.SSN.04,2026-10-05 19:15,-1.07,,Normal
WL.BNJ.04,2026-10-05 19:15,-1.08,,Normal
WL.RKC.01,2026-10-05 17:45,-1.09,,out of order
WL.YPN.02,2026-10-05 19:15,-1.09,,Normal
WL.BSU.04,2026-10-05 19:15,-1.09,,Normal
WL.KJT.01,2026-10-05 19:15,-1.16,,Normal
WL.BNA.02,2026-10-05 19:15,-1.16,,Normal
WL.LSG.01,2026-10-05 19:15,-1.17,,Normal
WL.MKT.02,2026-10-05 19:10,-1.18,,Normal
WL.SNO.01,2026-10-05 19:15,-1.19,,Normal
WL.PYW.01,2026-10-05 19:10,-1.2,,Normal
WL.LPP.01,2026-10-05 19:15,-1.2,,Normal
WL.RHN.01,2026-10-05 19:15,-1.24,-0.28,Normal
WL.VPD.03,2026-10-05 19:15,-1.29,,Normal
WL.BSU.03,2026-10-05 19:10,-1.3,,Normal
WL.BOA.01,2026-10-05 19:15,-1.33,1.37,Normal
WL.KJK.02,2026-10-05 19:15,-1.33,,Normal
WL.BOA.03,2026-10-05 19:15,-1.33,,Normal
WL.BON.01,2026-10-05 19:15,-1.35,,Normal
WL.ORC.01,2026-10-05 19:15,-1.35,-0.49,Normal
WL.BSU.05,2026-10-05 19:15,-1.35,,Normal
WL.CKS.01,2026-10-05 19:15,-1.35,,Normal
WL.BJK.01,2026-10-05 19:15,-1.36,1.31,Normal
WL.BOA.02,2026-10-05 19:15,-1.37,,Normal
WL.KJK.01,2026-10-05 19:15,-1.38,1.32,Normal
WL.LYW.02,2026-10-05 19:15,-1.43,,Normal
WL.LYW.01,2026-10-05 16:50,-1.45,,out of order
WL.BSE.01,2026-10-05 19:10,-1.45,,Normal
WL.SWU.01,2026-10-05 19:15,-1.53,,Normal
WL.KPG.01,2026-10-05 19:15,-1.56,,Normal
WL.BNA.01,2026-10-05 19:15,-1.57,1.53,Normal
WL.PSI.01,2026-10-05 19:15,-1.69,,Normal
WL.BMK.01,2026-10-05 19:15,-1.71,,Normal
WL.SSN.06,2026-10-05 19:15,-1.77,,Normal
WL.TSK.01,2026-10-05 19:15,-1.79,,Normal
WL.BKA.01,2026-10-05 19:15,-1.81,2.01,Normal
WL.VPV.01,2026-10-05 19:15,-1.88,,Normal
WL.BNJ.05,2026-10-05 19:10,-1.91,,Normal
WL.CNS.01,2026-10-05 19:15,-1.96,1.33,Normal
WL.TNG.01,2026-06-09 12:10,-2.0,,out of order
WL.NSG.01,2026-10-05 19:15,-2.0,,Normal
WL.RMT.03,2026-09-15 11:55,-2.0,,out of order
WL.BNJ.02,2026-10-05 19:15,-2.02,,Normal
WL.KTY.01,2026-10-05 19:15,-2.09,1.31,Normal
WL.NBN.01,2026-10-05 19:15,-3.79,-1.48,Normal
WL.TUT.01,2025-10-22 14:35,-99,0.04,out of order
