code,name,district_id,district,lat,lon,first_seen
RF.KTY.01,สนข.คลองเตย,33,คลองเตย,13.70791,100.58363,2026-10-05 20:20
RF.KTY.02,ส.พระราม 4,33,คลองเตย,13.7087,100.55457,2026-10-05 20:20
RF.KTY.03,ส.พระโขนง,33,คลองเตย,13.70857,100.59542,2026-10-05 20:20
RF.KTY.04,ส.คลองเตย,33,คลองเตย,13.70628,100.58752,2026-10-05 20:20
RF.KTY.05,จุดวัดสวนเบญจสิริ,33,คลองเตย,13.73159,100.56745,2026-10-05 20:20
RF.KSN.01,สนข.คลองสาน,18,คลองสาน,13.73044,100.50947,2026-10-05 20:20
RF.KSN.02,ส.คลองบางไส้ไก่,18,คลองสาน,13.70692,100.49737,2026-10-05 20:20
RF.KSW.01,สนข.คลองสามวา,46,คลองสามวา,13.8599,100.70424,2026-10-05 20:20
RF.KSW.02,ปตร.คลองสามวา,46,คลองสามวา,13.85954,100.72909,2026-10-05 20:20
RF.KNY.02,จุดวัด ค.ลำชะล่า-ถ.นวมินทร์,43,คันนายาว,13.83637,100.66131,2026-10-05 20:20
RF.CTC.01,บ่อสูบศาลอาญารัชดา,30,จตุจักร,13.80967,100.57498,2026-10-05 20:20
RF.CTC.02,ส.รัชดา-วิภาวดี,30,จตุจักร,13.83022,100.55723,2026-10-05 20:20
RF.CTC.03,จุดวัด ถ.เทศบาลสงเคราะห์,30,จตุจักร,13.83978,100.54175,2026-10-05 20:20
RF.JTG.01,สนข.จอมทอง,35,จอมทอง,13.67744,100.48427,2026-10-05 20:20
RF.JTG.02,จุดวัด ค.สนามชัย-ค.บางขุนเทียน,35,จอมทอง,13.70123,100.46491,2026-10-05 20:20
RF.JTG.03,ส.คลองสี่บาท,35,จอมทอง,13.67325,100.44615,2026-10-05 20:20
RF.DDG.02,ศูนย์ฯ (ดินแดง),26,ดินแดง,13.76902,100.55452,2026-10-05 20:20
RF.DST.01,สนข.ดุสิต,2,ดุสิต,13.77693,100.52032,2026-10-05 20:20
RF.DST.02,ส.สามเสน,2,ดุสิต,13.78483,100.50825,2026-10-05 20:20
RF.TLC.01,สนข.ตลิ่งชัน,19,ตลิ่งชัน,13.77663,100.45653,2026-10-05 20:20
RF.TLC.02,ปตร.คลองบัว-ทางรถไฟ,19,ตลิ่งชัน,13.79974,100.41609,2026-10-05 20:20
RF.TLC.03,ส.คลองชักพระ,19,ตลิ่งชัน,13.77892,100.465,2026-10-05 20:20
RF.TWW.01,สนข.ทวีวัฒนา,48,ทวีวัฒนา,13.77281,100.35324,2026-10-05 20:20
RF.TWW.02,ปตร.คลองทวีวัฒนา,48,ทวีวัฒนา,13.80042,100.32959,2026-10-05 20:20
RF.TWW.03,ปตร.คลองขุนศรีฯ-ค.มหาสวัสดิ์,48,ทวีวัฒนา,13.80244,100.3707,2026-10-05 20:20
RF.TWW.04,จุดวัด ค.ทวีฯ-ค.บางเชือกหนัง,48,ทวีวัฒนา,13.75037,100.35351,2026-10-05 20:20
RF.TKU.01,สนข.ทุ่งครุ,49,ทุ่งครุ,13.61135,100.50878,2026-10-05 20:20
RF.TKU.02,ปตร.คลองรางจาก-ถ.ประชาอุทิศ,49,ทุ่งครุ,13.63494,100.50218,2026-10-05 20:20
RF.TBR.01,สนข.ธนบุรี,15,ธนบุรี,13.72497,100.48558,2026-10-05 20:20
RF.TBR.02,ส.คลองสำเหร่,15,ธนบุรี,13.7067,100.49646,2026-10-05 20:20
RF.TBR.03,ส.ดาวคะนอง,15,ธนบุรี,13.6949,100.48758,2026-10-05 20:20
RF.BKN.01,สนข.บางกอกน้อย,20,บางกอกน้อย,13.77078,100.46806,2026-10-05 20:20
RF.BKN.02,ส.คลองมอญ,20,บางกอกน้อย,13.74714,100.48531,2026-10-05 20:20
RF.BKY.01,สนข.บางกอกใหญ่,16,บางกอกใหญ่,13.72332,100.47622,2026-10-05 20:20
RF.BKY.02,ส.คลองบางกอกใหญ่,16,บางกอกใหญ่,13.74022,100.49012,2026-10-05 20:20
RF.BKP.02,จุดวัด ค.แสนแสบ-เขตบางกะปิ,6,บางกะปิ,13.76528,100.64773,2026-10-05 20:20
RF.BKT.01,สนข.บางขุนเทียน,21,บางขุนเทียน,13.66083,100.43531,2026-10-05 20:20
RF.BKT.02,ส.คลองเลนเปน,21,บางขุนเทียน,13.607,100.41311,2026-10-05 20:20
RF.BKT.03,ส.คลองระหาญ,21,บางขุนเทียน,13.60381,100.39465,2026-10-05 20:20
RF.BKT.04,ส.คลองราชมนตรี,21,บางขุนเทียน,13.62782,100.4394,2026-10-05 20:20
RF.BKT.05,ส.คลองสนามชัย,21,บางขุนเทียน,13.63802,100.44763,2026-10-05 20:20
RF.BKA.01,สนข.บางเขน,5,บางเขน,13.87349,100.59643,2026-10-05 20:20
RF.BKA.02,จุดวัด ค.บางบัว,5,บางเขน,13.85796,100.58682,2026-10-05 20:20
RF.BKL.02,ส.วัดไทร,31,บางคอแหลม,13.68653,100.51643,2026-10-05 20:20
RF.BKE.01,สนข.บางแค,40,บางแค,13.69622,100.40919,2026-10-05 20:20
RF.BKE.02,ค.ราชมนตรี-ภาษีเจริญ,40,บางแค,13.70754,100.42622,2026-10-05 20:20
RF.BKE.03,ส.คลองบางจาก,40,บางแค,13.71471,100.39555,2026-10-05 20:20
RF.BKE.04,หมู่บ้านเศรษฐกิจ ซอย 26,40,บางแค,13.72167,100.37676,2026-10-05 20:20
RF.BSU.01,สนข.บางซื่อ,29,บางซื่อ,13.80973,100.53723,2026-10-05 20:20
RF.BSU.02,ส.คลองบางเขนใหม่,29,บางซื่อ,13.81729,100.5105,2026-10-05 20:20
RF.BSU.03,ส.คลองบางซื่อ,29,บางซื่อ,13.80023,100.51848,2026-10-05 20:20
RF.BNA.01,สนข.บางนา,47,บางนา,13.68095,100.59184,2026-10-05 20:20
RF.BNA.02,ส.บางนา,47,บางนา,13.67493,100.58757,2026-10-05 20:20
RF.BNA.03,จุดวัด ค.บางนา-ถ.ศรีนครินทร์,47,บางนา,13.66106,100.63942,2026-10-05 20:20
RF.BBN.01,สนข.บางบอน,50,บางบอน,13.63392,100.36884,2026-10-05 20:20
RF.BBN.02,จุดวัด ค.บางบอน-ค.สะแกงาม,50,บางบอน,13.64255,100.37952,2026-10-05 20:20
RF.BPD.01,สนข.บางพลัด,25,บางพลัด,13.79429,100.50479,2026-10-05 20:20
RF.BRK.01,สนข.บางรัก,4,บางรัก,13.73067,100.52382,2026-10-05 20:20
RF.BRK.02,ส.กรุงเกษม,4,บางรัก,13.73042,100.51397,2026-10-05 20:20
RF.BKM.01,สนข.บึงกุ่ม,27,บึงกุ่ม,13.7855,100.66949,2026-10-05 20:20
RF.PTW.01,สนข.ปทุมวัน,7,ปทุมวัน,13.74493,100.5222,2026-10-05 20:20
RF.PTW.02,ปตร.คลองอรชร,7,ปทุมวัน,13.74807,100.53618,2026-10-05 20:20
RF.PWT.01,สนข.ประเวศ,32,ประเวศ,13.71701,100.69472,2026-10-05 20:20
RF.PWT.02,ปตร.วัดกระทุ่มฯ,32,ประเวศ,13.7241,100.68957,2026-10-05 20:20
RF.PWT.03,จุดวัดบึงหนองบอน,32,ประเวศ,13.69529,100.65375,2026-10-05 20:20
RF.PPS.01,สนข.ป้อมปราบฯ,8,ป้อมปราบฯ,13.75826,100.51304,2026-10-05 20:20
RF.PYT.01,สนข.พญาไท,14,พญาไท,13.78003,100.54287,2026-10-05 20:20
RF.PYT.02,ค.สามเสน ถ.พระราม 6,14,พญาไท,13.77292,100.52991,2026-10-05 20:20
RF.PKN.01,สนข.พระโขนง,9,พระโขนง,13.70233,100.60197,2026-10-05 20:20
RF.PKN.02,ส.คลองเจ็ก,9,พระโขนง,13.69223,100.58991,2026-10-05 20:20
RF.PKN.03,ส.บางอ้อ,9,พระโขนง,13.68212,100.59254,2026-10-05 20:20
RF.PKN.04,ส.บางจาก,9,พระโขนง,13.6891,100.59068,2026-10-05 20:20
RF.PNK.01,สนข.พระนคร,1,พระนคร,13.7649,100.49872,2026-10-05 20:20
RF.PNK.02,ส.เทเวศร์,1,พระนคร,13.77191,100.5011,2026-10-05 20:20
RF.PNK.03,ปากคลองตลาด,1,พระนคร,13.74228,100.49454,2026-10-05 20:20
RF.PSC.01,สนข.ภาษีเจริญ,22,ภาษีเจริญ,13.71441,100.43696,2026-10-05 20:20
RF.PSC.03,จุดวัด ค.บางเชือกหนัง-ถ.พุทธมณฑลสาย 1,22,ภาษีเจริญ,13.74223,100.42765,2026-10-05 20:20
RF.PSC.04,ส.คลองภาษีเจริญ,22,ภาษีเจริญ,13.72204,100.46863,2026-10-05 20:20
RF.PSC.05,จุดวัด ค.บางเชือกหนัง-วัดปากน้ำฝั่งใต้,22,ภาษีเจริญ,13.74357,100.45954,2026-10-05 20:20
RF.MBR.01,สนข.มีนบุรี,10,มีนบุรี,13.8136,100.73122,2026-10-05 20:20
RF.MBR.02,ปตร.ประชาร่วมใจ,10,มีนบุรี,13.8212,100.74717,2026-10-05 20:20
RF.MBR.03,ปตร.บึงขวาง,10,มีนบุรี,13.79988,100.74482,2026-10-05 20:20
RF.MBR.05,จุดวัด ค.บึงใหญ่-วัดทองสัมฤทธิ์,10,มีนบุรี,13.80045,100.78827,2026-10-05 20:20
RF.YNW.01,สนข.ยานนาวา,12,ยานนาวา,13.69627,100.54222,2026-10-05 20:20
RF.YNW.02,ส.คลองช่องนนทรี,12,ยานนาวา,13.69493,100.54874,2026-10-05 20:20
RF.YNW.03,ปตร.คลองวัดด่าน,12,ยานนาวา,13.67071,100.54018,2026-10-05 20:20
RF.RTW.01,สนข.ราชเทวี,37,ราชเทวี,13.75917,100.53405,2026-10-05 20:20
RF.RTW.03,จุดวัดบึงมักกะสัน,37,ราชเทวี,13.75665,100.54839,2026-10-05 20:20
RF.RBN.01,สนข.ราษฎร์บูรณะ,24,ราษฏร์บูรณะ,13.68207,100.50586,2026-10-05 20:20
RF.RBN.02,ส.คลองแจงร้อน,24,ราษฏร์บูรณะ,13.67627,100.52097,2026-10-05 20:20
RF.LKB.02,ปตร.คลองประเวศฯ-ลาดกระบัง,11,ลาดกระบัง,13.72386,100.74979,2026-10-05 20:20
RF.LKB.03,ค.ประเวศฯ-รพ.ลาดกระบัง,11,ลาดกระบัง,13.72398,100.78407,2026-10-05 20:20
RF.LKB.04,จุดวัด ค.ประเวศฯ-ถ.ร่วมพัฒนา,11,ลาดกระบัง,13.70097,100.85106,2026-10-05 20:20
RF.LPW.01,สนข.ลาดพร้าว,38,ลาดพร้าว,13.80353,100.60746,2026-10-05 20:20
RF.WTL.01,สนข.วังทองหลาง,45,วังทองหลาง,13.76435,100.60553,2026-10-05 20:20
RF.WTL.02,ปตร.คลองลาดพร้าว,45,วังทองหลาง,13.79432,100.58933,2026-10-05 20:20
RF.WTL.03,ส.คลองเจ้าคุณสิงห์,45,วังทองหลาง,13.7616,100.61525,2026-10-05 20:20
RF.WTN.02,ส.แสนแสบ-คลองตัน,39,วัฒนา,13.7411,100.5964,2026-10-05 20:20
RF.SLG.01,สนข.สวนหลวง,34,สวนหลวง,13.73043,100.65154,2026-10-05 20:20
RF.SLG.02,จุดวัด ค.ประเวศฯ-วัดขจรศิริ,34,สวนหลวง,13.71545,100.6415,2026-10-05 20:20
RF.SPS.01,สนข.สะพานสูง,44,สะพานสูง,13.76881,100.68545,2026-10-05 20:20
RF.SPS.02,ปตร.คลองแสนแสบ-บางชัน,44,สะพานสูง,13.79734,100.70451,2026-10-05 20:20
RF.SPW.01,ท่าน้ำสวัสดี,13,สัมพันธวงศ์,13.73664,100.5096,2026-10-05 20:20
RF.STN.01,สนข.สาทร,28,สาทร,13.70821,100.52641,2026-10-05 20:20
RF.STN.02,ส.คลองสาทร,28,สาทร,13.71839,100.51496,2026-10-05 20:20
RF.SMI.01,สนข.สายไหม,42,สายไหม,13.89531,100.6609,2026-10-05 20:20
RF.SMI.02,ปตร.คลองสองสายใต้,42,สายไหม,13.92314,100.63447,2026-10-05 20:20
RF.SMI.03,ปตร.พระยาสุเรนทร์,42,สายไหม,13.92126,100.68741,2026-10-05 20:20
RF.SMI.04,จุดวัด ซ.แอนเน็กซ์,42,สายไหม,13.93786,100.62661,2026-10-05 20:20
RF.NKM.01,สนข.หนองแขม,23,หนองแขม,13.70574,100.34931,2026-10-05 20:20
RF.NKM.02,จุดวัด ค.ทวีฯ-ค.ภาษีฯ,23,หนองแขม,13.69168,100.38097,2026-10-05 20:20
RF.NJK.01,สนข.หนองจอก,3,หนองจอก,13.85584,100.86259,2026-10-05 20:20
RF.NJK.02,ปตร.คลองแสนแสบ,3,หนองจอก,13.85516,100.87292,2026-10-05 20:20
RF.NJK.03,จุดวัด ค.สิบสอง-ถ.ประชาสำราญ,3,หนองจอก,13.91368,100.86244,2026-10-05 20:20
RF.NJK.04,ปตร.คลองสิบสาม,3,หนองจอก,13.85859,100.86754,2026-10-05 20:20
RF.NJK.05,ปตร.คลองหลวงแพ่ง,3,หนองจอก,13.81321,100.93742,2026-10-05 20:20
RF.NJK.06,จุดวัด ค.ลำผักชี-รร.ลำผักชี,3,หนองจอก,13.79205,100.83524,2026-10-05 20:20
RF.NJK.07,จุดวัด ค.แสนแสบ-วัดทรัพย์ฯ,3,หนองจอก,13.8515,100.80361,2026-10-05 20:20
RF.LSI.01,สนข.หลักสี่,41,หลักสี่,13.88748,100.57893,2026-10-05 20:20
RF.LSI.02,ส.คลองตาอูฐ,41,หลักสี่,13.89981,100.58666,2026-10-05 20:20
RF.LSI.03,จุดวัดศูนย์ราชการ-ถ.แจ้งวัฒนะ,41,หลักสี่,13.8921,100.56383,2026-10-05 20:20
RF.HKG.01,สนข.ห้วยขวาง,17,ห้วยขวาง,13.77678,100.57906,2026-10-05 20:20
RF.HKG.02,ส.สามเสน-ค.แสนแสบ,17,ห้วยขวาง,13.74842,100.5992,2026-10-05 20:20
RF.SPK.01,ส.คลองสำโรง,51,อำเภอเมืองสมุทรปราการ,13.64819,100.59514,2026-10-05 20:20
RF.KSW.03,จุดวัด ค.เก้า-วัดศรีสุขฯ,46,คลองสามวา,13.92046,100.79228,2026-10-09 10:20
RF.DMG.01,สนข.ดอนเมือง,36,ดอนเมือง,13.91053,100.59492,2026-10-09 10:20
RF.BKL.01,สนข.บางคอแหลม,31,บางคอแหลม,13.69311,100.50229,2026-10-09 10:20
RF.WTN.01,สนข.วัฒนา,39,วัฒนา,13.74248,100.58571,2026-10-09 10:20
