code,name,province,basin,bank_m,zero_gauge_m,q_bankfull_m3s,first_seen
P.17,บ้านท่างิ้ว,นครสวรรค์,เจ้าพระยา,38.25,,1835.0,2026-10-05 23:19
N.67,วัดเกยไชยเหนือ,นครสวรรค์,เจ้าพระยา,28.21,,1435.0,2026-10-05 23:19
C.2,ค่ายจิรประวัติ,นครสวรรค์,เจ้าพระยา,25.7,,3735.0,2026-10-05 23:19
C.13,ท้ายเขื่อนเจ้าพระยา,ชัยนาท,เจ้าพระยา,16.34,,2720.0,2026-10-05 23:19
C.66,สะพานโคกจันทน์,ชัยนาท,เจ้าพระยา,15.18,,,2026-10-05 23:19
C.44,บ้านอินทร์บุรี,สิงห์บุรี,เจ้าพระยา,15.3,,,2026-10-05 23:19
C.3,บ้านบางพุทรา,สิงห์บุรี,เจ้าพระยา,13.2,,2997.0,2026-10-05 23:19
C.45,บ้านบางน้ำเชี่ยว,สิงห์บุรี,เจ้าพระยา,11.9,,,2026-10-05 23:19
C.46,บ้านไยโย,อ่างทอง,เจ้าพระยา,10.2,,,2026-10-05 23:19
C.7A,บ้านบางแก้ว,อ่างทอง,เจ้าพระยา,9.9,,2862.0,2026-10-05 23:19
C.47,บ้านป่าโมก,อ่างทอง,เจ้าพระยา,7.8,,,2026-10-05 23:19
C.35,บ้านป้อม,พระนครศรีอยุธยา,เจ้าพระยา,4.35,,1159.0,2026-10-05 23:19
C.บางปะอิน,พระราชวังบางปะอิน,พระนครศรีอยุธยา,เจ้าพระยา,4.0,,,2026-10-05 23:19
C.36,บ้านบางหลวงโดด,พระนครศรีอยุธยา,เจ้าพระยา,4.3,,441.0,2026-10-05 23:19
C.37,บ้านบางบาล,พระนครศรีอยุธยา,เจ้าพระยา,4.14,,97.0,2026-10-05 23:19
C.67,สะพานหัวเวียง,พระนครศรีอยุธยา,เจ้าพระยา,2.75,,,2026-10-05 23:19
C.68,ตลาดเสนา,พระนครศรีอยุธยา,เจ้าพระยา,3.2,,,2026-10-05 23:19
C.29B,วัดกร่าง,ปทุมธานี,เจ้าพระยา,3.0,,3600.0,2026-10-05 23:19
C.38,โรงเรียนคณะราษฎร์บำรุง,ปทุมธานี,เจ้าพระยา,3.45,,,2026-10-05 23:19
C.22A,กรมชลประทานปากเกร็ด,นนทบุรี,เจ้าพระยา,2.9,,,2026-10-05 23:19
C.12,กรมชลประทานสามเสน,กรุงเทพมหานคร,เจ้าพระยา,2.26,,,2026-10-05 23:19
S.42,บ้านบ่อวัง,เพชรบูรณ์,ป่าสัก,11.0,51.79,250.0,2026-10-05 23:19
S.43,บ้านพูลทรัพย์,ลพบุรี,ป่าสัก,51.9,,926.0,2026-10-05 23:19
S.14,บ้านท่ารวก,ลพบุรี,ป่าสัก,62.0,,204.0,2026-10-05 23:19
S.28,ท้ายเขื่อนป่าสักชลสิทธิ์,ลพบุรี,ป่าสัก,31.46,,1184.0,2026-10-05 23:19
S.7A,วัดท่าระหัด,สระบุรี,ป่าสัก,49.4,,220.0,2026-10-05 23:19
S.9,บ้านป่า,สระบุรี,ป่าสัก,19.95,,1219.0,2026-10-05 23:19
S.32,สถานีแพดับเพลิง,สระบุรี,ป่าสัก,12.8,,844.0,2026-10-05 23:19
S.26,ท้ายเขื่อนพระรามหก,พระนครศรีอยุธยา,ป่าสัก,7.2,,633.0,2026-10-05 23:19
S.5,สะพานปรีดี-ธำรง,พระนครศรีอยุธยา,ป่าสัก,4.7,,1400.0,2026-10-05 23:19
T.10,บ้านวัดพระรูป,สุพรรณบุรี,ท่าจีน,6.0,-2.5,,2026-10-05 23:19
T.13,บ้านบางการ้อง,สุพรรณบุรี,ท่าจีน,6.4,-4.0,,2026-10-05 23:19
T.15,วัดบางไผ่นารถ,นครปฐม,ท่าจีน,7.8,-6.0,,2026-10-05 23:19
T.1,ที่ว่าการอ.นครชัยศรี,นครปฐม,ท่าจีน,11.2,-9.7,,2026-10-05 23:19
T.14,ร.ร.บ้านสามพราน,นครปฐม,ท่าจีน,10.3,-8.8,,2026-10-05 23:19
