code,name,road,district_id,district,lat,lon,type,first_seen
FL.BKP.03,ถ.นวมินทร์ (แยกบางกะปิ) *,ถนนนวมินทร์,6,บางกะปิ,13.76685,100.6477,1,2026-10-05 20:20
FL.BKP.05,ถ.รามคำแหง (ซ. 43) *,ถนนรามคำแหง,6,บางกะปิ,13.75845,100.6168,1,2026-10-05 20:20
FL.BKP.11,ถ.นวมินทร์ (สน.ลาดพร้าว) *,ถนนนวมินทร์,6,บางกะปิ,13.76781,100.64778,1,2026-10-05 20:20
FL.LKB.03,ถ.หลวงแพ่ง (โลตัสลาดกระบัง) *,ถนนหลวงแพ่ง,11,ลาดกระบัง,13.721,100.79265,1,2026-10-05 20:20
FL.LKB.09,ถ.เจ้าคุณทหาร (ปฤษฏ์ชัย ค้าไม้) *,ถนนเจ้าคุณทหาร,11,ลาดกระบัง,13.753,100.77224,1,2026-10-05 20:20
FL.LKB.10,ถ.เจ้าคุณทหาร (ปั้มน้ำมัน PT) *,ถนนเจ้าคุณทหาร,11,ลาดกระบัง,13.75187,100.78194,1,2026-10-05 20:20
FL.MBR.02,ถ.สุวินทวงศ์ (ถ.หทัยราษฎร์) *,ถนนสุวินทวงศ์,10,มีนบุรี,13.81645,100.72226,1,2026-10-05 20:20
FL.PWT.04,ถ.อ่อนนุช  (ซ.59) *,ถนนอ่อนนุช,32,ประเวศ,13.71956,100.67343,1,2026-10-05 20:20
FL.WTL.09,ถ.ลาดพร้าว (ซ. 89) *,ถนนลาดพร้าว,45,วังทองหลาง,13.78065,100.61928,1,2026-10-05 20:20
FL.SLG.01,ถ.พัฒนาการ (แยกศรีนครินทร์),ถนนพัฒนาการ,34,สวนหลวง,13.73602,100.63801,1,2026-10-05 20:20
FL.WTL.08,ถ.ลาดพร้าว (ซ. 110) *,ถนนลาดพร้าว,45,วังทองหลาง,13.78151,100.61733,1,2026-10-05 20:20
FL.BBN.01,ถ.เอกชัย (ห้างบิ๊กซี),ถนนเอกชัย,50,บางบอน,13.67942,100.43563,1,2026-10-05 20:20
FL.BBN.02,ถ.เอกชัย (ซ.60),ถนนเอกชัย,50,บางบอน,13.67812,100.43297,1,2026-10-05 20:20
FL.BBN.03,ถ.เอกชัย (ซ. 62/1) *,ถนนเอกชัย,50,บางบอน,13.67744,100.43187,1,2026-10-05 20:20
FL.BBN.04,ถ.บางบอน 1 (ตลาดเอกชัยบางบอน) *,ถนนบางบอน,50,บางบอน,13.67556,100.42658,1,2026-10-05 20:20
FL.BBN.05,ถ.บางขุนเทียน (ซ. 9) *,ถนนบางขุนเทียน,50,บางบอน,13.66428,100.42867,1,2026-10-05 20:20
FL.BBN.06,ถ.บางขุนเทียน (ซ. 10) *,ถนนบางขุนเทียน,50,บางบอน,13.66676,100.42846,1,2026-10-05 20:20
FL.BBN.07,ถ.เอกชัย (ซ. 87/1) *,ถนนเอกชัย,50,บางบอน,13.67247,100.42306,1,2026-10-05 20:20
FL.BKA.02,ถ.พหลโยธิน (ซ.พหลโยธิน 55/1),ถนนพหลโยธิน,5,บางเขน,13.87642,100.5967,1,2026-10-05 20:20
FL.BKA.03,ถ.รามอินทรา (ซ. 5) *,ถนนรามอินทรา,5,บางเขน,13.87025,100.6042,1,2026-10-05 20:20
FL.BKA.04,ถ.พหลโยธิน (กรมทหาราบที่ 11) *,ถนนพหลโยธิน,5,บางเขน,13.86964,100.59336,1,2026-10-05 20:20
FL.BKA.05,ถ.พหลโยธิน(กรมทหาราบที่ 11 ประตู2) *,ถนนพหลโยธิน,5,บางเขน,13.86235,100.58902,1,2026-10-05 20:20
FL.BKA.06,ถ.เทพรักษ์ (บิ๊กซีสะพานใหม่) *,ถนนเทพรักษ์,5,บางเขน,13.89022,100.6065,1,2026-10-05 20:20
FL.BKA.07,ถ.วัชรพล (ซ. 8) *,ถนนเทพรักษ์,5,บางเขน,13.89161,100.64183,1,2026-10-05 20:20
FL.BKA.08,ถ.แจ้งวัฒนะ (ม.ราชภัฏพระนคร) *,ถนนแจ้งวัฒนะ,5,บางเขน,13.87858,100.59125,1,2026-10-05 20:20
FL.BKA.09,ถ.วัชรพล (ซ. 1/9) *,ถนนวัชรพล,5,บางเขน,13.87795,100.64323,1,2026-10-05 20:20
FL.BKA.10,ถ.รามอินทรา (การเคหะรามอินทรา กม.4) *,ถนนรามอินทรา,5,บางเขน,13.85652,100.62963,1,2026-10-05 20:20
FL.BKA.11,ถ.สุขาภิบาล 5 (แยกวัชรพล) *,ถนนสุขาภิบาล,5,บางเขน,13.86732,100.64656,1,2026-10-05 20:20
FL.BKE.01,ถ.เพชรเกษม (แยกวงแหวน),ถนนเพชรเกษม,40,บางแค,13.71064,100.40502,1,2026-10-05 20:20
FL.BKE.02,ถ.เพชรเกษม (ซ.วัดม่วง),ถนนเพชรเกษม,40,บางแค,13.70927,100.39139,1,2026-10-05 20:20
FL.BKE.03,ถ.เพชรเกษม (ถ.บางแค) *,ถนนเพชรเกษม,40,บางแค,13.7117,100.42134,1,2026-10-05 20:20
FL.BKE.04,ถ.เพชรเกษม (ซ. 62/1) *,ถนนเพชรเกษม,40,บางแค,13.71218,100.42403,1,2026-10-05 20:20
FL.BKE.05,ถ.ม.เศรษฐกิจ (วงเวียนอู่ทอง) *,ถนนหมู่บ้านเศรษฐกิจ,40,บางแค,13.71857,100.37549,1,2026-10-05 20:20
FL.BKE.06,ถ.ม.เศรษฐกิจ (ซ.เศรษฐกิจ 5) *,ถนนหมู่บ้านเศรษฐกิจ,40,บางแค,13.71369,100.37773,1,2026-10-05 20:20
FL.BKL.02,ถ.เจริญกรุง (ซ. 82) *,ถนนเจริญกรุง,31,บางคอแหลม,13.6992,100.49927,1,2026-10-05 20:20
FL.BKL.03,ถ.เจริญกรุง (เอเชียทีค) *,ถนนเจริญกรุง,31,บางคอแหลม,13.70408,100.50473,1,2026-10-05 20:20
FL.BKM.01,ถ.นวมินทร์ (สันติอโศก),ถนนนวมินทร์,27,บึงกุ่ม,13.79619,100.65096,1,2026-10-05 20:20
FL.BKM.02,ถ.นวมินทร์ (ซ.135),ถนนนวมินทร์,27,บึงกุ่ม,13.82104,100.65482,1,2026-10-05 20:20
FL.BKM.03,ถ.นวมินทร์ (ซ. 105) *,ถนนนวมินทร์,27,บึงกุ่ม,13.80506,100.64771,1,2026-10-05 20:20
FL.BKM.04,ถ.นวมินทร์ (ซ. 155) *,ถนนนวมินทร์,27,บึงกุ่ม,13.82914,100.65827,1,2026-10-05 20:20
FL.BKM.05,ถ.ประเสริฐมนูกิจ (แยกนวมินทร์) *,ถนนประเสริฐมนูกิจ,27,บึงกุ่ม,13.80982,100.64984,1,2026-10-05 20:20
FL.BKM.06,ถ.นวมินทร์ (ซ. 38) *,ถนนนวมินทร์,27,บึงกุ่ม,13.79397,100.65196,1,2026-10-05 20:20
FL.BKN.01,ถ.อิสรภาพ (ตลาดพรานนก),ถนนอิสรภาพ,20,บางกอกน้อย,13.7547,100.4781,1,2026-10-05 20:20
FL.BKN.02,ถ.บรมราชชนนี (สายใต้),ถนนบรมราชชนนี,20,บางกอกน้อย,13.78705,100.46802,1,2026-10-05 20:20
FL.BKP.01,ถ.ลาดพร้าว (แม็คโคร),ถนนลาดพร้าว,6,บางกะปิ,13.76972,100.63847,1,2026-10-05 20:20
FL.BKP.02,ถ.ศรีนครินทร์ (บ.กรีนสปอร์ต),ถนนศรีนครินทร์,6,บางกะปิ,13.75448,100.64576,1,2026-10-05 20:20
FL.BKP.04,ถ.รามคำแหง (ซ. 53) *,ถนนรามคำแหง,6,บางกะปิ,13.75977,100.62051,1,2026-10-05 20:20
FL.BKP.06,ถ.หัวหมาก (ซ. 30) *,ถนนหัวหมาก,6,บางกะปิ,13.75458,100.63026,1,2026-10-05 20:20
FL.BKP.07,ถ.รามคำแหง (ซ. 20) *,ถนนรามคำแหง,6,บางกะปิ,13.7542,100.61256,1,2026-10-05 20:20
FL.BKP.08,ถ.รามคำแหง (ซ. 19/1) *,ถนนรามคำแหง,6,บางกะปิ,13.75324,100.61122,1,2026-10-05 20:20
FL.BKP.09,ถ.รามคำแหง (ซ. 33) *,ถนนรามคำแหง,6,บางกะปิ,13.75642,100.61441,1,2026-10-05 20:20
FL.BKP.10,ถ.หัวหมาก (ซ.รามคำแหง 24) *,ถนนหัวหมาก,6,บางกะปิ,13.75382,100.61525,1,2026-10-05 20:20
FL.BKP.12,ถ.ศรีนครินทร์ (แยกลำสาลี) *,ถนนศรีนครินทร์,6,บางกะปิ,13.76178,100.64565,1,2026-10-05 20:20
FL.BKT.01,ถ.บางขุนเทียน ชายทะเล ช่วงถ.พระรามที่ 2,ถนนบางขุนเทียน,21,บางขุนเทียน,13.65622,100.43026,1,2026-10-05 20:20
FL.BKT.02,ถ.บางกระดี่ (ซ. 3) *,ถนนบางกระดี่,21,บางขุนเทียน,13.63008,100.39995,1,2026-10-05 20:20
FL.BKT.03,ถ.ท่าข้าม (ซ. 3) *,ถนนท่าข้าม,21,บางขุนเทียน,13.65695,100.44231,1,2026-10-05 20:20
FL.BKT.04,ถ.บางกระดี่ หน้าตลาดบางกระดี่ * ,ถนนบางกระดี่,21,บางขุนเทียน,13.61895,100.40152,1,2026-10-05 20:20
FL.BKY.01,ถ.เพชรเกษม (ซ.อุดมศรี) *,ถนนเพชรเกษม,16,บางกอกใหญ่,13.72825,100.48203,1,2026-10-05 20:20
FL.BNA.01,ถ.สุขุมวิท (กรมอุตุฯ),ถนนสุขุมวิท,47,บางนา,13.66619,100.60381,1,2026-10-05 20:20
FL.BNA.02,ถ.ศรีนครินทร์ (วัดศรีเอี่ยม),ถนนศรีนครินทร์,47,บางนา,13.66866,100.64443,1,2026-10-05 20:20
FL.BNA.03,ถ.สุขุมวิท (แยกบางนา),ถนนสุขุมวิท,47,บางนา,13.67062,100.60587,1,2026-10-05 20:20
FL.BNA.04,ถ.สุขุมวิท (แบริ่ง),ถนนสุขุมวิท,47,บางนา,13.66106,100.60186,1,2026-10-05 20:20
FL.BNA.05,ถ.อุดมสุข (ซ.อุดมสุข 1),ถนนอุดมสุข,47,บางนา,13.67895,100.60956,1,2026-10-05 20:20
FL.BNA.06,ถ.สุขุมวิท (ซ.แบริ่ง 107) *,ถนนสุขุมวิท,47,บางนา,13.65822,100.60236,1,2026-10-05 20:20
FL.BNA.07,ถ.บางนา-ตราด (ขาเข้า) แยกบางนา *,ถนนบางนา-ตราด,47,บางนา,13.67279,100.60715,1,2026-10-05 20:20
FL.BNA.08,ถ.สุขุมวิท (ซ. 70) *,ถนนสุขุมวิท,47,บางนา,13.67615,100.60786,1,2026-10-05 20:20
FL.BNA.09,ถ.บางนา-ตราด (ขาออก) แยกบางนา *,ถนนบางนา-ตราด,47,บางนา,13.67378,100.60748,1,2026-10-05 20:20
FL.BRK.01,ถ.สุรวงศ์ (ทางด่วน),ถนนสุรวงศ์,4,บางรัก,13.7254,100.51689,1,2026-10-05 20:20
FL.BRK.02,ถ.สีลม (ถ.คอนแวนต์),ถนนสีลม,4,บางรัก,13.72768,100.53287,1,2026-10-05 20:20
FL.BRK.03,ถ.ศาลาแดง (ซ. 1/1) *,ถนนศาลาแดง,4,บางรัก,13.72578,100.53727,1,2026-10-05 20:20
FL.BSU.01,ถ.ประชาราษฏร์ (แยกเตาปูน),ถนนประชาราษฏร์,29,บางซื่อ,13.80609,100.53216,1,2026-10-05 20:20
FL.BSU.02,ถ.ประชาราษฎร์สาย 1  (สะพานพระราม7) *,ถนนประชาราษฎร์,29,บางซื่อ,13.81618,100.5146,1,2026-10-05 20:20
FL.CTC.01,ถ.รัชดา-ลาดพร้าว (ธ.กรุงเทพ),ถนนรัชดาภิเษก,30,จตุจักร,13.8087,100.57528,1,2026-10-05 20:20
FL.CTC.02,ถ.กำแพงเพชร 3,ถนนกำแพงเพชร 3,30,จตุจักร,13.80304,100.55203,1,2026-10-05 20:20
FL.CTC.03,ถ.พหลฯ (แยกเกษตร),ถนนพหลโยธิน,30,จตุจักร,13.83882,100.5752,1,2026-10-05 20:20
FL.CTC.04,ถ.เทศบาลสงเคราะห์ (ตลาด),ถนนเทศบาลสงเคราะห์,30,จตุจักร,13.84029,100.54611,1,2026-10-05 20:20
FL.CTC.05,ถ.พหลฯ (หน้าขนส่ง),ถนนพหลโยธิน,30,จตุจักร,13.79833,100.5515,1,2026-10-05 20:20
FL.CTC.06,ถ.งามวงศ์วาน (แยกเกษตร),ถนนงามวงค์วาน,30,จตุจักร,13.84041,100.57395,1,2026-10-05 20:20
FL.CTC.07,ซ.เสนานิคม,ถนนเสนานิคม 1,30,จตุจักร,13.83469,100.57972,1,2026-10-05 20:20
FL.CTC.08,ถ.รัชดาภิเษก (ศาลอาญา) *,ถนนรัชดาภิเษก,30,จตุจักร,13.81651,100.5754,1,2026-10-05 20:20
FL.CTC.09,ถ.กำแพงเพชร 2 (หมอชิต 2) *,ถนนกำแพงเพชร,30,จตุจักร,13.81272,100.55,1,2026-10-05 20:20
FL.CTC.10,ถ.รัชดาภิเษก (สน.พหลโยธิน) *,ถนนรัชดาภิเษก,30,จตุจักร,13.82662,100.56866,1,2026-10-05 20:20
FL.CTC.11,ถ.รัชดาภิเษก (ตรงข้าม ม.ราชภัฏจันทรเกษม *,ถนนรัชดาภิเษก,30,จตุจักร,13.81875,100.57565,1,2026-10-05 20:20
FL.CTC.12,ถ.รัชดาภิเษก (หน้า ม.ราชภัฏจันทรเกษม) *,ถนนรัชดาภิเษก,30,จตุจักร,13.81779,100.57538,1,2026-10-05 20:20
FL.CTC.13,ถ.พหลโยธิน (ม.เกษตรศาสตร์) *,ถนนพหลโยธิน,30,จตุจักร,13.84072,100.57602,1,2026-10-05 20:20
FL.CTC.14,ถ.กำแพงเพชร 2 (นครชัยแอร์หมอชิต) *,ถนนกำแพงเพชร,30,จตุจักร,13.82795,100.55161,1,2026-10-05 20:20
FL.CTC.15,ถ.เสนานิคม 1 (ซ.15) *,ถนนเสนานิคม 1,30,จตุจักร,13.83419,100.58344,1,2026-10-05 20:20
FL.DDG.01,ถ.รัชดาฯ (เทียมร่วมมิตร),ถนนรัชดาภิเษก,26,ดินแดง,13.76955,100.57265,1,2026-10-05 20:20
FL.DDG.02,ถ.ประชาสงเคราะห์ (ตลาด),ถนนประชาสงเคราะห์ ,26,ดินแดง,13.77672,100.56792,1,2026-10-05 20:20
FL.DDG.03,ถ.ดินแดง (ซ.สุทธิพร 2),ถนนดินแดง,26,ดินแดง,13.75834,100.55712,1,2026-10-05 20:20
FL.DDG.04,ถ.รัชดาฯ (คลองบางซื่อ),ถนนรัชดาภิเษก,26,ดินแดง,13.79421,100.57424,1,2026-10-05 20:20
FL.DDG.05,ถ.รัชดาฯ (สถานฑูตจีน),ถนนรัชดาภิเษก,26,ดินแดง,13.76336,100.56789,1,2026-10-05 20:20
FL.DDG.06,ถ.ประชาสุข (ซ.อินทามระ53),ถนนประชาสุข,26,ดินแดง,13.78278,100.56721,1,2026-10-05 20:20
FL.DDG.07,ถ.วิภาวดีขาออก (กรมทหาร),ถนนวิภาวดี(ขาออก),26,ดินแดง,13.77658,100.55451,1,2026-10-05 20:20
FL.DDG.08,ถ.ดินแดง (รร.พิบูลฯ),ถนนดินแดง,26,ดินแดง,13.7624,100.55123,1,2026-10-05 20:20
FL.DDG.09,ถ.ประชาสงเคราะห์ (ซ.เปรมสมบัติแยก 33) *,ถนนประชาสงเคราะห์ ,26,ดินแดง,13.77516,100.56773,1,2026-10-05 20:20
FL.DDG.10,ถ.ประชาสุข (ซ.อินทามระ 34) *,ถนนประชาสุข,26,ดินแดง,13.78576,100.56708,1,2026-10-05 20:20
FL.DDG.11,ถ.ประชาสงเคราะห์  (ซ.9) *,ถนนประชาสงเคราะห์ ,26,ดินแดง,13.76531,100.55681,1,2026-10-05 20:20
FL.DDG.12,ถ.ดินแดง (รร.พิบูลประชาสรรค์) *,ถนนดินแดง,26,ดินแดง,13.76299,100.55011,1,2026-10-05 20:20
FL.DDG.13,ถ.ประชาสงเคราะห์ (ตลาดห้วยขวาง) *,ถนนประชาสงเคราะห์ ,26,ดินแดง,13.77836,100.56814,1,2026-10-05 20:20
FL.DMG.01,ถ.วิภาวดีขาออก (ถ.กำแพงเพชร 6) *,ถนนวิภาวดีขาออก,36,ดอนเมือง,13.93333,100.60867,1,2026-10-05 20:20
FL.DMG.02,ถ.ช่างอากาศอุทิศ (ซ. 7) *,ถนนช่างอากาศอุทิศ,36,ดอนเมือง,13.91452,100.58717,1,2026-10-05 20:20
FL.DMG.03,ถ.ช่างอากาศอุทิศ (ซ. 15) *,ถนนช่างอากาศอุทิศ,36,ดอนเมือง,13.91838,100.57861,1,2026-10-05 20:20
FL.DST.03,ถ.ศรีอยุธยา (ลานพระราชวัง),ถนนศรีอยุธยา,2,ดุสิต,13.76854,100.51112,1,2026-10-05 20:20
FL.DST.04,ถ.ราชสีมา (แยกอู่ทองนอก),ถนนราชสีมา,2,ดุสิต,13.77218,100.50935,1,2026-10-05 20:20
FL.DST.06,ถ.ราชวิถี (สะพานกรุงธนฯ),ถนนราชวิถี,2,ดุสิต,13.77899,100.50703,1,2026-10-05 20:20
FL.DST.07,ถ.นครไชยศรี (ตลาดศรีย่าน),ถนนนครไชยศรี,2,ดุสิต,13.7848,100.51274,1,2026-10-05 20:20
FL.DST.08,ถ.ราชวิถี หน้ามหาวิทยาลัยสวนดุสิต,ถนนราชวิถี,2,ดุสิต,13.77732,100.51071,1,2026-10-05 20:20
FL.HKG.01,ถ.เพชรบุรี (สิงห์คอมเพล็กซ์),ถนนเพชรบุรีตัดใหม่ ,17,ห้วยขวาง,13.74857,100.56524,1,2026-10-05 20:20
FL.HKG.02,ถ.ประชาอุทิศ (สนข.ห้วยขวาง) *,ถนนประชาอุทิศ,17,ห้วยขวาง,13.77666,100.57979,1,2026-10-05 20:20
FL.HKG.03,ถ.ประชาราษฎร์บำเพ็ญ (ซ. 14) *,ถนนประชาราษฎร์บำเพ็ญ,17,ห้วยขวาง,13.77749,100.57916,1,2026-10-05 20:20
FL.HKG.04,ถ.ประชาราษฎร์บำเพ็ญ (แยกห้วยขวาง) *,ถนนประชาราษฎร์บำเพ็ญ,17,ห้วยขวาง,13.77871,100.57493,1,2026-10-05 20:20
FL.HKG.05,ถ.สุทธิสารวินิจฉัย (รพ.โกลเด้นเยียส์) *,ถนนสุทธิสารวินิจฉัย,17,ห้วยขวาง,13.78958,100.57755,1,2026-10-05 20:20
FL.JTG.01,ถ.จอมทอง (แยกจอมทอง),ถนนจอมทอง,35,จอมทอง,13.6991,100.46759,1,2026-10-05 20:20
FL.JTG.02,ถ.จอมทอง (ซ. 12) *,ถนนจอมทอง,35,จอมทอง,13.69809,100.47191,1,2026-10-05 20:20
FL.KNY.01,ถ.เสรีไทย (นิคมฯ บางชัน) *,ถนนเสรีไทย,43,คันนายาว,13.80004,100.70187,1,2026-10-05 20:20
FL.KSN.01,ถ.ลาดหญ้า วงเวียนใหญ่,ถนนลาดหญ้า,18,คลองสาน,13.72687,100.49486,1,2026-10-05 20:20
FL.KTY.01,ถ.พระราม 3 (ฮ่องกง-ปีนัง),ถนนพระราม 3,33,คลองเตย,13.71547,100.5562,1,2026-10-05 20:20
FL.KTY.02,ซ.สุขุมวิท 22 (ด้านพระราม 4),ซอยสุขุมวิท 22,33,คลองเตย,13.72218,100.56467,1,2026-10-05 20:20
FL.KTY.03,ถ.พระราม 3 (ทางรถไฟ),ถนนพระราม 3,33,คลองเตย,13.71687,100.55732,1,2026-10-05 20:20
FL.KTY.04,ถ.พระราม 4 (กล้วยน้ำไท),ถนนพระราม 4,33,คลองเตย,13.71295,100.59028,1,2026-10-05 20:20
FL.KTY.05,ถ.สุนทรโกษา (แยก ณ ระนอง),ถนนสุนทรโกษา,33,คลองเตย,13.71716,100.55856,1,2026-10-05 20:20
FL.KTY.06,ซ.สุขุมวิท26 (ถ.สุขุมวิท) *,ซอยสุขุมวิท26,33,คลองเตย,13.72922,100.57099,1,2026-10-05 20:20
FL.KTY.07,ถ.อาจณรงค์ (เคหะคลองเตย) *,ถนนอาจณรงค์,33,คลองเตย,13.71285,100.56986,1,2026-10-05 20:20
FL.KTY.08,ซ.สุขุมวิท26 (ซ.อรรถกระวี 3) *,ซอยสุขุมวิท26,33,คลองเตย,13.72014,100.56848,1,2026-10-05 20:20
FL.KTY.09,ถ.รัชดาภิเษก (ซ.สุขุมวิท 16) *,ถนนรัชดาภิเษก,33,คลองเตย,13.73446,100.56077,1,2026-10-05 20:20
FL.KTY.10,ซ.สุขุมวิท26 (ซ. 26) *,ซอยสุขุมวิท26,33,คลองเตย,13.72417,100.56992,1,2026-10-05 20:20
FL.KTY.11,ถ.อาจณรงค์ (สถานีตรวจสอบสินค้า 3 ท่าเรือ) *,ถนนอาจณรงค์,33,คลองเตย,13.71063,100.58,1,2026-10-05 20:20
FL.LKB.01,ถ.ลาดกระบัง (ซ. 30/1) *,ถนนลาดกระบัง,11,ลาดกระบัง,13.7223,100.73718,1,2026-10-05 20:20
FL.LKB.02,ถ.หลวงแพ่ง (รร.แสงหิรัญวิทยา) *,ถนนหลวงแพ่ง,11,ลาดกระบัง,13.71289,100.81426,1,2026-10-05 20:20
FL.LKB.04,ถ.หลวงแพ่ง (มอเตอร์เวย์) *,ถนนหลวงแพ่ง,11,ลาดกระบัง,13.71244,100.81626,1,2026-10-05 20:20
FL.LKB.05,ถ.เจ้าคุณทหาร (ถ.ไอ.ซี.ดี 1) *,ถนนเจ้าคุณทหาร,11,ลาดกระบัง,13.75453,100.76167,1,2026-10-05 20:20
FL.LKB.06,ถ.ฉลองกรุ (ซ.8) *,ถนนฉลองกรุง,11,ลาดกระบัง,13.73893,100.7904,1,2026-10-05 20:20
FL.LKB.07,ถ.ฉลองกรุง (ถ.คู่ขนานมอเตอร์เวย์) *,ถนนฉลองกรุง,11,ลาดกระบัง,13.7343,100.78604,1,2026-10-05 20:20
FL.LKB.08,ถ.เจ้าคุณทหาร (LPG PT ลาดกระบัง4) *,ถนนเจ้าคุณทหาร,11,ลาดกระบัง,13.75091,100.78994,1,2026-10-05 20:20
FL.LPW.01,ถ.สุคนธสวัสดิ์ (ซ. 15) *,ถนนสุคนธสวัสดิ์,38,ลาดพร้าว,13.82882,100.62312,1,2026-10-05 20:20
FL.LPW.02,ถ.สุคนธสวัสดิ์ (ซ. 25/2) *,ถนนสุคนธสวัสดิ์,38,ลาดพร้าว,13.83568,100.62924,1,2026-10-05 20:20
FL.LPW.03,ถ.นาคนิวาส (ซ. 38) *,ถนนนาคนิวาส,38,ลาดพร้าว,13.81339,100.61082,1,2026-10-05 20:20
FL.LPW.05,ถ.โชคชัย 4 (ซ. 28) *,ถนนโชคชัย,38,ลาดพร้าว,13.80785,100.59664,1,2026-10-05 20:20
FL.LPW.06,ถ.เสนานิคม 1 (ซ.เสนานิเวศน์ 112) *,ถนนเสนานิคม 1,38,ลาดพร้าว,13.82742,100.60853,1,2026-10-05 20:20
FL.LPW.07,ถ.ลาดพร้าววังหิน (ซ. 64) *,ถนนลาดพร้าววังหิน,38,ลาดพร้าว,13.82517,100.59172,1,2026-10-05 20:20
FL.LPW.08,ถ.ลาดปลาเค้า (ซ. 30/2) *,ถนนลาดปลาเค้า,38,ลาดพร้าว,13.84344,100.59758,1,2026-10-05 20:20
FL.LSI.02,ถ.งามวงศ์วาน (แยกพงษ์เพชร),ถนนงามวงค์วาน,41,หลักสี่,13.85473,100.54821,1,2026-10-05 20:20
FL.LSI.03,ถ.แจ้งวัฒนะ (ศาลปกครองกลาง),ถนนแจ้งวัฒนะ,41,หลักสี่,13.89032,100.56792,1,2026-10-05 20:20
FL.LSI.04,ถ.แจ้งวัฒนะขาเข้า (โลตัส),ถนนแจ้งวัฒนะ,41,หลักสี่,13.89468,100.55668,1,2026-10-05 20:20
FL.LSI.05,ถ.แจ้งวัฒนะขาออก (มทบ. 11),ถนนแจ้งวัฒนะ,41,หลักสี่,13.89429,100.55657,1,2026-10-05 20:20
FL.LSI.06,ถ.งามวงศ์วาน (ซ.ชินเขต),ถนนงามวงค์วาน,41,หลักสี่,13.8554,100.54781,1,2026-10-05 20:20
FL.LSI.07,ถ.แจ้งวัฒนะ (เอ็นที) *,ถนนแจ้งวัฒนะ,41,หลักสี่,13.88717,100.57669,1,2026-10-05 20:20
FL.MBR.01,ถ.สุวินทวงศ์ ช่วงแยกไปรษณีย์มีนบุรี,ถนนสุวินทวงศ์,10,มีนบุรี,13.82082,100.7418,1,2026-10-05 20:20
FL.MBR.03,ถ.สีหบุรานุกิจ (ซ.14) *,ถนนสีหบุรานุกิจ,10,มีนบุรี,13.81237,100.72428,1,2026-10-05 20:20
FL.NKM.01,ถ.เลียบคลองภาษีเจริญฝั่งเหนือ ซ.10 *,ถนนเลียบคลองภาษีเจริญฝั่งเหนือ,23,หนองแขม,13.68637,100.36087,1,2026-10-05 20:20
FL.NKM.02,ถ.มาเจริญ (ม.ชวนชื่นเพชรเกษม 81) *,ถนนมาเจริญ,23,หนองแขม,13.68702,100.34312,1,2026-10-05 20:20
FL.PKN.01,ถ.สุขุมวิท (ซ.62),ถนนสุขุมวิท,9,พระโขนง,13.6959,100.60602,1,2026-10-05 20:20
FL.PKN.02,ถ.วชิรธรรมสาธิต (ซ.34) *,ถนนวชิรธรรมสาธิต,9,พระโขนง,13.68436,100.62429,1,2026-10-05 20:20
FL.PKN.03,ถ.วชิรธรรมสาธิต (ซ.8) *,ถนนวชิรธรรมสาธิต,9,พระโขนง,13.68437,100.61226,1,2026-10-05 20:20
FL.PKN.04,ถ.วชิรธรรมสาธิต (ชอยวัดทุ่ง) *,ถนนวชิรธรรมสาธิต,9,พระโขนง,13.68675,100.63517,1,2026-10-05 20:20
FL.PNK.02,ถ.วิสุทธิ์กษัตริย์ (วัดอินทร์),ถนนวิสุทธิ์กษัตริย์ ,1,พระนคร,13.7662,100.50231,1,2026-10-05 20:20
FL.PPS.01,ถ.หลานหลวง (ธ.กรุงไทย),ถนนหลานหลวง,8,ป้อมปราบศัตรูพ่าย,13.75655,100.51491,1,2026-10-05 20:20
FL.PPS.02,ถ.หลวง (วัดเทพศิรินทร์),ถนนหลวง,8,ป้อมปราบศัตรูพ่าย,13.74621,100.51292,1,2026-10-05 20:20
FL.PSC.01,ถ.เพชรเกษม  (ซ.42) *,ถนนเพชรเกษม,22,ภาษีเจริญ,13.71736,100.45061,1,2026-10-05 20:20
FL.PSC.02,ถ.เพชรเกษม (รพ.มิตรประชา) *,ถนนเพชรเกษม,22,ภาษีเจริญ,13.71256,100.43174,1,2026-10-05 20:20
FL.PSC.03,ถ.เพชรเกษม (BTS บางหว้า) *,ถนนเพชรเกษม,22,ภาษีเจริญ,13.71976,100.4558,1,2026-10-05 20:20
FL.PSC.04,ถ.เพชรเกษม  (ซ.31/4) *,ถนนเพชรเกษม,22,ภาษีเจริญ,13.71386,100.44073,1,2026-10-05 20:20
FL.PTW.01,ถ.พระราม 1 (สนามกีฬาฯ),ถนนพระราม 1 ,7,ปทุมวัน,13.74646,100.52861,1,2026-10-05 20:20
FL.PTW.02,ถ.พญาไท (มาบุญครอง),ถนนพญาไท,7,ปทุมวัน,13.74338,100.53028,1,2026-10-05 20:20
FL.PTW.03,ถ.พระราม 1 (วัดปทุมฯ),ถนนพระราม 1 ,7,ปทุมวัน,13.74492,100.53678,1,2026-10-05 20:20
FL.PTW.05,ถ.ราชดำริ (รพ.ตำรวจ),ถนนราชดำริ,7,ปทุมวัน,13.74189,100.53985,1,2026-10-05 20:20
FL.PWT.01,ถ.ศรีนครินทร์ (ซีคอนฯ),ถนนศรีนครินทร์,32,ประเวศ,13.69291,100.64738,1,2026-10-05 20:20
FL.PWT.02,ถ.เฉลิมพระเกียรติ ร.9 (แยกศรีอุดม),ถนนศรีนครินทร์,32,ประเวศ,13.67782,100.64679,1,2026-10-05 20:20
FL.PWT.03,ถ.เฉลิมพระเกียรติ ร.9  (ตรงข้าม ซ.40) *,ถนนเฉลิมพระเกียรติ,32,ประเวศ,13.6934,100.67178,1,2026-10-05 20:20
FL.PYT.01,ถ.พหลโยธิน (สนามเป้า),ถนนพหลโยธิน,14,พญาไท,13.77169,100.54166,1,2026-10-05 20:20
FL.PYT.02,ถ.พหลโยธิน (สะพานควาย),ถนนพหลโยธิน,14,พญาไท,13.7894,100.54802,1,2026-10-05 20:20
FL.PYT.03,ถ.พระราม 6 (ลงทางด่วน),ถนนพระราม 6,14,พญาไท,13.78645,100.53561,1,2026-10-05 20:20
FL.PYT.04,ถ.สุทธิสารฯ (ซ.19),ถนนสุทธิสารวินิจฉัย,14,พญาไท,13.78906,100.55674,1,2026-10-05 20:20
FL.PYT.05,ถ.พหลฯ (ซ.สายลม),ถนนพหลโยธิน,14,พญาไท,13.78331,100.54605,1,2026-10-05 20:20
FL.PYT.06,ถ.ประดิพัทธ์ (สะพานควาย),ถนนประดิพัทธ์,14,พญาไท,13.78994,100.54766,1,2026-10-05 20:20
FL.PYT.07,ถ.พหลฯ (บิ๊กซี),ถนนพหลโยธิน,14,พญาไท,13.79003,100.54849,1,2026-10-05 20:20
FL.PYT.08,ถ.พหลโยธิน  (ซ.9) *,ถนนพหลโยธิน,14,พญาไท,13.78617,100.54707,1,2026-10-05 20:20
FL.PYT.09,ซ.พหลโยธิน7 (ซ.อารีย์ 2) *,ซอยพหลโยธิน7,14,พญาไท,13.78142,100.54432,1,2026-10-05 20:20
FL.PYT.10,ถ.พหลโยธิน (ซ.7) *,ถนนพหลโยธิน,14,พญาไท,13.78143,100.54512,1,2026-10-05 20:20
FL.RTW.01,ถ.ศรีอยุธยา (ถ.พญาไท),ถนนศรีอยุธยา,37,ราชเทวี,13.75748,100.53565,1,2026-10-05 20:20
FL.RTW.02,ถ.เพชรบุรี (ดอนบอสโก),ถนนเพชรบุรี ,37,ราชเทวี,13.74944,100.56007,1,2026-10-05 20:20
FL.RTW.03,ถ.เพชรบุรี (เมโทร),ถนนเพชรบุรี ,37,ราชเทวี,13.74968,100.54682,1,2026-10-05 20:20
FL.RTW.04,ถ.พญาไท (กรมปศุสัตว์),ถนนพญาไท,37,ราชเทวี,13.75563,100.5333,1,2026-10-05 20:20
FL.RTW.05,ถ.พระราม 6 (ตลาดประแจจีน),ถนนพระราม 6,37,ราชเทวี,13.75812,100.52407,1,2026-10-05 20:20
FL.RTW.06,ถ.ราชวิถี (สวนสันติภาพ),ถนนราชวิถี,37,ราชเทวี,13.76373,100.54072,1,2026-10-05 20:20
FL.RTW.07,ถ.ศรีอยุธยา (รร.สันติราษฏร์),ถนนศรีอยุธยา,37,ราชเทวี,13.75946,100.53064,1,2026-10-05 20:20
FL.RTW.08,ถ.นิคมมักกะสัน (แยกราชปรารภ),ถนนนิคมมักกะสัน ,37,ราชเทวี,13.75469,100.54269,1,2026-10-05 20:20
FL.RTW.09,ถ.บรรทัดทอง (ถ.เพชรบุรี),ถนนบรรทัดทอง,37,ราชเทวี,13.75462,100.52689,1,2026-10-05 20:20
FL.RTW.10,ถ.ศรีอยุธยา (รร.ศรีอยุธยา),ถนนศรีอยุธยา,37,ราชเทวี,13.75705,100.53852,1,2026-10-05 20:20
FL.RTW.11,ถ.พระราม 6 (พิพิธภัณฑ์กรมทางหลวง),ถนนพระราม 6,37,ราชเทวี,13.75988,100.52524,1,2026-10-05 20:20
FL.RTW.12,ถ.พระราม 6 (กองการพัสดุ กรมทางหลวง),ถนนพระราม 6,37,ราชเทวี,13.76043,100.52494,1,2026-10-05 20:20
FL.RTW.13,ถ.เพชรบุรี (เพชรพระราม) *,ถนนเพชรบุรี ,37,ราชเทวี,13.755,100.52693,1,2026-10-05 20:20
FL.SLG.02,ถ.รามคำแหง (ซ.3),ถนนรามคำแหง,34,สวนหลวง,13.74498,100.60299,1,2026-10-05 20:20
FL.SLG.03,ถ.พัฒนาการ (ธ.กรุงไทย),ถนนพัฒนาการ,34,สวนหลวง,13.73759,100.60946,1,2026-10-05 20:20
FL.SLG.04,ถ.สุขุมวิท 71 (คลองตัน) *,ถนนสุขุมวิท,34,สวนหลวง,13.74004,100.59939,1,2026-10-05 20:20
FL.SLG.05,ถ.ศรีนครินทร์ (ถ.กำแพงเพชร 7) *,ถนนศรีนครินทร์,34,สวนหลวง,13.74002,100.64229,1,2026-10-05 20:20
FL.SLG.06,ถ.พัฒนาการ  (ซ.53) *,ถนนพัฒนาการ,34,สวนหลวง,13.73266,100.6488,1,2026-10-05 20:20
FL.SMI.01,ถ.พหลฯ (ซ.พหลโยธิน 60/1),ถนนพหลโยธิน,42,สายไหม,13.93971,100.62453,1,2026-10-05 20:20
FL.SMI.02,ถ.สุขาภิบาล ๕ (ตลาดสดออเงิน) *,ถนนสุขาภิบาล,42,สายไหม,13.89625,100.66061,1,2026-10-05 20:20
FL.SPW.01,ถ.เจริญกรุง (แยกแปลงนาม),ถนนเจริญกรุง,13,สัมพันธวงศ์,13.74071,100.5118,1,2026-10-05 20:20
FL.SPW.02,ถ.เยาวราช (แยกราชวงศ์),ถนนเยาวราช,13,สัมพันธวงศ์,13.74186,100.50753,1,2026-10-05 20:20
FL.STN.01,ถ.จันทน์ (ซ.28/2),ถนนจันทน์,28,สาทร,13.70745,100.52105,1,2026-10-05 20:20
FL.STN.02,ถ.เซนต์หลุยส์ 3,ถนนเซนต์หลุยส์ 3,28,สาทร,13.70661,100.52676,1,2026-10-05 20:20
FL.STN.03,ถ.สาธุประดิษฐ์ (ซ.2),ถนนสาธุประดิษฐ์,28,สาทร,13.70535,100.52882,1,2026-10-05 20:20
FL.STN.04,ถ.สวนพลู (ตลาดสวนพลู),ถนนสวนพลู,28,สาทร,13.71899,100.53873,1,2026-10-05 20:20
FL.STN.05,ถ.สาทรใต้  (ซ.3) *,ถนนสาทรใต้,28,สาทร,13.72291,100.5369,1,2026-10-05 20:20
FL.STN.06,ถ.นางลิ้นจี่ (ถ.เย็นอากาศ) *,ถนนนางลิ้นจี่,28,สาทร,13.71042,100.54192,1,2026-10-05 20:20
FL.STN.07,ถ.สวนพลู (เทคนิคกรุงเทพ) *,ถนนสวนพลู,28,สาทร,13.71604,100.53897,1,2026-10-05 20:20
FL.STN.08,ถ.สาธุประดิษฐ์ (ถ.จันทน์) *,ถนนสาธุประดิษฐ์,28,สาทร,13.70576,100.5287,1,2026-10-05 20:20
FL.STN.09,ถ.สาทรใต้  (ซ.7) *,ถนนสาทรใต้,28,สาทร,13.72283,100.53406,1,2026-10-05 20:20
FL.STN.10,ถ.จันทน์ (ซ.29) *,ถนนจันทน์,28,สาทร,13.70638,100.52616,1,2026-10-05 20:20
FL.TBR.01,ถ.อินทรพิทักษ์ (สถานีดับเพลิงธนบุรี) *,ถนนอินทรพิทักษ์,15,ธนบุรี,13.72731,100.48657,1,2026-10-05 20:20
FL.TKU.01,ถ.ประชาอุทิศ (ซ. 76/1) *,ถนนประชาอุทิศ,49,ทุ่งครุ,13.62498,100.50748,1,2026-10-05 20:20
FL.TKU.02,ถ.ประชาอุทิศ (ซ. 60/1) *,ถนนประชาอุทิศ,49,ทุ่งครุ,13.63612,100.50196,1,2026-10-05 20:20
FL.TKU.03,ถ.ประชาอุทิศ (ซ. 74/1) *,ถนนประชาอุทิศ,49,ทุ่งครุ,13.62852,100.50453,1,2026-10-05 20:20
FL.TLC.01,ถ.ฉิมพลี (ซ. 31) *,ถนนฉิมพลี ,19,ตลิ่งชัน,13.78269,100.4335,1,2026-10-05 20:20
FL.TLC.02,ถ.เลียบทางรถไฟสายใต้ฝั่ง(ขาออก) วงเวียนชัยพฤกษ์ *,ถนนเลียบทางรถไฟสายใต้ฝั่ง(ขาออก),19,ตลิ่งชัน,13.78745,100.46134,1,2026-10-05 20:20
FL.WTL.01,ถ.ลาดพร้าว (ถ.ประดิษฐ์มนูธรรม),ถนนลาดพร้าว,45,วังทองหลาง,13.78651,100.60887,1,2026-10-05 20:20
FL.WTL.02,ถ.ลาดพร้าว (ซ.89),ถนนลาดพร้าว,45,วังทองหลาง,13.78063,100.61937,1,2026-10-05 20:20
FL.WTL.03,ซ.รามฯ 43/1,ซอยรามคำแหง 43/1,45,วังทองหลาง,13.76635,100.61491,1,2026-10-05 20:20
FL.WTL.04,ซ.ลาดพร้าว 122 (โรงแรมชารีน่า),ซอยลาดพร้าว 122,45,วังทองหลาง,13.76368,100.62394,1,2026-10-05 20:20
FL.WTL.05,ซ.ลาดพร้าว64 แยก 7 *,ซอยลาดพร้าว64,45,วังทองหลาง,13.7886,100.59975,1,2026-10-05 20:20
FL.WTL.06,ซ.ลาดพร้าว80 แยก 22 *,ซอยลาดพร้าว80,45,วังทองหลาง,13.78257,100.60477,1,2026-10-05 20:20
FL.WTL.07,ถ.ประดิษฐ์มนูธรรม (ศูนย์แพทย์พัฒนา) *,ถนนประดิษฐ์มนูธรรม,45,วังทองหลาง,13.76142,100.59725,1,2026-10-05 20:20
FL.WTL.10,ถ.อินทราภรณ์ (ซ.รามคำแหง 43/1) *,ถนนอินทราภรณ์,45,วังทองหลาง,13.77231,100.61317,1,2026-10-05 20:20
FL.WTN.01,ซ.สุขุมวิท 39,ซอยสุขุมวิท 39,39,วัฒนา,13.73663,100.57171,1,2026-10-05 20:20
FL.WTN.02,ถ.อโศกมนตรี (ชิโนไทย),ถนนอโศกมนตรี ,39,วัฒนา,13.74046,100.56199,1,2026-10-05 20:20
FL.WTN.03,ถ.สุขุมวิท 71 (ซ.ปรีดีพนมยงค์ 20),ถนนสุขุมวิท 71,39,วัฒนา,13.72295,100.59588,1,2026-10-05 20:20
FL.WTN.04,ถ.อโศกมนตรี (ตึกแกรมมี่) *,ถนนอโศกมนตรี ,39,วัฒนา,13.74329,100.56208,1,2026-10-05 20:20
FL.WTN.05,ถ.เอกมัย (ซ. 3) *,ถนนเอกมัย,39,วัฒนา,13.72995,100.58622,1,2026-10-05 20:20
FL.WTN.06,ซ.สุขุมวิท31 (โรงเรียนสวัสดี) *,ซอยสุขุมวิท31,39,วัฒนา,13.74003,100.56624,1,2026-10-05 20:20
FL.WTN.07,ถ.สุขุมวิท (ซ. 69) *,ถนนสุขุมวิท,39,วัฒนา,13.71467,100.59217,1,2026-10-05 20:20
FL.WTN.08,ถ.สุขุมวิท (ซ. 53) *,ถนนสุขุมวิท,39,วัฒนา,13.72502,100.57761,1,2026-10-05 20:20
FL.WTN.09,ถ.สุขุมวิท (ซ. 23) *,ถนนสุขุมวิท,39,วัฒนา,13.73562,100.56265,1,2026-10-05 20:20
FL.WTN.10,ซ.สุขุมวิท39 (ซ.พร้อมมิตร) *,ซอยสุขุมวิท39,39,วัฒนา,13.73314,100.57131,1,2026-10-05 20:20
FL.YNW.01,ถ.สาธุประดิษฐ์ (ซ. 29) *,ถนนสาธุประดิษฐ์,12,ยานนาวา,13.69606,100.53266,1,2026-10-05 20:20
FL.YNW.02,ถ.สาธุประดิษฐ์ (ซ. 15) *,ถนนสาธุประดิษฐ์,12,ยานนาวา,13.70035,100.53091,1,2026-10-05 20:20
FL.YNW.03,ซ.สาธุประดิษฐ์15 แยก 6 *,ซอยสาธุประดิษฐ์15,12,ยานนาวา,13.70211,100.53392,1,2026-10-05 20:20
TN.BKA.01,อ.ทหารราบ 11,ถนนผลาสินธุ์,5,บางเขน,13.85671,100.5892,2,2026-10-05 20:20
TN.BKA.01,อ.ทหารราบ 11,ถนนผลาสินธุ์,5,บางเขน,13.85671,100.5892,2,2026-10-05 20:20
TN.BKY.01,อ.ท่าพระ,ถนนรัชดาภิเษก,16,บางกอกใหญ่,13.72934,100.47412,2,2026-10-05 20:20
TN.BPD.01,อ.บางพลัด,ถนนจรัญสนิทวงศ์,25,บางพลัด,13.78459,100.49451,2,2026-10-05 20:20
TN.DDG.01,อ.ดินแดง,ถนนดินแดง,26,ดินแดง,13.76391,100.5482,2,2026-10-05 20:20
TN.HKG.01,อ.สุทธิสาร,ถนนรัชดาภิเษก,17,ห้วยขวาง,13.78973,100.5742,2,2026-10-05 20:20
TN.HKG.01,อ.สุทธิสาร,ถนนรัชดาภิเษก,17,ห้วยขวาง,13.78973,100.5742,2,2026-10-05 20:20
TN.HKG.02,อ.ห้วยขวาง,ถนนรัชดาภิเษก,17,ห้วยขวาง,13.77844,100.57365,2,2026-10-05 20:20
TN.HKG.02,อ.ห้วยขวาง,ถนนรัชดาภิเษก,17,ห้วยขวาง,13.77844,100.57365,2,2026-10-05 20:20
TN.SLG.01,อ.พัฒนาการ,ถนนพัฒนาการ,34,สวนหลวง,13.73702,100.63056,2,2026-10-05 20:20
TN.SLG.02,อ.พัฒนาการ-รามคำแหง,ถนนพระราม 9 ,34,สวนหลวง,13.74133,100.6161,2,2026-10-05 20:20
TN.SLG.02,อ.พัฒนาการ-รามคำแหง,ถนนพระราม 9 ,34,สวนหลวง,13.74133,100.6161,2,2026-10-05 20:20
