code,measured,rf15m_mm,rf1h_mm,rf3h_mm,rf6h_mm,rf12h_mm,rf24h_mm
RF.TBR.02,2026-10-05 20:05,0.0,0.0,0.0,0.0,0.5,0.5
RF.BKY.01,2026-10-05 20:10,0.0,0.0,0.0,0.0,0.0,0.0
RF.PNK.01,2026-10-05 20:10,0.0,0.0,0.0,0.0,1.0,1.0
RF.SPS.01,2026-10-05 20:10,0.0,0.0,0.0,0.0,0.0,0.0
RF.BBN.01,2026-10-05 20:15,0.0,0.0,0.0,0.0,0.0,0.0
RF.BBN.02,2026-10-05 20:15,0.0,0.0,0.0,0.0,0.0,0.0
RF.BKA.01,2026-10-05 20:15,0.0,0.0,0.0,0.0,14.5,14.5
RF.BKA.02,2026-10-05 20:15,0.0,0.0,0.0,0.0,44.0,44.0
RF.BKE.01,2026-10-05 20:15,0.0,0.0,0.0,0.0,0.5,0.5
RF.BKE.02,2026-10-05 20:15,0.0,0.0,0.0,0.0,0.0,0.0
RF.BKE.03,2026-10-05 20:15,0.0,0.0,0.0,0.0,0.0,0.0
RF.BKE.04,2026-10-05 20:15,0.0,0.0,0.0,0.0,0.0,0.0
RF.BKL.02,2026-10-05 20:15,0.0,0.0,0.0,0.0,8.5,8.5
RF.BKM.01,2026-10-05 20:15,0.0,0.0,0.0,0.0,0.0,0.0
RF.BKN.01,2026-10-05 20:15,0.0,0.0,0.0,0.0,0.0,0.0
RF.BKN.02,2026-10-05 20:15,0.0,0.0,0.0,0.0,0.0,0.5
RF.BKP.02,2026-10-05 20:15,0.0,0.0,0.0,0.0,0.0,0.0
RF.BKT.01,2026-10-05 20:15,0.0,0.0,0.0,0.0,0.0,0.0
RF.BKT.02,2026-10-05 20:15,0.0,0.0,0.0,0.0,0.0,0.0
RF.BKT.03,2026-10-05 20:15,0.0,0.0,0.0,0.0,0.0,0.0
RF.BKT.04,2026-10-05 20:15,0.0,0.0,0.0,0.0,0.0,0.0
RF.BKT.05,2026-10-05 20:15,0.0,0.0,0.0,0.0,0.0,0.0
RF.BKY.02,2026-10-05 20:15,0.0,0.0,0.0,0.0,0.0,0.0
RF.BNA.01,2026-10-05 20:15,0.0,0.0,0.5,0.5,2.0,2.0
RF.BNA.02,2026-10-05 20:15,0.0,0.0,0.0,0.0,0.5,0.5
RF.BNA.03,2026-10-05 20:15,0.0,0.0,0.0,0.0,0.0,0.0
RF.BPD.01,2026-10-05 20:15,0.0,0.0,0.0,0.0,0.0,0.0
RF.BRK.01,2026-10-05 20:15,0.0,0.0,0.0,0.0,4.5,4.5
RF.BRK.02,2026-10-05 20:15,0.0,0.0,0.0,0.0,0.0,0.0
RF.BSU.01,2026-10-05 20:15,0.0,0.0,0.0,0.0,0.0,0.0
RF.BSU.02,2026-10-05 20:15,0.0,0.0,0.0,0.0,0.0,0.0
RF.BSU.03,2026-10-05 20:15,0.0,0.0,0.0,0.0,0.0,0.0
RF.CTC.01,2026-10-05 20:15,0.0,0.0,0.0,0.0,1.0,1.0
RF.CTC.02,2026-10-05 20:15,0.0,0.0,0.0,0.0,0.5,0.5
RF.CTC.03,2026-10-05 20:15,0.0,0.0,0.0,0.0,0.5,0.5
RF.DDG.02,2026-10-05 20:15,0.0,0.0,0.0,0.0,3.0,3.0
RF.DST.01,2026-10-05 20:15,0.0,0.0,0.0,0.0,3.5,3.5
RF.DST.02,2026-10-05 20:15,0.0,0.0,0.0,0.0,3.5,3.5
RF.HKG.01,2026-10-05 20:15,0.0,0.0,0.0,0.0,0.0,0.0
RF.HKG.02,2026-10-05 20:15,0.0,0.0,0.0,0.0,0.0,0.0
RF.JTG.01,2026-10-05 20:15,0.0,0.0,0.0,0.0,0.0,0.0
RF.JTG.02,2026-10-05 20:15,0.0,0.0,0.0,0.0,0.0,0.0
RF.JTG.03,2026-10-05 20:15,0.0,0.0,0.0,0.0,0.0,0.0
RF.KNY.02,2026-10-05 20:15,0.0,0.0,0.0,0.0,2.0,2.0
RF.KSN.01,2026-10-05 20:15,0.0,0.0,0.0,0.0,0.0,0.0
RF.KSN.02,2026-10-05 20:15,0.0,0.0,0.0,0.0,0.0,0.0
RF.KSW.01,2026-10-05 20:15,0.0,0.0,0.0,0.0,0.0,0.0
RF.KSW.02,2026-10-05 20:15,0.0,0.0,0.0,0.0,0.0,0.0
RF.KTY.01,2026-10-05 20:15,0.0,0.0,2.0,2.0,17.0,17.0
RF.KTY.02,2026-10-05 20:15,0.0,0.0,0.0,0.0,10.0,10.0
RF.KTY.03,2026-10-05 20:15,0.0,0.0,0.0,0.0,9.5,9.5
RF.KTY.04,2026-10-05 20:15,0.0,0.0,2.0,2.0,10.5,10.5
RF.KTY.05,2026-10-05 20:15,0.0,0.0,0.0,0.0,18.0,18.0
RF.LKB.02,2026-10-05 20:15,0.0,0.0,0.0,0.0,0.0,0.0
RF.LKB.04,2026-10-05 20:15,0.0,0.0,21.0,21.0,21.0,31.5
RF.LPW.01,2026-10-05 20:15,0.0,0.0,0.0,0.0,0.0,0.0
RF.LSI.01,2026-10-05 20:15,0.0,0.0,0.0,0.0,13.0,13.0
RF.LSI.03,2026-10-05 20:15,0.0,0.0,0.0,0.5,15.0,15.0
RF.MBR.01,2026-10-05 20:15,0.0,0.0,0.0,0.0,0.0,0.0
RF.MBR.02,2026-10-05 20:15,0.0,0.0,0.0,0.0,0.0,0.0
RF.MBR.03,2026-10-05 20:15,0.0,0.0,0.0,0.0,0.0,0.0
RF.MBR.05,2026-10-05 20:15,0.0,0.0,0.0,0.0,0.0,0.0
RF.NJK.01,2026-10-05 20:15,0.0,0.0,0.0,0.0,0.0,0.0
RF.NJK.02,2026-10-05 20:15,0.0,0.0,0.0,0.0,0.0,0.0
RF.NJK.03,2026-10-05 20:15,0.0,0.0,0.0,0.0,0.0,0.0
RF.NJK.04,2026-10-05 20:15,0.0,0.0,0.0,0.0,0.0,0.0
RF.NJK.05,2026-10-05 20:15,0.0,0.0,0.0,0.0,0.0,0.0
RF.NJK.06,2026-10-05 20:15,0.0,0.0,0.0,0.0,0.0,0.0
RF.NJK.07,2026-10-05 20:15,0.0,0.0,2.0,2.0,2.0,2.0
RF.NKM.01,2026-10-05 20:15,0.0,0.0,0.0,0.0,0.0,0.0
RF.NKM.02,2026-10-05 20:15,0.0,0.0,0.0,0.0,0.0,0.0
RF.PKN.01,2026-10-05 20:15,0.0,0.0,0.5,0.5,18.0,18.0
RF.PKN.02,2026-10-05 20:15,0.0,0.0,2.0,2.0,7.5,7.5
RF.PKN.03,2026-10-05 20:15,0.0,0.0,0.5,0.5,3.0,3.0
RF.PKN.04,2026-10-05 20:15,0.0,0.0,1.5,1.5,5.0,5.0
RF.PNK.02,2026-10-05 20:15,0.0,0.0,0.0,0.0,8.0,8.0
RF.PNK.03,2026-10-05 20:15,0.0,0.0,0.0,0.0,0.0,0.0
RF.PPS.01,2026-10-05 20:15,0.0,0.0,0.0,0.0,9.5,9.5
RF.PSC.01,2026-10-05 20:15,0.0,0.0,0.0,0.0,0.0,0.0
RF.PSC.03,2026-10-05 20:15,0.0,0.0,0.0,0.0,0.0,0.0
RF.PSC.04,2026-10-05 20:15,0.0,0.0,0.0,0.0,0.0,0.0
RF.PSC.05,2026-10-05 20:15,0.0,0.0,0.0,0.0,0.0,0.0
RF.PTW.01,2026-10-05 20:15,0.0,0.0,0.0,0.0,0.0,0.0
RF.PTW.02,2026-10-05 20:15,0.0,0.0,0.0,0.0,11.5,11.5
RF.PWT.01,2026-10-05 20:15,0.0,0.0,0.0,0.0,0.0,0.0
RF.PWT.02,2026-10-05 20:15,0.0,0.0,0.0,0.0,0.0,0.0
RF.PWT.03,2026-10-05 20:15,0.0,0.0,0.0,0.0,0.0,0.0
RF.PYT.01,2026-10-05 20:15,0.0,0.0,0.0,0.5,3.5,3.5
RF.RBN.01,2026-10-05 20:15,0.0,0.0,0.0,0.0,0.0,0.0
RF.RBN.02,2026-10-05 20:15,0.0,0.0,0.0,0.0,1.0,1.0
RF.RTW.01,2026-10-05 20:15,0.0,0.0,0.0,0.0,11.5,11.5
RF.RTW.03,2026-10-05 20:15,0.0,0.0,0.0,0.0,11.0,11.0
RF.SLG.01,2026-10-05 20:15,0.0,0.0,0.0,0.0,3.0,3.0
RF.SLG.02,2026-10-05 20:15,0.0,0.0,0.0,0.5,2.5,2.5
RF.SMI.01,2026-10-05 20:15,0.0,0.0,0.0,0.0,0.0,0.0
RF.SMI.02,2026-10-05 20:15,0.0,0.0,0.0,0.0,28.5,28.5
RF.SMI.03,2026-10-05 20:15,0.0,0.0,0.0,0.0,0.0,0.0
RF.SMI.04,2026-10-05 20:15,0.0,0.0,0.0,0.0,42.5,42.5
RF.SPK.01,2026-10-05 20:15,0.0,0.0,0.0,0.0,0.0,0.0
RF.SPS.02,2026-10-05 20:15,0.0,0.0,0.0,0.0,0.5,0.5
RF.SPW.01,2026-10-05 20:15,0.0,0.0,0.0,0.0,0.5,0.5
RF.STN.01,2026-10-05 20:15,0.0,0.0,0.0,0.0,8.5,8.5
RF.STN.02,2026-10-05 20:15,0.0,0.0,0.0,0.0,0.5,0.5
RF.TBR.01,2026-10-05 20:15,0.0,0.0,0.0,0.0,0.0,0.0
RF.TBR.03,2026-10-05 20:15,0.0,0.0,0.0,0.0,0.0,0.0
RF.TKU.01,2026-10-05 20:15,0.0,0.0,0.0,0.0,0.0,0.0
RF.TKU.02,2026-10-05 20:15,0.0,0.0,0.0,0.0,0.0,0.0
RF.TLC.01,2026-10-05 20:15,0.0,0.0,0.0,0.0,0.0,0.0
RF.TLC.02,2026-10-05 20:15,0.0,0.0,0.0,0.0,0.0,0.0
RF.TLC.03,2026-10-05 20:15,0.0,0.0,0.0,0.0,0.5,0.5
RF.TWW.01,2026-10-05 20:15,0.0,0.0,0.0,0.0,0.0,0.0
RF.TWW.02,2026-10-05 20:15,0.0,0.0,0.0,0.0,0.0,0.0
RF.TWW.03,2026-10-05 20:15,0.0,0.0,0.0,0.0,0.0,0.0
RF.TWW.04,2026-10-05 20:15,0.0,0.0,0.0,0.0,0.0,0.0
RF.WTL.01,2026-10-05 20:15,0.0,0.0,0.0,0.0,0.0,0.0
RF.WTL.02,2026-10-05 20:15,0.0,0.0,0.0,0.0,1.5,1.5
RF.WTL.03,2026-10-05 20:15,0.0,0.0,0.0,0.0,0.0,0.0
RF.WTN.02,2026-10-05 20:15,0.0,0.0,0.0,0.0,0.5,0.5
RF.YNW.01,2026-10-05 20:15,0.0,0.0,0.0,0.0,19.0,19.0
RF.YNW.02,2026-10-05 20:15,0.0,0.0,0.0,0.0,11.0,11.0
RF.YNW.03,2026-10-05 20:15,0.0,0.0,0.0,0.0,4.5,4.5
RF.KTY.03,2026-10-05 21:10,0.0,0.0,0.0,0.0,9.5,9.5
RF.PNK.01,2026-10-05 21:10,0.0,0.0,0.0,0.0,1.0,1.0
RF.SPS.01,2026-10-05 21:10,0.0,0.0,0.0,0.0,0.0,0.0
RF.BBN.01,2026-10-05 21:15,0.0,0.0,0.0,0.0,0.0,0.0
RF.BBN.02,2026-10-05 21:15,0.0,0.0,0.0,0.0,0.0,0.0
RF.BKA.01,2026-10-05 21:15,0.0,0.0,0.0,0.0,14.5,14.5
RF.BKA.02,2026-10-05 21:15,0.0,0.0,0.0,0.0,44.0,44.0
RF.BKE.01,2026-10-05 21:15,0.0,0.0,0.0,0.0,0.5,0.5
RF.BKE.02,2026-10-05 21:15,0.0,0.0,0.0,0.0,0.0,0.0
RF.BKE.03,2026-10-05 21:15,0.0,0.0,0.0,0.0,0.0,0.0
RF.BKE.04,2026-10-05 21:15,0.0,0.0,0.0,0.0,0.0,0.0
RF.BKL.02,2026-10-05 21:15,0.0,0.0,0.0,0.0,8.5,8.5
RF.BKM.01,2026-10-05 21:15,0.0,0.0,0.0,0.0,0.0,0.0
RF.BKN.01,2026-10-05 21:15,0.0,0.0,0.0,0.0,0.0,0.0
RF.BKN.02,2026-10-05 21:15,0.0,0.0,0.0,0.0,0.0,0.5
RF.BKP.02,2026-10-05 21:15,0.0,0.0,0.0,0.0,0.0,0.0
RF.BKT.01,2026-10-05 21:15,0.0,0.0,0.0,0.0,0.0,0.0
RF.BKT.02,2026-10-05 21:15,0.0,0.0,0.0,0.0,0.0,0.0
RF.BKT.03,2026-10-05 21:15,0.0,0.0,0.0,0.0,0.0,0.0
RF.BKT.04,2026-10-05 21:15,0.0,0.0,0.0,0.0,0.0,0.0
RF.BKT.05,2026-10-05 21:15,0.0,0.0,0.0,0.0,0.0,0.0
RF.BKY.01,2026-10-05 21:15,0.0,0.0,0.0,0.0,0.0,0.0
RF.BKY.02,2026-10-05 21:15,0.0,0.0,0.0,0.0,0.0,0.0
RF.BNA.01,2026-10-05 21:15,0.0,0.0,0.0,0.5,2.0,2.0
RF.BNA.02,2026-10-05 21:15,0.0,0.0,0.0,0.0,0.5,0.5
RF.BNA.03,2026-10-05 21:15,0.0,0.0,0.0,0.0,0.0,0.0
RF.BPD.01,2026-10-05 21:15,0.0,0.0,0.0,0.0,0.0,0.0
RF.BRK.01,2026-10-05 21:15,0.0,0.0,0.0,0.0,4.5,4.5
RF.BRK.02,2026-10-05 21:15,0.0,0.0,0.0,0.0,0.0,0.0
RF.BSU.01,2026-10-05 21:15,0.0,0.0,0.0,0.0,0.0,0.0
RF.BSU.02,2026-10-05 21:15,0.0,0.0,0.0,0.0,0.0,0.0
RF.BSU.03,2026-10-05 21:15,0.0,0.0,0.0,0.0,0.0,0.0
RF.CTC.01,2026-10-05 21:15,0.0,0.0,0.0,0.0,1.0,1.0
RF.CTC.02,2026-10-05 21:15,0.0,0.0,0.0,0.0,0.5,0.5
RF.CTC.03,2026-10-05 21:15,0.0,0.0,0.0,0.0,0.5,0.5
RF.DDG.02,2026-10-05 21:15,0.0,0.0,0.0,0.0,3.0,3.0
RF.DST.01,2026-10-05 21:15,0.0,0.0,0.0,0.0,3.5,3.5
RF.DST.02,2026-10-05 21:15,0.0,0.0,0.0,0.0,3.5,3.5
RF.HKG.01,2026-10-05 21:15,0.0,0.0,0.0,0.0,0.0,0.0
RF.HKG.02,2026-10-05 21:15,0.0,0.0,0.0,0.0,0.0,0.0
RF.JTG.01,2026-10-05 21:15,0.0,0.0,0.0,0.0,0.0,0.0
RF.JTG.02,2026-10-05 21:15,0.0,0.0,0.0,0.0,0.0,0.0
RF.JTG.03,2026-10-05 21:15,0.0,0.0,0.0,0.0,0.0,0.0
RF.KNY.02,2026-10-05 21:15,0.0,0.0,0.0,0.0,2.0,2.0
RF.KSN.01,2026-10-05 21:15,0.0,0.0,0.0,0.0,0.0,0.0
RF.KSN.02,2026-10-05 21:15,0.0,0.0,0.0,0.0,0.0,0.0
RF.KSW.01,2026-10-05 21:15,0.0,0.0,0.0,0.0,0.0,0.0
RF.KSW.02,2026-10-05 21:15,0.0,0.0,0.0,0.0,0.0,0.0
RF.KTY.01,2026-10-05 21:15,0.0,0.0,0.0,2.0,17.0,17.0
RF.KTY.02,2026-10-05 21:15,0.0,0.0,0.0,0.0,10.0,10.0
RF.KTY.04,2026-10-05 21:15,0.0,0.0,0.5,2.0,10.0,10.5
RF.KTY.05,2026-10-05 21:15,0.0,0.0,0.0,0.0,18.0,18.0
RF.LKB.02,2026-10-05 21:15,0.0,0.0,0.0,0.0,0.0,0.0
RF.LKB.04,2026-10-05 21:15,0.0,0.0,2.5,21.0,21.0,31.5
RF.LPW.01,2026-10-05 21:15,0.0,0.0,0.0,0.0,0.0,0.0
RF.LSI.01,2026-10-05 21:15,0.0,0.0,0.0,0.0,13.0,13.0
RF.LSI.03,2026-10-05 21:15,0.0,0.0,0.0,0.0,15.0,15.0
RF.MBR.01,2026-10-05 21:15,0.0,0.0,0.0,0.0,0.0,0.0
RF.MBR.02,2026-10-05 21:15,0.0,0.0,0.0,0.0,0.0,0.0
RF.MBR.03,2026-10-05 21:15,0.0,0.0,0.0,0.0,0.0,0.0
RF.MBR.05,2026-10-05 21:15,0.0,0.0,0.0,0.0,0.0,0.0
RF.NJK.01,2026-10-05 21:15,0.0,0.0,0.0,0.0,0.0,0.0
RF.NJK.02,2026-10-05 21:15,0.0,0.0,0.0,0.0,0.0,0.0
RF.NJK.03,2026-10-05 21:15,0.0,0.0,0.0,0.0,0.0,0.0
RF.NJK.04,2026-10-05 21:15,0.0,0.0,0.0,0.0,0.0,0.0
RF.NJK.05,2026-10-05 21:15,0.0,0.0,0.0,0.0,0.0,0.0
RF.NJK.06,2026-10-05 21:15,0.0,0.0,0.0,0.0,0.0,0.0
RF.NJK.07,2026-10-05 21:15,0.0,0.5,2.5,2.5,2.5,2.5
RF.NKM.01,2026-10-05 21:15,0.0,0.0,0.0,0.0,0.0,0.0
RF.NKM.02,2026-10-05 21:15,0.0,0.0,0.0,0.0,0.0,0.0
RF.PKN.01,2026-10-05 21:15,0.0,0.0,0.5,0.5,18.0,18.0
RF.PKN.02,2026-10-05 21:15,0.0,0.0,0.0,2.0,7.5,7.5
RF.PKN.03,2026-10-05 21:15,0.0,0.0,0.0,0.5,3.0,3.0
RF.PKN.04,2026-10-05 21:15,0.0,0.0,0.5,1.5,5.0,5.0
RF.PNK.02,2026-10-05 21:15,0.0,0.0,0.0,0.0,8.0,8.0
RF.PNK.03,2026-10-05 21:15,0.0,0.0,0.0,0.0,0.0,0.0
RF.PPS.01,2026-10-05 21:15,0.0,0.0,0.0,0.0,9.5,9.5
RF.PSC.01,2026-10-05 21:15,0.0,0.0,0.0,0.0,0.0,0.0
RF.PSC.03,2026-10-05 21:15,0.0,0.0,0.0,0.0,0.0,0.0
RF.PSC.04,2026-10-05 21:15,0.0,0.0,0.0,0.0,0.0,0.0
RF.PSC.05,2026-10-05 21:15,0.0,0.0,0.0,0.0,0.0,0.0
RF.PTW.01,2026-10-05 21:15,0.0,0.0,0.0,0.0,0.0,0.0
RF.PTW.02,2026-10-05 21:15,0.0,0.0,0.0,0.0,11.5,11.5
RF.PWT.01,2026-10-05 21:15,0.0,0.0,0.0,0.0,0.0,0.0
RF.PWT.02,2026-10-05 21:15,0.0,0.0,0.0,0.0,0.0,0.0
RF.PWT.03,2026-10-05 21:15,0.0,0.0,0.0,0.0,0.0,0.0
RF.PYT.01,2026-10-05 21:15,0.0,0.0,0.0,0.5,3.5,3.5
RF.RBN.01,2026-10-05 21:15,0.0,0.0,0.0,0.0,0.0,0.0
RF.RBN.02,2026-10-05 21:15,0.0,0.0,0.0,0.0,1.0,1.0
RF.RTW.01,2026-10-05 21:15,0.0,0.0,0.0,0.0,11.5,11.5
RF.RTW.03,2026-10-05 21:15,0.0,0.0,0.0,0.0,11.0,11.0
RF.SLG.01,2026-10-05 21:15,0.0,0.0,0.0,0.0,3.0,3.0
RF.SLG.02,2026-10-05 21:15,0.0,0.0,0.0,0.5,2.5,2.5
RF.SMI.01,2026-10-05 21:15,0.0,0.0,0.0,0.0,0.0,0.0
RF.SMI.02,2026-10-05 21:15,0.0,0.0,0.0,0.0,28.5,28.5
RF.SMI.03,2026-10-05 21:15,0.0,0.0,0.0,0.0,0.0,0.0
RF.SMI.04,2026-10-05 21:15,0.0,0.0,0.0,0.0,42.5,42.5
RF.SPK.01,2026-10-05 21:15,0.0,0.0,0.0,0.0,0.0,0.0
RF.SPS.02,2026-10-05 21:15,0.0,0.0,0.0,0.0,0.5,0.5
RF.SPW.01,2026-10-05 21:15,0.0,0.0,0.0,0.0,0.5,0.5
RF.STN.01,2026-10-05 21:15,0.0,0.0,0.0,0.0,8.5,8.5
RF.STN.02,2026-10-05 21:15,0.0,0.0,0.0,0.0,0.5,0.5
RF.TBR.01,2026-10-05 21:15,0.0,0.0,0.0,0.0,0.0,0.0
RF.TBR.02,2026-10-05 21:15,0.0,0.0,0.0,0.0,0.5,0.5
RF.TBR.03,2026-10-05 21:15,0.0,0.0,0.0,0.0,0.0,0.0
RF.TKU.01,2026-10-05 21:15,0.0,0.0,0.0,0.0,0.0,0.0
RF.TKU.02,2026-10-05 21:15,0.0,0.0,0.0,0.0,0.0,0.0
RF.TLC.01,2026-10-05 21:15,0.0,0.0,0.0,0.0,0.0,0.0
RF.TLC.02,2026-10-05 21:15,0.0,0.0,0.0,0.0,0.0,0.0
RF.TLC.03,2026-10-05 21:15,0.0,0.0,0.0,0.0,0.5,0.5
RF.TWW.01,2026-10-05 21:15,0.0,0.0,0.0,0.0,0.0,0.0
RF.TWW.02,2026-10-05 21:15,0.0,0.0,0.0,0.0,0.0,0.0
RF.TWW.03,2026-10-05 21:15,0.0,0.0,0.0,0.0,0.0,0.0
RF.TWW.04,2026-10-05 21:15,0.0,0.0,0.0,0.0,0.0,0.0
RF.WTL.01,2026-10-05 21:15,0.0,0.0,0.0,0.0,0.0,0.0
RF.WTL.02,2026-10-05 21:15,0.0,0.0,0.0,0.0,1.5,1.5
RF.WTL.03,2026-10-05 21:15,0.0,0.0,0.0,0.0,0.0,0.0
RF.WTN.02,2026-10-05 21:15,0.0,0.0,0.0,0.0,0.5,0.5
RF.YNW.01,2026-10-05 21:15,0.0,0.0,0.0,0.0,19.0,19.0
RF.YNW.02,2026-10-05 21:15,0.0,0.0,0.0,0.0,11.0,11.0
RF.YNW.03,2026-10-05 21:15,0.0,0.0,0.0,0.0,4.5,4.5
RF.PWT.01,2026-10-05 22:00,0.0,0.0,0.0,0.0,0.0,0.0
RF.BKT.02,2026-10-05 22:10,0.0,0.0,0.0,0.0,0.0,0.0
RF.PNK.01,2026-10-05 22:10,0.0,0.0,0.0,0.0,1.0,1.0
RF.SPS.01,2026-10-05 22:10,0.0,0.0,0.0,0.0,0.0,0.0
RF.TBR.02,2026-10-05 22:10,0.0,0.0,0.0,0.0,0.5,0.5
RF.BBN.01,2026-10-05 22:15,0.0,0.0,0.0,0.0,0.0,0.0
RF.BBN.02,2026-10-05 22:15,0.0,0.0,0.0,0.0,0.0,0.0
RF.BKA.01,2026-10-05 22:15,0.0,0.0,0.0,0.0,14.5,14.5
RF.BKA.02,2026-10-05 22:15,0.0,0.0,0.0,0.0,44.0,44.0
RF.BKE.01,2026-10-05 22:15,0.0,0.0,0.0,0.0,0.0,0.5
RF.BKE.02,2026-10-05 22:15,0.0,0.0,0.0,0.0,0.0,0.0
RF.BKE.03,2026-10-05 22:15,0.0,0.0,0.0,0.0,0.0,0.0
RF.BKE.04,2026-10-05 22:15,0.0,0.0,0.0,0.0,0.0,0.0
RF.BKL.02,2026-10-05 22:15,0.0,0.0,0.0,0.0,8.5,8.5
RF.BKM.01,2026-10-05 22:15,0.0,0.0,0.0,0.0,0.0,0.0
RF.BKN.01,2026-10-05 22:15,0.0,0.0,0.0,0.0,0.0,0.0
RF.BKN.02,2026-10-05 22:15,0.0,0.0,0.0,0.0,0.0,0.5
RF.BKP.02,2026-10-05 22:15,0.0,0.0,0.0,0.0,0.0,0.0
RF.BKT.01,2026-10-05 22:15,0.0,0.0,0.0,0.0,0.0,0.0
RF.BKT.03,2026-10-05 22:15,0.0,0.0,0.0,0.0,0.0,0.0
RF.BKT.04,2026-10-05 22:15,0.0,0.0,0.0,0.0,0.0,0.0
RF.BKT.05,2026-10-05 22:15,0.0,0.0,0.0,0.0,0.0,0.0
RF.BKY.01,2026-10-05 22:15,0.0,0.0,0.0,0.0,0.0,0.0
RF.BKY.02,2026-10-05 22:15,0.0,0.0,0.0,0.0,0.0,0.0
RF.BNA.01,2026-10-05 22:15,0.0,0.0,0.0,0.5,2.0,2.0
RF.BNA.02,2026-10-05 22:15,0.0,0.0,0.0,0.0,0.5,0.5
RF.BNA.03,2026-10-05 22:15,0.0,0.0,0.0,0.0,0.0,0.0
RF.BPD.01,2026-10-05 22:15,0.0,0.0,0.0,0.0,0.0,0.0
RF.BRK.01,2026-10-05 22:15,0.0,0.0,0.0,0.0,4.5,4.5
RF.BRK.02,2026-10-05 22:15,0.0,0.0,0.0,0.0,0.0,0.0
RF.BSU.01,2026-10-05 22:15,0.0,0.0,0.0,0.0,0.0,0.0
RF.BSU.02,2026-10-05 22:15,0.0,0.0,0.0,0.0,0.0,0.0
RF.BSU.03,2026-10-05 22:15,0.0,0.0,0.0,0.0,0.0,0.0
RF.CTC.01,2026-10-05 22:15,0.0,0.0,0.0,0.0,1.0,1.0
RF.CTC.02,2026-10-05 22:15,0.0,0.0,0.0,0.0,0.5,0.5
RF.CTC.03,2026-10-05 22:15,0.0,0.0,0.0,0.0,0.5,0.5
RF.DDG.02,2026-10-05 22:15,0.0,0.0,0.0,0.0,3.0,3.0
RF.DST.01,2026-10-05 22:15,0.0,0.0,0.0,0.0,3.5,3.5
RF.DST.02,2026-10-05 22:15,0.0,0.0,0.0,0.0,3.5,3.5
RF.HKG.01,2026-10-05 22:15,0.0,0.0,0.0,0.0,0.0,0.0
RF.HKG.02,2026-10-05 22:15,0.0,0.0,0.0,0.0,0.0,0.0
RF.JTG.01,2026-10-05 22:15,0.0,0.0,0.0,0.0,0.0,0.0
RF.JTG.02,2026-10-05 22:15,0.0,0.0,0.0,0.0,0.0,0.0
RF.JTG.03,2026-10-05 22:15,0.0,0.0,0.0,0.0,0.0,0.0
RF.KNY.02,2026-10-05 22:15,0.0,0.0,0.0,0.0,2.0,2.0
RF.KSN.01,2026-10-05 22:15,0.0,0.0,0.0,0.0,0.0,0.0
RF.KSN.02,2026-10-05 22:15,0.0,0.0,0.0,0.0,0.0,0.0
RF.KSW.01,2026-10-05 22:15,0.0,0.0,0.0,0.0,0.0,0.0
RF.KSW.02,2026-10-05 22:15,0.0,0.0,0.0,0.0,0.0,0.0
RF.KTY.01,2026-10-05 22:15,0.0,0.0,0.0,2.0,17.0,17.0
RF.KTY.02,2026-10-05 22:15,0.0,0.0,0.0,0.0,10.0,10.0
RF.KTY.03,2026-10-05 22:15,0.0,0.0,0.0,0.0,9.5,9.5
RF.KTY.04,2026-10-05 22:15,0.0,0.0,0.0,2.0,10.0,10.5
RF.KTY.05,2026-10-05 22:15,0.0,0.0,0.0,0.0,18.0,18.0
RF.LKB.02,2026-10-05 22:15,0.0,0.0,0.0,0.0,0.0,0.0
RF.LKB.04,2026-10-05 22:15,0.0,0.0,0.0,21.0,21.0,31.5
RF.LPW.01,2026-10-05 22:15,0.0,0.0,0.0,0.0,0.0,0.0
RF.LSI.01,2026-10-05 22:15,0.0,0.0,0.0,0.0,13.0,13.0
RF.LSI.03,2026-10-05 22:15,0.0,0.0,0.0,0.0,15.0,15.0
RF.MBR.01,2026-10-05 22:15,0.0,0.0,0.0,0.0,0.0,0.0
RF.MBR.02,2026-10-05 22:15,0.0,0.0,0.0,0.0,0.0,0.0
RF.MBR.03,2026-10-05 22:15,0.0,0.0,0.0,0.0,0.0,0.0
RF.MBR.05,2026-10-05 22:15,0.0,0.0,0.0,0.0,0.0,0.0
RF.NJK.01,2026-10-05 22:15,0.0,0.0,0.0,0.0,0.0,0.0
RF.NJK.02,2026-10-05 22:15,0.0,0.0,0.0,0.0,0.0,0.0
RF.NJK.03,2026-10-05 22:15,0.0,0.0,0.0,0.0,0.0,0.0
RF.NJK.04,2026-10-05 22:15,0.0,0.0,0.0,0.0,0.0,0.0
RF.NJK.05,2026-10-05 22:15,0.0,0.0,0.0,0.0,0.0,0.0
RF.NJK.06,2026-10-05 22:15,0.0,0.0,0.0,0.0,0.0,0.0
RF.NJK.07,2026-10-05 22:15,0.0,0.0,0.5,2.5,2.5,2.5
RF.NKM.01,2026-10-05 22:15,0.0,0.0,0.0,0.0,0.0,0.0
RF.NKM.02,2026-10-05 22:15,0.0,0.0,0.0,0.0,0.0,0.0
RF.PKN.01,2026-10-05 22:15,0.0,0.0,0.0,0.5,18.0,18.0
RF.PKN.02,2026-10-05 22:15,0.0,0.0,0.0,2.0,7.5,7.5
RF.PKN.03,2026-10-05 22:15,0.0,0.0,0.0,0.5,3.0,3.0
RF.PKN.04,2026-10-05 22:15,0.0,0.0,0.0,1.5,5.0,5.0
RF.PNK.02,2026-10-05 22:15,0.0,0.0,0.0,0.0,8.0,8.0
RF.PNK.03,2026-10-05 22:15,0.0,0.0,0.0,0.0,0.0,0.0
RF.PPS.01,2026-10-05 22:15,0.0,0.0,0.0,0.0,9.5,9.5
RF.PSC.01,2026-10-05 22:15,0.0,0.0,0.0,0.0,0.0,0.0
RF.PSC.03,2026-10-05 22:15,0.0,0.0,0.0,0.0,0.0,0.0
RF.PSC.04,2026-10-05 22:15,0.0,0.0,0.0,0.0,0.0,0.0
RF.PSC.05,2026-10-05 22:15,0.0,0.0,0.0,0.0,0.0,0.0
RF.PTW.01,2026-10-05 22:15,0.0,0.0,0.0,0.0,0.0,0.0
RF.PTW.02,2026-10-05 22:15,0.0,0.0,0.0,0.0,11.5,11.5
RF.PWT.02,2026-10-05 22:15,0.0,0.0,0.0,0.0,0.0,0.0
RF.PWT.03,2026-10-05 22:15,0.0,0.0,0.0,0.0,0.0,0.0
RF.PYT.01,2026-10-05 22:15,0.0,0.0,0.0,0.0,3.5,3.5
RF.RBN.01,2026-10-05 22:15,0.0,0.0,0.0,0.0,0.0,0.0
RF.RBN.02,2026-10-05 22:15,0.0,0.0,0.0,0.0,1.0,1.0
RF.RTW.01,2026-10-05 22:15,0.0,0.0,0.0,0.0,11.5,11.5
RF.RTW.03,2026-10-05 22:15,0.0,0.0,0.0,0.0,11.0,11.0
RF.SLG.01,2026-10-05 22:15,0.0,0.0,0.0,0.0,3.0,3.0
RF.SLG.02,2026-10-05 22:15,0.0,0.0,0.0,0.5,2.5,2.5
RF.SMI.01,2026-10-05 22:15,0.0,0.0,0.0,0.0,0.0,0.0
RF.SMI.02,2026-10-05 22:15,0.0,0.0,0.0,0.0,28.5,28.5
RF.SMI.03,2026-10-05 22:15,0.0,0.0,0.0,0.0,0.0,0.0
RF.SMI.04,2026-10-05 22:15,0.0,0.0,0.0,0.0,42.5,42.5
RF.SPK.01,2026-10-05 22:15,0.0,0.0,0.0,0.0,0.0,0.0
RF.SPS.02,2026-10-05 22:15,0.0,0.0,0.0,0.0,0.0,0.5
RF.SPW.01,2026-10-05 22:15,0.0,0.0,0.0,0.0,0.5,0.5
RF.STN.01,2026-10-05 22:15,0.0,0.0,0.0,0.0,8.5,8.5
RF.STN.02,2026-10-05 22:15,0.0,0.0,0.0,0.0,0.5,0.5
RF.TBR.01,2026-10-05 22:15,0.0,0.0,0.0,0.0,0.0,0.0
RF.TBR.03,2026-10-05 22:15,0.0,0.0,0.0,0.0,0.0,0.0
RF.TKU.01,2026-10-05 22:15,0.0,0.0,0.0,0.0,0.0,0.0
RF.TKU.02,2026-10-05 22:15,0.0,0.0,0.0,0.0,0.0,0.0
RF.TLC.01,2026-10-05 22:15,0.0,0.0,0.0,0.0,0.0,0.0
RF.TLC.02,2026-10-05 22:15,0.0,0.0,0.0,0.0,0.0,0.0
RF.TLC.03,2026-10-05 22:15,0.0,0.0,0.0,0.0,0.5,0.5
RF.TWW.01,2026-10-05 22:15,0.0,0.0,0.0,0.0,0.0,0.0
RF.TWW.02,2026-10-05 22:15,0.0,0.0,0.0,0.0,0.0,0.0
RF.TWW.03,2026-10-05 22:15,0.0,0.0,0.0,0.0,0.0,0.0
RF.TWW.04,2026-10-05 22:15,0.0,0.0,0.0,0.0,0.0,0.0
RF.WTL.01,2026-10-05 22:15,0.0,0.0,0.0,0.0,0.0,0.0
RF.WTL.02,2026-10-05 22:15,0.0,0.0,0.0,0.0,1.5,1.5
RF.WTL.03,2026-10-05 22:15,0.0,0.0,0.0,0.0,0.0,0.0
RF.WTN.02,2026-10-05 22:15,0.0,0.0,0.0,0.0,0.5,0.5
RF.YNW.01,2026-10-05 22:15,0.0,0.0,0.0,0.0,19.0,19.0
RF.YNW.02,2026-10-05 22:15,0.0,0.0,0.0,0.0,11.0,11.0
RF.YNW.03,2026-10-05 22:15,0.0,0.0,0.0,0.0,4.5,4.5
RF.BRK.01,2026-10-05 23:10,0.0,0.0,0.0,0.0,4.5,4.5
RF.PNK.01,2026-10-05 23:10,0.0,0.0,0.0,0.0,1.0,1.0
RF.SPS.01,2026-10-05 23:10,0.0,0.0,0.0,0.0,0.0,0.0
RF.BBN.01,2026-10-05 23:15,0.0,0.0,0.0,0.0,0.0,0.0
RF.BBN.02,2026-10-05 23:15,0.0,0.0,0.0,0.0,0.0,0.0
RF.BKA.01,2026-10-05 23:15,0.0,0.0,0.0,0.0,14.5,14.5
RF.BKA.02,2026-10-05 23:15,0.0,0.0,0.0,0.0,44.0,44.0
RF.BKE.01,2026-10-05 23:15,0.0,0.0,0.0,0.0,0.0,0.5
RF.BKE.02,2026-10-05 23:15,0.0,0.0,0.0,0.0,0.0,0.0
RF.BKE.03,2026-10-05 23:15,0.0,0.0,0.0,0.0,0.0,0.0
RF.BKE.04,2026-10-05 23:15,0.0,0.0,0.0,0.0,0.0,0.0
RF.BKL.02,2026-10-05 23:15,0.0,0.0,0.0,0.0,8.5,8.5
RF.BKM.01,2026-10-05 23:15,0.0,0.0,0.0,0.0,0.0,0.0
RF.BKN.01,2026-10-05 23:15,0.0,0.0,0.0,0.0,0.0,0.0
RF.BKN.02,2026-10-05 23:15,0.0,0.0,0.0,0.0,0.0,0.5
RF.BKP.02,2026-10-05 23:15,0.0,0.0,0.0,0.0,0.0,0.0
RF.BKT.01,2026-10-05 23:15,0.0,0.0,0.0,0.0,0.0,0.0
RF.BKT.02,2026-10-05 23:15,0.0,0.0,0.0,0.0,0.0,0.0
RF.BKT.03,2026-10-05 23:15,0.0,0.0,0.0,0.0,0.0,0.0
RF.BKT.04,2026-10-05 23:15,0.0,0.0,0.0,0.0,0.0,0.0
RF.BKT.05,2026-10-05 23:15,0.0,0.0,0.0,0.0,0.0,0.0
RF.BKY.01,2026-10-05 23:15,0.0,0.0,0.0,0.0,0.0,0.0
RF.BKY.02,2026-10-05 23:15,0.0,0.0,0.0,0.0,0.0,0.0
RF.BNA.01,2026-10-05 23:15,0.0,0.0,0.0,0.5,2.0,2.0
RF.BNA.02,2026-10-05 23:15,0.0,0.0,0.0,0.0,0.5,0.5
RF.BNA.03,2026-10-05 23:15,0.0,0.0,0.0,0.0,0.0,0.0
RF.BPD.01,2026-10-05 23:15,0.0,0.0,0.0,0.0,0.0,0.0
RF.BRK.02,2026-10-05 23:15,0.0,0.0,0.0,0.0,0.0,0.0
RF.BSU.01,2026-10-05 23:15,0.0,0.0,0.0,0.0,0.0,0.0
RF.BSU.02,2026-10-05 23:15,0.0,0.0,0.0,0.0,0.0,0.0
RF.BSU.03,2026-10-05 23:15,0.0,0.0,0.0,0.0,0.0,0.0
RF.CTC.01,2026-10-05 23:15,0.0,0.0,0.0,0.0,1.0,1.0
RF.CTC.02,2026-10-05 23:15,0.0,0.0,0.0,0.0,0.5,0.5
RF.CTC.03,2026-10-05 23:15,0.0,0.0,0.0,0.0,0.5,0.5
RF.DDG.02,2026-10-05 23:15,0.0,0.0,0.0,0.0,3.0,3.0
RF.DST.01,2026-10-05 23:15,0.0,0.0,0.0,0.0,3.5,3.5
RF.DST.02,2026-10-05 23:15,0.0,0.0,0.0,0.0,3.5,3.5
RF.HKG.01,2026-10-05 23:15,0.0,0.0,0.0,0.0,0.0,0.0
RF.HKG.02,2026-10-05 23:15,0.0,0.0,0.0,0.0,0.0,0.0
RF.JTG.01,2026-10-05 23:15,0.0,0.0,0.0,0.0,0.0,0.0
RF.JTG.02,2026-10-05 23:15,0.0,0.0,0.0,0.0,0.0,0.0
RF.JTG.03,2026-10-05 23:15,0.0,0.0,0.0,0.0,0.0,0.0
RF.KNY.02,2026-10-05 23:15,0.0,0.0,0.0,0.0,2.0,2.0
RF.KSN.01,2026-10-05 23:15,0.0,0.0,0.0,0.0,0.0,0.0
RF.KSN.02,2026-10-05 23:15,0.0,0.0,0.0,0.0,0.0,0.0
RF.KSW.01,2026-10-05 23:15,0.0,0.0,0.0,0.0,0.0,0.0
RF.KSW.02,2026-10-05 23:15,0.0,0.0,0.0,0.0,0.0,0.0
RF.KTY.01,2026-10-05 23:15,0.0,0.0,0.0,2.0,17.0,17.0
RF.KTY.02,2026-10-05 23:15,0.0,0.0,0.0,0.0,10.0,10.0
RF.KTY.03,2026-10-05 23:15,0.0,0.0,0.0,0.0,9.5,9.5
RF.KTY.04,2026-10-05 23:15,0.0,0.0,0.0,2.0,10.0,10.5
RF.KTY.05,2026-10-05 23:15,0.0,0.0,0.0,0.0,18.0,18.0
RF.LKB.02,2026-10-05 23:15,0.0,0.0,0.0,0.0,0.0,0.0
RF.LKB.04,2026-10-05 23:15,0.0,0.0,0.0,21.0,21.0,31.5
RF.LPW.01,2026-10-05 23:15,0.0,0.0,0.0,0.0,0.0,0.0
RF.LSI.01,2026-10-05 23:15,0.0,0.0,0.0,0.0,13.0,13.0
RF.LSI.03,2026-10-05 23:15,0.0,0.0,0.0,0.0,15.0,15.0
RF.MBR.01,2026-10-05 23:15,0.0,0.0,0.0,0.0,0.0,0.0
RF.MBR.02,2026-10-05 23:15,0.0,0.0,0.0,0.0,0.0,0.0
RF.MBR.03,2026-10-05 23:15,0.0,0.0,0.0,0.0,0.0,0.0
RF.MBR.05,2026-10-05 23:15,0.0,0.0,0.0,0.0,0.0,0.0
RF.NJK.01,2026-10-05 23:15,0.0,0.0,0.0,0.0,0.0,0.0
RF.NJK.02,2026-10-05 23:15,0.0,0.0,0.0,0.0,0.0,0.0
RF.NJK.03,2026-10-05 23:15,0.0,0.0,0.0,0.0,0.0,0.0
RF.NJK.04,2026-10-05 23:15,0.0,0.0,0.0,0.0,0.0,0.0
RF.NJK.05,2026-10-05 23:15,0.0,0.0,0.0,0.0,0.0,0.0
RF.NJK.06,2026-10-05 23:15,0.0,0.0,0.0,0.0,0.0,0.0
RF.NJK.07,2026-10-05 23:15,0.0,0.0,0.5,2.5,2.5,2.5
RF.NKM.01,2026-10-05 23:15,0.0,0.0,0.0,0.0,0.0,0.0
RF.NKM.02,2026-10-05 23:15,0.0,0.0,0.0,0.0,0.0,0.0
RF.PKN.01,2026-10-05 23:15,0.0,0.0,0.0,0.5,18.0,18.0
RF.PKN.02,2026-10-05 23:15,0.0,0.0,0.0,2.0,7.5,7.5
RF.PKN.03,2026-10-05 23:15,0.0,0.0,0.0,0.5,3.0,3.0
RF.PKN.04,2026-10-05 23:15,0.0,0.0,0.0,1.5,5.0,5.0
RF.PNK.02,2026-10-05 23:15,0.0,0.0,0.0,0.0,8.0,8.0
RF.PNK.03,2026-10-05 23:15,0.0,0.0,0.0,0.0,0.0,0.0
RF.PPS.01,2026-10-05 23:15,0.0,0.0,0.0,0.0,9.5,9.5
RF.PSC.01,2026-10-05 23:15,0.0,0.0,0.0,0.0,0.0,0.0
RF.PSC.03,2026-10-05 23:15,0.0,0.0,0.0,0.0,0.0,0.0
RF.PSC.04,2026-10-05 23:15,0.0,0.0,0.0,0.0,0.0,0.0
RF.PSC.05,2026-10-05 23:15,0.0,0.0,0.0,0.0,0.0,0.0
RF.PTW.01,2026-10-05 23:15,0.0,0.0,0.0,0.0,0.0,0.0
RF.PTW.02,2026-10-05 23:15,0.0,0.0,0.0,0.0,11.5,11.5
RF.PWT.02,2026-10-05 23:15,0.0,0.0,0.0,0.0,0.0,0.0
RF.PWT.03,2026-10-05 23:15,0.0,0.0,0.0,0.0,0.0,0.0
RF.PYT.01,2026-10-05 23:15,0.0,0.0,0.0,0.0,3.5,3.5
RF.RBN.01,2026-10-05 23:15,0.0,0.0,0.0,0.0,0.0,0.0
RF.RBN.02,2026-10-05 23:15,0.0,0.0,0.0,0.0,1.0,1.0
RF.RTW.01,2026-10-05 23:15,0.0,0.0,0.0,0.0,11.5,11.5
RF.RTW.03,2026-10-05 23:15,0.0,0.0,0.0,0.0,11.0,11.0
RF.SLG.01,2026-10-05 23:15,0.0,0.0,0.0,0.0,3.0,3.0
RF.SLG.02,2026-10-05 23:15,0.0,0.0,0.0,0.0,2.5,2.5
RF.SMI.01,2026-10-05 23:15,0.0,0.0,0.0,0.0,0.0,0.0
RF.SMI.02,2026-10-05 23:15,0.0,0.0,0.0,0.0,28.5,28.5
RF.SMI.03,2026-10-05 23:15,0.0,0.0,0.0,0.0,0.0,0.0
RF.SMI.04,2026-10-05 23:15,0.0,0.0,0.0,0.0,42.5,42.5
RF.SPK.01,2026-10-05 23:15,0.0,0.0,0.0,0.0,0.0,0.0
RF.SPS.02,2026-10-05 23:15,0.0,0.0,0.0,0.0,0.0,0.5
RF.SPW.01,2026-10-05 23:15,0.0,0.0,0.0,0.0,0.5,0.5
RF.STN.01,2026-10-05 23:15,0.0,0.0,0.0,0.0,8.5,8.5
RF.STN.02,2026-10-05 23:15,0.0,0.0,0.0,0.0,0.5,0.5
RF.TBR.01,2026-10-05 23:15,0.0,0.0,0.0,0.0,0.0,0.0
RF.TBR.02,2026-10-05 23:15,0.0,0.0,0.0,0.0,0.5,0.5
RF.TBR.03,2026-10-05 23:15,0.0,0.0,0.0,0.0,0.0,0.0
RF.TKU.01,2026-10-05 23:15,0.0,0.0,0.0,0.0,0.0,0.0
RF.TKU.02,2026-10-05 23:15,0.0,0.0,0.0,0.0,0.0,0.0
RF.TLC.01,2026-10-05 23:15,0.0,0.0,0.0,0.0,0.0,0.0
RF.TLC.02,2026-10-05 23:15,0.0,0.0,0.0,0.0,0.0,0.0
RF.TLC.03,2026-10-05 23:15,0.0,0.0,0.0,0.0,0.0,0.5
RF.TWW.01,2026-10-05 23:15,0.0,0.0,0.0,0.0,0.0,0.0
RF.TWW.02,2026-10-05 23:15,0.0,0.0,0.0,0.0,0.0,0.0
RF.TWW.03,2026-10-05 23:15,0.0,0.0,0.0,0.0,0.0,0.0
RF.TWW.04,2026-10-05 23:15,0.0,0.0,0.0,0.0,0.0,0.0
RF.WTL.01,2026-10-05 23:15,0.0,0.0,0.0,0.0,0.0,0.0
RF.WTL.02,2026-10-05 23:15,0.0,0.0,0.0,0.0,1.5,1.5
RF.WTL.03,2026-10-05 23:15,0.0,0.0,0.0,0.0,0.0,0.0
RF.WTN.02,2026-10-05 23:15,0.0,0.0,0.0,0.0,0.5,0.5
RF.YNW.01,2026-10-05 23:15,0.0,0.0,0.0,0.0,19.0,19.0
RF.YNW.02,2026-10-05 23:15,0.0,0.0,0.0,0.0,11.0,11.0
RF.YNW.03,2026-10-05 23:15,0.0,0.0,0.0,0.0,4.5,4.5
