ticket,state,reported,last_activity,lon,lat,district,subdistrict,description,photo_url
2026-7VC3ET,start,2026-10-09 00:10,2026-10-09 00:10,100.65651,13.77279,บึงกุ่ม,คลองกุ่ม,สวัสดีค่ะ ขอแจ้งเรื่องปัญหาน้ำท่วมขังภายในซอยเสรีไทย 2 ทำให้ไม่สามารถเดินทางออกไปด้านนอกได้ เป็นเวลา 1 อาทิตย์กว่าแล้วค่ะ รบกวนช่วยเข้ามาดูหน่อยค่ะ ความสูงระดับประมาณต้นขาค่ะ น้ำท่วมมาแล้วตั้งแต่วันที่ 26 กันยายนค่ะ,https://storage.googleapis.com/traffy_public_bucket/attachment/2026-10/7191c5d3dc7c90428a1313deaff01d84.jpeg
2026-7VC3ET,inprogress,2026-10-09 00:10,2026-10-09 09:28,100.65651,13.77279,บึงกุ่ม,คลองกุ่ม,สวัสดีค่ะ ขอแจ้งเรื่องปัญหาน้ำท่วมขังภายในซอยเสรีไทย 2 ทำให้ไม่สามารถเดินทางออกไปด้านนอกได้ เป็นเวลา 1 อาทิตย์กว่าแล้วค่ะ รบกวนช่วยเข้ามาดูหน่อยค่ะ ความสูงระดับประมาณต้นขาค่ะ น้ำท่วมมาแล้วตั้งแต่วันที่ 26 กันยายนค่ะ,https://storage.googleapis.com/traffy_public_bucket/attachment/2026-10/7191c5d3dc7c90428a1313deaff01d84.jpeg
2026-TF7PR6,start,2026-10-09 00:27,2026-10-09 00:27,100.61156,13.83998,ลาดพร้าว,จรเข้บัว,น้ำท่วมบ้านเลขที่61/144และ61/145 ตั้งแต่วันที่วันที่25 ท่วมระดับรถบรรทุกเล็กและ รถเล็กวิ่งไม่ได้ ความสูงระดับสูงกว่าหัวเข่า ท่วมมาแล้วตั้งแต่25 กันยายนถึง29 กันยายน 2569 ความสูงระดับสูงกว่าหัวเข่า น้ำท่วมมาแล้วตั้งแต่25กันยายนถึง29กันยายน2569,https://storage.googleapis.com/traffy_public_bucket/attachment/2026-10/bd80797e6b2ddf6801b0b0583cc531f5.jpeg
2026-TF7PR6,inprogress,2026-10-09 00:27,2026-10-09 09:44,100.61156,13.83998,ลาดพร้าว,จรเข้บัว,น้ำท่วมบ้านเลขที่61/144และ61/145 ตั้งแต่วันที่วันที่25 ท่วมระดับรถบรรทุกเล็กและ รถเล็กวิ่งไม่ได้ ความสูงระดับสูงกว่าหัวเข่า ท่วมมาแล้วตั้งแต่25 กันยายนถึง29 กันยายน 2569 ความสูงระดับสูงกว่าหัวเข่า น้ำท่วมมาแล้วตั้งแต่25กันยายนถึง29กันยายน2569,https://storage.googleapis.com/traffy_public_bucket/attachment/2026-10/bd80797e6b2ddf6801b0b0583cc531f5.jpeg
2026-TF7PR6,finish,2026-10-09 00:27,2026-10-10 09:46,100.61156,13.83998,ลาดพร้าว,จรเข้บัว,น้ำท่วมบ้านเลขที่61/144และ61/145 ตั้งแต่วันที่วันที่25 ท่วมระดับรถบรรทุกเล็กและ รถเล็กวิ่งไม่ได้ ความสูงระดับสูงกว่าหัวเข่า ท่วมมาแล้วตั้งแต่25 กันยายนถึง29 กันยายน 2569 ความสูงระดับสูงกว่าหัวเข่า น้ำท่วมมาแล้วตั้งแต่25กันยายนถึง29กันยายน2569,https://storage.googleapis.com/traffy_public_bucket/attachment/2026-10/bd80797e6b2ddf6801b0b0583cc531f5.jpeg
2026-LFCWTP,start,2026-10-09 05:35,2026-10-09 05:35,100.73664,13.76324,ลาดกระบัง,คลองสองต้นนุ่น,แผ่นฝ้า/หลังคาบริเวณห้องน้ำ หลุดออกจากแนวโครงสร้าง #ขอกระสอบทราย/อื่นๆ,https://storage.googleapis.com/traffy_public_bucket/attachment/2026-10/5c1d4b8cc92d0f83f765d4fdaf71444e.jpeg
2026-EWXYVT,start,2026-10-09 06:57,2026-10-09 06:57,100.88472,13.85313,หนองจอก,หนองจอก,แจ้งเรื่องขอให้ช่วยระบายน้ำไปค่ะ แต่ยังไม่มีหน่วยงานทหรือเจ้าหน้าที่ท่านไหนติดต่อประสานงานมาเลย วันนี้วันที่ 15 แล้วค่ะ เริ่มลำบากกันมากๆ แล้ว น้ำดำ มีกลิ่นเหม็น ไม่มีลดลง มีแต่เพิ่มขึ้น ในซอยมีทารก เด็กเล็ก คนแก่ เด็กๆ ที่ใช้ชีวิตกันลำบากมากๆ ค่ะตอนนี้ ค,https://storage.googleapis.com/traffy_public_bucket/attachment/2026-10/6bbd6cd62b79d9aa16c175be8f7ce233.jpeg
2026-EWXYVT,inprogress,2026-10-09 06:57,2026-10-09 08:00,100.88472,13.85313,หนองจอก,หนองจอก,แจ้งเรื่องขอให้ช่วยระบายน้ำไปค่ะ แต่ยังไม่มีหน่วยงานทหรือเจ้าหน้าที่ท่านไหนติดต่อประสานงานมาเลย วันนี้วันที่ 15 แล้วค่ะ เริ่มลำบากกันมากๆ แล้ว น้ำดำ มีกลิ่นเหม็น ไม่มีลดลง มีแต่เพิ่มขึ้น ในซอยมีทารก เด็กเล็ก คนแก่ เด็กๆ ที่ใช้ชีวิตกันลำบากมากๆ ค่ะตอนนี้ ค,https://storage.googleapis.com/traffy_public_bucket/attachment/2026-10/6bbd6cd62b79d9aa16c175be8f7ce233.jpeg
2026-N6Z9BH,inprogress,2026-10-09 07:36,2026-10-09 08:17,100.72951,13.81259,มีนบุรี,มีนบุรี,น้ำท่วมขัง ความสูงระดับข้อเท้า น้ำท่วมมาแล้วมากกว่า 1 สัปดาห์,https://storage.googleapis.com/traffy_public_bucket/attachment/2026-10/81c09e8245dc7e3aa2162a60fb814568.jpeg
2026-4GGGJM,inprogress,2026-10-09 07:44,2026-10-09 07:59,100.87865,13.85807,หนองจอก,หนองจอก,น้ำท่วม 3 สัปดา ความสูงระดับสูงกว่าเอว น้ำท่วมมาแล้วมากกว่า 1 สัปดาห์,https://storage.googleapis.com/traffy_public_bucket/attachment/2026-10/94913e5ad75f95b6a32b8b1a03ca9f52.jpeg
2026-ZLLAHH,start,2026-10-09 07:44,2026-10-09 08:05,100.78338,13.85383,คลองสามวา,ทรายกองดินใต้,น้ำในบ้านและรอบๆบ้านยังท่วมอยู่เลยค่ะ อยากทราบว่าจะเร่งระบายได้บ้างมั้ยคะ เพราะวันที่ 10-11 ฝนก็จะตกหนักอีก ความสูงระดับหน้าแข้ง น้ำท่วมมาแล้วมากกว่า 1 สัปดาห์,https://storage.googleapis.com/traffy_public_bucket/attachment/2026-10/4a1f4f19597fbe5e4a727afa98951d31.jpeg
2026-ZLLAHH,forward,2026-10-09 07:44,2026-10-09 08:32,100.78338,13.85383,คลองสามวา,ทรายกองดินใต้,น้ำในบ้านและรอบๆบ้านยังท่วมอยู่เลยค่ะ อยากทราบว่าจะเร่งระบายได้บ้างมั้ยคะ เพราะวันที่ 10-11 ฝนก็จะตกหนักอีก ความสูงระดับหน้าแข้ง น้ำท่วมมาแล้วมากกว่า 1 สัปดาห์,https://storage.googleapis.com/traffy_public_bucket/attachment/2026-10/4a1f4f19597fbe5e4a727afa98951d31.jpeg
2026-64WGYY,start,2026-10-09 07:46,2026-10-09 07:46,100.76936,13.76073,ลาดกระบัง,ลำปลาทิว,น้ำท่วมขังเหม็นเน่าหน้าบ้าน 15ซม ตั้งแต่นั้นมา 26 กย,https://storage.googleapis.com/traffy_public_bucket/attachment/2026-10/2255f1a71bc242dae8a78fc4dbc89ba8.jpeg
2026-VUTTEJ,start,2026-10-09 07:46,2026-10-09 07:46,100.68445,13.76771,สะพานสูง,สะพานสูง,น้ำท่วมขังซอย118แยก42-4 ตั้งแต่24/9จนถึงปัจจุบันน้ำยังไม่ลด เริ่มเน่า และถนนเสียหายตลอดทั้งซอย ความสูงระดับปัจจุบันสูงเกือบเข่ารถเล็กท้ายซอยเข้าออกไม่ได้ น้ำท่วมมาแล้วตั้งแต่24/9ถึงปัจจุบันรูปถ่ายณ.ปัจจุบัน9/10,https://storage.googleapis.com/traffy_public_bucket/attachment/2026-10/fc7fe191b7ac5bb98ae8bc6f26eaf69c.jpeg
2026-VUTTEJ,inprogress,2026-10-09 07:46,2026-10-09 11:58,100.68445,13.76771,สะพานสูง,สะพานสูง,น้ำท่วมขังซอย118แยก42-4 ตั้งแต่24/9จนถึงปัจจุบันน้ำยังไม่ลด เริ่มเน่า และถนนเสียหายตลอดทั้งซอย ความสูงระดับปัจจุบันสูงเกือบเข่ารถเล็กท้ายซอยเข้าออกไม่ได้ น้ำท่วมมาแล้วตั้งแต่24/9ถึงปัจจุบันรูปถ่ายณ.ปัจจุบัน9/10,https://storage.googleapis.com/traffy_public_bucket/attachment/2026-10/fc7fe191b7ac5bb98ae8bc6f26eaf69c.jpeg
2026-PBXWC3,start,2026-10-09 07:51,2026-10-09 07:51,100.79734,13.75506,ลาดกระบัง,ลำปลาทิว,ผิวการจราจรช่องซ้ายสุดก่อนเข้านิคมอุตสาหกรรมลาดกระบัง ตรงบริเวณหน้าปั๊มปตทและไอเพลส มีน้ำท่วมขัง ทำให้รถติดสาหัสเลยครับ ทั้งทั้งที่จุดอื่นบนถนน ฉลองกรุงแห้งหมดแล้ว ความสูงระดับข้อเท้า น้ำท่วมมาแล้วมากกว่า 1 สัปดาห์,https://storage.googleapis.com/traffy_public_bucket/attachment/2026-10/c84ab43035e58bb08c976b4871c44b11.jpeg
2026-PBXWC3,forward,2026-10-09 07:51,2026-10-09 09:52,100.79734,13.75506,ลาดกระบัง,ลำปลาทิว,ผิวการจราจรช่องซ้ายสุดก่อนเข้านิคมอุตสาหกรรมลาดกระบัง ตรงบริเวณหน้าปั๊มปตทและไอเพลส มีน้ำท่วมขัง ทำให้รถติดสาหัสเลยครับ ทั้งทั้งที่จุดอื่นบนถนน ฉลองกรุงแห้งหมดแล้ว ความสูงระดับข้อเท้า น้ำท่วมมาแล้วมากกว่า 1 สัปดาห์,https://storage.googleapis.com/traffy_public_bucket/attachment/2026-10/c84ab43035e58bb08c976b4871c44b11.jpeg
2026-7L6WRC,start,2026-10-09 07:55,2026-10-09 07:55,100.67168,13.88961,สายไหม,ออเงิน,ต้องการขอกระสอบทรายเพื่อป้องกันน้ำเข้าบ้านเนื่องจากบ้านอยู่ติดริมคลองขณะนี้น้ำยังปริ่มของ #ขอกระสอบทราย/อื่นๆ,https://storage.googleapis.com/traffy_public_bucket/attachment/2026-10/7333a7b6c334b310f2a50a3ce8f93359.jpeg
2026-7L6WRC,irrelevant,2026-10-09 07:55,2026-10-09 12:04,100.67168,13.88961,สายไหม,ออเงิน,ไม่แสดงรายละเอียด,https://storage.googleapis.com/traffy_public_bucket/TeamChadChart/fondue_photo.png
2026-47CKKR,start,2026-10-09 08:32,2026-10-09 08:32,100.70911,13.78392,สะพานสูง,สะพานสูง,น้ำท่วมซอย54ในหมู่บ้านเคหะธานี4 หนักกว่าเมื่อวานเย็น น้ำกลับมาเพิ่มสูงขึ้นอีกแล้ว ความสูงระดับ35ซ.ม น้ำท่วมมาแล้ว15วันแล้ว,https://storage.googleapis.com/traffy_public_bucket/attachment/2026-10/cda6bbe7a926ed4cdebc273154f1b580.jpeg
2026-47CKKR,inprogress,2026-10-09 08:32,2026-10-09 11:59,100.70911,13.78392,สะพานสูง,สะพานสูง,น้ำท่วมซอย54ในหมู่บ้านเคหะธานี4 หนักกว่าเมื่อวานเย็น น้ำกลับมาเพิ่มสูงขึ้นอีกแล้ว ความสูงระดับ35ซ.ม น้ำท่วมมาแล้ว15วันแล้ว,https://storage.googleapis.com/traffy_public_bucket/attachment/2026-10/cda6bbe7a926ed4cdebc273154f1b580.jpeg
2026-G48GTU,start,2026-10-09 08:36,2026-10-09 08:36,100.69291,13.73794,สะพานสูง,สะพานสูง,มีน้ำท่วมตั้งแต่วันที่ 26 ค่ะถึงตอนนี้น้ำเน่าเสีย+มีปลิงค่ะ หัวเข่าค่ะ 2อาทิดีค่ะ,https://storage.googleapis.com/traffy_public_bucket/attachment/2026-10/e2353e068051fbf9518246ca5296d817.jpeg
2026-G48GTU,inprogress,2026-10-09 08:36,2026-10-09 12:00,100.69291,13.73794,สะพานสูง,สะพานสูง,มีน้ำท่วมตั้งแต่วันที่ 26 ค่ะถึงตอนนี้น้ำเน่าเสีย+มีปลิงค่ะ หัวเข่าค่ะ 2อาทิดีค่ะ,https://storage.googleapis.com/traffy_public_bucket/attachment/2026-10/e2353e068051fbf9518246ca5296d817.jpeg
2026-K6F9J7,start,2026-10-09 08:38,2026-10-09 08:38,100.68187,13.77054,สะพานสูง,สะพานสูง,น้ำท่วมขังบริเวณหน้าบ้านเนื่องจากท่อน้ำตันเพราะดินเข้าไปอยู่ในน้ำเต็มไปหมด ทั้งซอยไม่มีน้ำท่วมแล้วท่วมเฉพาะหน้าบ้านเท่านั้น หน้าบ้านเลขที่ 58 / 236 และ 58 / 237 รวมทั้งมัสยิดอัลกอยยุม รบกวนมาลอกท่อให้หน่อยได้ไหมคะ ช่วงที่น้ำท่วมหนักบริเวณนี้น้ำท่วมสูงกว่า,https://storage.googleapis.com/traffy_public_bucket/attachment/2026-10/1393bf4368edad1290e56d255f953612.jpeg
2026-K6F9J7,inprogress,2026-10-09 08:38,2026-10-09 12:00,100.68187,13.77054,สะพานสูง,สะพานสูง,น้ำท่วมขังบริเวณหน้าบ้านเนื่องจากท่อน้ำตันเพราะดินเข้าไปอยู่ในน้ำเต็มไปหมด ทั้งซอยไม่มีน้ำท่วมแล้วท่วมเฉพาะหน้าบ้านเท่านั้น หน้าบ้านเลขที่ 58 / 236 และ 58 / 237 รวมทั้งมัสยิดอัลกอยยุม รบกวนมาลอกท่อให้หน่อยได้ไหมคะ ช่วงที่น้ำท่วมหนักบริเวณนี้น้ำท่วมสูงกว่า,https://storage.googleapis.com/traffy_public_bucket/attachment/2026-10/1393bf4368edad1290e56d255f953612.jpeg
2026-688XTG,start,2026-10-09 08:56,2026-10-09 08:56,100.82383,13.71984,ลาดกระบัง,ทับยาว,ลงทะเบียนขอความช่วยเหลืออย่างไรคะ เลยหัวเข่า 12วัน,https://storage.googleapis.com/traffy_public_bucket/attachment/2026-10/04352a70f62907cf600955291c279dac.jpeg
2026-W2NR2B,start,2026-10-09 08:57,2026-10-09 08:57,100.69985,13.77909,สะพานสูง,สะพานสูง,น้ำขังหน้าบ้านคุณแม่นานมากๆ ไม่ค่อยลดเลย ใช้เครื่องสูบน้ำช่วยสูบออกไปได้ไหมคะ ความสูงระดับหัวเข่า น้ำท่วมมาแล้วมากกว่า 1 สัปดาห์,https://storage.googleapis.com/traffy_public_bucket/attachment/2026-10/thumb_e12cf97833076da6d1aca033261e4fdb.jpg
2026-W2NR2B,inprogress,2026-10-09 08:57,2026-10-09 12:01,100.69985,13.77909,สะพานสูง,สะพานสูง,น้ำขังหน้าบ้านคุณแม่นานมากๆ ไม่ค่อยลดเลย ใช้เครื่องสูบน้ำช่วยสูบออกไปได้ไหมคะ ความสูงระดับหัวเข่า น้ำท่วมมาแล้วมากกว่า 1 สัปดาห์,https://storage.googleapis.com/traffy_public_bucket/attachment/2026-10/thumb_e12cf97833076da6d1aca033261e4fdb.jpg
2026-A8CZHE,inprogress,2026-10-09 09:21,2026-10-09 10:07,100.56049,13.85218,จตุจักร,ลาดยาว,มีน้ำขังในซอยคาดว่าเกิดจากท่อระบายน้ำแตก ความสูงระดับข้อเท้า น้ำท่วมมาแล้วน้อยกว่า 1 วัน,https://storage.googleapis.com/traffy_public_bucket/attachment/2026-10/9cdb25291600e0a49e1fa4d2b6be0f15.jpeg
2026-A8CZHE,forward,2026-10-09 09:21,2026-10-09 12:10,100.56049,13.85218,จตุจักร,ลาดยาว,มีน้ำขังในซอยคาดว่าเกิดจากท่อระบายน้ำแตก ความสูงระดับข้อเท้า น้ำท่วมมาแล้วน้อยกว่า 1 วัน,https://storage.googleapis.com/traffy_public_bucket/attachment/2026-10/9cdb25291600e0a49e1fa4d2b6be0f15.jpeg
2026-HYL46F,start,2026-10-09 09:38,2026-10-09 09:38,100.69324,13.73863,สะพานสูง,สะพานสูง,ซอยกรุงเทพกรีฑา30(ตลาดวินดำ) +กรุงเทพกรีฑา28 น้ำท่วมมาแล้วตั้งแต่เช้าวันที่25/9/69 จนถึงวันนี้ 9/10/69 เป็นเวลา15วันแล้ว ที่พักโดนล้อมรอบด้วยน้ำ รถไม่สามารถเข้าออกได้ ต้องเดินลุยน้ำเพื่อออกไปทำงานทุกวัน น้ำมีการเน่าเสียและขยะ แจ้งเรื่องไปเมื่อวันที่6/10/6,https://storage.googleapis.com/traffy_public_bucket/attachment/2026-10/e0f16ba9f509f1d2897c41c85444867a.jpeg
2026-HYL46F,inprogress,2026-10-09 09:38,2026-10-09 12:10,100.69324,13.73863,สะพานสูง,สะพานสูง,ซอยกรุงเทพกรีฑา30(ตลาดวินดำ) +กรุงเทพกรีฑา28 น้ำท่วมมาแล้วตั้งแต่เช้าวันที่25/9/69 จนถึงวันนี้ 9/10/69 เป็นเวลา15วันแล้ว ที่พักโดนล้อมรอบด้วยน้ำ รถไม่สามารถเข้าออกได้ ต้องเดินลุยน้ำเพื่อออกไปทำงานทุกวัน น้ำมีการเน่าเสียและขยะ แจ้งเรื่องไปเมื่อวันที่6/10/6,https://storage.googleapis.com/traffy_public_bucket/attachment/2026-10/e0f16ba9f509f1d2897c41c85444867a.jpeg
2026-VT9PUB,forward,2026-10-09 09:46,2026-10-09 09:50,100.77422,13.72188,ลาดกระบัง,ลาดกระบัง,น้ำที่อื่นแห้งหมดแล้ว น้ำตรงถนนลาดกระบังยังไม่แห้ง สัญจรลำบาก จะไม่ทำอะไรกันสักอย่างเลยเหรอ ปล่อยให้ระเหยเองหรือไง ความสูงระดับหน้าแข้ง น้ำท่วมมาแล้วมากกว่า 1 สัปดาห์,https://storage.googleapis.com/traffy_public_bucket/attachment/2026-10/a0caf797c28dce3aaad78d1651e47f1a.jpeg
2026-A7ERAU,inprogress,2026-10-09 09:48,2026-10-09 10:05,100.56042,13.85217,จตุจักร,ลาดยาว,ท่อระบายน้ำแตก มีน้ำท่วมขังระดับข้อเท้าในซอย ความสูงระดับข้อเท้า น้ำท่วมมาแล้วน้อยกว่า 1 วัน,https://storage.googleapis.com/traffy_public_bucket/attachment/2026-10/966d849af24497d808f0497758784b47.jpeg
2026-A7ERAU,forward,2026-10-09 09:48,2026-10-09 12:52,100.56042,13.85217,จตุจักร,ลาดยาว,ท่อระบายน้ำแตก มีน้ำท่วมขังระดับข้อเท้าในซอย ความสูงระดับข้อเท้า น้ำท่วมมาแล้วน้อยกว่า 1 วัน,https://storage.googleapis.com/traffy_public_bucket/attachment/2026-10/966d849af24497d808f0497758784b47.jpeg
2026-7DM87G,start,2026-10-09 09:53,2026-10-09 09:53,100.89475,13.88366,หนองจอก,หนองจอก,น้ำท่วมเข้าบ้าน รอบบ้าน มาแล้ว 2สัปดา และน้ำสูงขึ้น ความสูงระดับหัวเข่า น้ำท่วมมาแล้วมากกว่า 1 สัปดาห์,https://storage.googleapis.com/traffy_public_bucket/attachment/2026-10/082ebde4e894716d97b81c0698d90dcd.jpeg
2026-7DM87G,inprogress,2026-10-09 09:53,2026-10-09 10:40,100.89475,13.88366,หนองจอก,หนองจอก,น้ำท่วมเข้าบ้าน รอบบ้าน มาแล้ว 2สัปดา และน้ำสูงขึ้น ความสูงระดับหัวเข่า น้ำท่วมมาแล้วมากกว่า 1 สัปดาห์,https://storage.googleapis.com/traffy_public_bucket/attachment/2026-10/082ebde4e894716d97b81c0698d90dcd.jpeg
2026-28Z6EY,start,2026-10-09 09:54,2026-10-09 09:54,100.69692,13.6679,ประเวศ,ดอกไม้,น้ำท่วมขังเกือบเดือนแล้ว ส่งกลิ่นเหม็นมาก อยากให้มากลอกท่อหน่อยจ้า น่าจะมีเศษหินเศษปูนลงอุดตัน เพราะระแวงนี้ก่อสร้างบ่อย ความสูงระดับข้อเท้า น้ำท่วมมาแล้วมากกว่า 1 สัปดาห์,https://storage.googleapis.com/traffy_public_bucket/attachment/2026-10/306daf89357bf8e68de1e650761b1a59.jpeg
2026-28Z6EY,inprogress,2026-10-09 09:54,2026-10-09 14:09,100.69692,13.6679,ประเวศ,ดอกไม้,น้ำท่วมขังเกือบเดือนแล้ว ส่งกลิ่นเหม็นมาก อยากให้มากลอกท่อหน่อยจ้า น่าจะมีเศษหินเศษปูนลงอุดตัน เพราะระแวงนี้ก่อสร้างบ่อย ความสูงระดับข้อเท้า น้ำท่วมมาแล้วมากกว่า 1 สัปดาห์,https://storage.googleapis.com/traffy_public_bucket/attachment/2026-10/306daf89357bf8e68de1e650761b1a59.jpeg
2026-8GFLYL,start,2026-10-09 10:08,2026-10-09 10:08,100.67383,13.67701,ประเวศ,ดอกไม้,ต้องการท่อระบายน้ำ เนื่องจากท้ายหมู่บ้านถมถนน ทำให้ที่ตรงนี้เป็นหลุมน้ำขังเน่าเสีย ไม่มีทางระบายน้ำออก ฝนตกน้ำจากที่อื่นก็ไหลมารวมตรงนี้ ความสูงระดับข้อเท้า น้ำท่วมมาแล้วมากกว่า 1 สัปดาห์,https://storage.googleapis.com/traffy_public_bucket/attachment/2026-10/d845ddc2e3af400abf202e2f606ca586.jpeg
2026-8GFLYL,inprogress,2026-10-09 10:08,2026-10-09 14:00,100.67383,13.67701,ประเวศ,ดอกไม้,ต้องการท่อระบายน้ำ เนื่องจากท้ายหมู่บ้านถมถนน ทำให้ที่ตรงนี้เป็นหลุมน้ำขังเน่าเสีย ไม่มีทางระบายน้ำออก ฝนตกน้ำจากที่อื่นก็ไหลมารวมตรงนี้ ความสูงระดับข้อเท้า น้ำท่วมมาแล้วมากกว่า 1 สัปดาห์,https://storage.googleapis.com/traffy_public_bucket/attachment/2026-10/d845ddc2e3af400abf202e2f606ca586.jpeg
2026-CP3BB7,start,2026-10-09 10:12,2026-10-09 10:12,100.62769,13.77181,วังทองหลาง,พลับพลา,ขอเจ้าหน้าที่มาช่วยยกของขึ้นที่สูง เนื่องจากฝนจะตกหนักในวันที่ 10 ต.ต. 2569 #ขอกระสอบทราย/อื่นๆ,https://storage.googleapis.com/traffy_public_bucket/attachment/2026-10/509b3a273581e5a318693beba8b8ce9c.jpeg
2026-CP3BB7,irrelevant,2026-10-09 10:12,2026-10-09 10:42,100.62769,13.77181,วังทองหลาง,พลับพลา,ไม่แสดงรายละเอียด,https://storage.googleapis.com/traffy_public_bucket/TeamChadChart/fondue_photo.png
2026-JDHU36,start,2026-10-09 10:29,2026-10-09 10:29,100.64554,13.85046,บางเขน,ท่าแร้ง,แอร์/เครื่องซักผ้าแช่น้ำ ความสูงระดับหน้าแข้ง น้ำท่วมมาแล้วน้อยกว่า 1 สัปดาห์,https://storage.googleapis.com/traffy_public_bucket/attachment/2026-10/b991121fc85217601fccd6399affaa44.jpeg
2026-JDHU36,finish,2026-10-09 10:29,2026-10-09 16:08,100.64554,13.85046,บางเขน,ท่าแร้ง,แอร์/เครื่องซักผ้าแช่น้ำ ความสูงระดับหน้าแข้ง น้ำท่วมมาแล้วน้อยกว่า 1 สัปดาห์,https://storage.googleapis.com/traffy_public_bucket/attachment/2026-10/b991121fc85217601fccd6399affaa44.jpeg
2026-RLMZE2,start,2026-10-09 10:34,2026-10-09 10:34,100.68398,13.70826,ประเวศ,ประเวศ,เร่ง ลดระดับน้ำ คลอง2ห้องและลง คลองมะขามเทศ ด่วน ฝนลูกใหญ่จัะเข้ามาแล้วคับ จึงขอเสนอกังกันหรือเครื่องระบาย อะไรก็ได้ หน้าสะพานมบ. อิมพีเรียล ที่เป็นคอขวด รวมแยกหลายคลอง เพื่อเร่ง ระบายลง คลองมะขามเทศ ความสูงระดับหัวเข่า น้ำท่วมมาแล้วมากกว่า 1 สัปดาห์,https://storage.googleapis.com/traffy_public_bucket/attachment/2026-10/479154ae411ea0fe73adaf131124c61a.jpeg
2026-RLMZE2,inprogress,2026-10-09 10:34,2026-10-09 13:58,100.68398,13.70826,ประเวศ,ประเวศ,เร่ง ลดระดับน้ำ คลอง2ห้องและลง คลองมะขามเทศ ด่วน ฝนลูกใหญ่จัะเข้ามาแล้วคับ จึงขอเสนอกังกันหรือเครื่องระบาย อะไรก็ได้ หน้าสะพานมบ. อิมพีเรียล ที่เป็นคอขวด รวมแยกหลายคลอง เพื่อเร่ง ระบายลง คลองมะขามเทศ ความสูงระดับหัวเข่า น้ำท่วมมาแล้วมากกว่า 1 สัปดาห์,https://storage.googleapis.com/traffy_public_bucket/attachment/2026-10/479154ae411ea0fe73adaf131124c61a.jpeg
2026-BJZ3WR,inprogress,2026-10-09 10:37,2026-10-09 10:58,100.42262,13.7071,บางแค,บางแค,จากที่เคยแจ้งน้ำระบายช้าช่วงพ.ค.ที่ผ่านมา ทางเขตบางแคน้ำเครื่องสูบน้ำมาติดตั้งไว้ให้ในซอยสายทิพย์จนถึงวันที่6 ต.ค.ที่ผ่านมา เจ้าหน้าที่เก็บเครื่องสูบน้ำกลับไปแล้วค่ะ แต่เนื่องด้วยยังมีสถานการณ์ฝนตกหนักอยู่ในช่วงนี้ จึงยังมีน้ำขัง ระบายช้าเป็นปัญหาเดิม ผู้,https://storage.googleapis.com/traffy_public_bucket/attachment/2026-10/446b068d866ec3ada19a2af211c69986.jpeg
2026-KUFVLV,start,2026-10-09 10:38,2026-10-09 10:38,100.86464,13.71889,ลาดกระบัง,ขุมทอง,รบกวนสอบถามว่าถ้าน้ำท่วมบริเวณรอบบ้านเกิน7วัน ถึงเวลาเวลานี้เข้า14วัน แล้วค่ะ เข้าถึงโรงรถแต่ไม่เข้าในตัวบ้านจะได้รับสิทธิ์ไหมคะ ความสูงระดับตอนท่วมสูงประมาณหน้าแข้งค่ะ น้ำท่วมมาแล้วตั้งแต่25ค่ะ,https://storage.googleapis.com/traffy_public_bucket/attachment/2026-10/d36a82b508952055e8501febdf3c4f5a.jpeg
2026-TU8LP6,start,2026-10-09 10:47,2026-10-09 10:47,100.78337,13.81406,มีนบุรี,แสนแสบ,ขอแจ้งปัญหาน้ำท่วมขังบริเวณซอยสุวินทวงศ์ 9/1 กรุงเทพมหานคร มีน้ำท่วมขังต่อเนื่องตั้งแต่วันที่ 27 กันยายน 2569 จนถึงปัจจุบัน (9 ตุลาคม 2569) เป็นเวลาประมาณ 13 วันแล้ว น้ำยังไม่ลดลง ส่งผลกระทบต่อการเดินทางเข้าออกของประชาชนและการใช้ชีวิตประจำวัน จึงขอให้หน่,https://storage.googleapis.com/traffy_public_bucket/attachment/2026-10/bbd97a380160882f42cc2e984ad29e17.jpeg
2026-TU8LP6,inprogress,2026-10-09 10:47,2026-10-09 15:50,100.78337,13.81406,มีนบุรี,แสนแสบ,ขอแจ้งปัญหาน้ำท่วมขังบริเวณซอยสุวินทวงศ์ 9/1 กรุงเทพมหานคร มีน้ำท่วมขังต่อเนื่องตั้งแต่วันที่ 27 กันยายน 2569 จนถึงปัจจุบัน (9 ตุลาคม 2569) เป็นเวลาประมาณ 13 วันแล้ว น้ำยังไม่ลดลง ส่งผลกระทบต่อการเดินทางเข้าออกของประชาชนและการใช้ชีวิตประจำวัน จึงขอให้หน่,https://storage.googleapis.com/traffy_public_bucket/attachment/2026-10/bbd97a380160882f42cc2e984ad29e17.jpeg
2026-9JY2Y4,start,2026-10-09 11:30,2026-10-09 11:30,100.65324,13.77932,บึงกุ่ม,คลองกุ่ม,น้ำท่วมขยะมหาศาลลอยมาขวางทางน้ำ ทำให้น้ำลงช้ามากเวลาฝนตก ความสูงระดับตอนท่วมสูง 1.50 น้ำท่วมมาแล้วตอนนี้ลดแล้ว,https://storage.googleapis.com/traffy_public_bucket/attachment/2026-10/21a46e16d56098aeb7d614ba73ffb27c.jpeg
2026-9JY2Y4,inprogress,2026-10-09 11:30,2026-10-09 16:04,100.65324,13.77932,บึงกุ่ม,คลองกุ่ม,น้ำท่วมขยะมหาศาลลอยมาขวางทางน้ำ ทำให้น้ำลงช้ามากเวลาฝนตก ความสูงระดับตอนท่วมสูง 1.50 น้ำท่วมมาแล้วตอนนี้ลดแล้ว,https://storage.googleapis.com/traffy_public_bucket/attachment/2026-10/21a46e16d56098aeb7d614ba73ffb27c.jpeg
2026-F322XK,start,2026-10-09 11:31,2026-10-09 11:31,100.7642,13.71902,ลาดกระบัง,ลาดกระบัง,ตั้งแต่วันที่ 26 กันยายน2569 ถึง วันที่ 9 ตุลาคม 2569 เป็นเวลา15วันแล้วที่ธุรกิจของเราไม่สามารถดำเนินการได้เลย เราสูญเสียรายได้ สูญเสียทรัพย์สิน สูญเสียโอกาสในการทำมาหากิน เราต้องการให้คุณช่วยส่งเครื่องสูบน้ำมาสูบในซอยเพื่อให้รถของธุรกิจเราดำเนินกิจการต่อ,https://storage.googleapis.com/traffy_public_bucket/attachment/2026-10/81be0b89a8301902806b55511d0cd41f.jpeg
2026-EPD9N6,start,2026-10-09 11:34,2026-10-09 11:34,100.89293,13.92834,หนองจอก,คลองสิบสอง,ภายในซอยเลียบคลอง13ฝั่งตะวันออก36 เขตหนองจอก น้ำท่วมขัง ไม่มีหน่วยงานไหนเข้ามาดูมาเลย อยู่กับน้ำแบบนี้ตั้งแต่25กัน จนปัจจุบัน9ตุลา น้ำยังเพิ่มขึ้นเรื่อยๆห้องน้ำไม่สามารถใช้งานได้ จากเคยได้รับข้าวแจกอาทิตย์แรก ตอนนี้ไม่มี มีทรายมาเทให้หน้าปากซอย แต่บ้านไหน,https://storage.googleapis.com/traffy_public_bucket/attachment/2026-10/f0ec7e9aaf36587fba41e6cf30d0f6dd.jpeg
2026-EPD9N6,inprogress,2026-10-09 11:34,2026-10-09 22:43,100.89293,13.92834,หนองจอก,คลองสิบสอง,ภายในซอยเลียบคลอง13ฝั่งตะวันออก36 เขตหนองจอก น้ำท่วมขัง ไม่มีหน่วยงานไหนเข้ามาดูมาเลย อยู่กับน้ำแบบนี้ตั้งแต่25กัน จนปัจจุบัน9ตุลา น้ำยังเพิ่มขึ้นเรื่อยๆห้องน้ำไม่สามารถใช้งานได้ จากเคยได้รับข้าวแจกอาทิตย์แรก ตอนนี้ไม่มี มีทรายมาเทให้หน้าปากซอย แต่บ้านไหน,https://storage.googleapis.com/traffy_public_bucket/attachment/2026-10/f0ec7e9aaf36587fba41e6cf30d0f6dd.jpeg
2026-6Y3EAA,start,2026-10-09 11:47,2026-10-09 11:47,100.82169,13.87989,หนองจอก,คู้ฝั่งเหนือ,น้ำท่วมขังตั้งแต่วันที่24กันยายนค่ะ สังเกตว่าปริมาณไม่ลดลงเลย ส่งกลิ่นเน่ามานาน อยากให้ช่วยกำจัดผักตบชวาที่มีเต็มคลองลำเจดีย์(ลำด้วน) และช่วยเปิดทางน้ำ ตั้งเครื่องสูบน้ำเพื่อผลักน้ำออกไปยังคลองแสนแสบที่เชื่อมต่อกันค่ะ ความสูงระดับหัวเข่า น้ำท่วมมาแล้วมากก,https://storage.googleapis.com/traffy_public_bucket/attachment/2026-10/eb5de9f12840e214727e8bb9d10f3f1e.jpeg
2026-6Y3EAA,inprogress,2026-10-09 11:47,2026-10-09 22:42,100.82169,13.87989,หนองจอก,คู้ฝั่งเหนือ,น้ำท่วมขังตั้งแต่วันที่24กันยายนค่ะ สังเกตว่าปริมาณไม่ลดลงเลย ส่งกลิ่นเน่ามานาน อยากให้ช่วยกำจัดผักตบชวาที่มีเต็มคลองลำเจดีย์(ลำด้วน) และช่วยเปิดทางน้ำ ตั้งเครื่องสูบน้ำเพื่อผลักน้ำออกไปยังคลองแสนแสบที่เชื่อมต่อกันค่ะ ความสูงระดับหัวเข่า น้ำท่วมมาแล้วมากก,https://storage.googleapis.com/traffy_public_bucket/attachment/2026-10/eb5de9f12840e214727e8bb9d10f3f1e.jpeg
2026-V6PH2M,start,2026-10-09 12:04,2026-10-09 12:04,100.5745,13.72696,คลองเตย,คลองตัน,https://maps.app.goo.gl/mxhJ2rBPHPDQ82R86?g_st=il #ขอกระสอบทราย/อื่นๆ,https://storage.googleapis.com/traffy_public_bucket/attachment/2026-10/4e1fe04b447caa97bfaa37a1ac8b53ac.jpeg
2026-8UKADF,start,2026-10-09 12:12,2026-10-09 12:12,100.73847,13.72708,ลาดกระบัง,ลาดกระบัง,ลาดกระบังซอย 3 (วัดสังฆราชา) มีน้ำท่วมขังเกินครึ่งเดือนแล้ว ยังไม่แห้งเลย ภายในซอยบางบ้านน้ำยังท่วมอยู่ และในซอยยังต้องเดินลุยน้ำ น้ำเน่ามาหลายวันแล้ว อยากให้เร่งเข้ามาสูบน้ำตามในซอย ทั้งซอยหลักและซอยย่อย ความสูงระดับหน้าแข้ง น้ำท่วมมาแล้วตั้งแต่วันที่ 26,https://storage.googleapis.com/traffy_public_bucket/attachment/2026-10/thumb_8a5830ef2996929a939390295f51fc7a.jpg
2026-82RHL7,start,2026-10-09 12:22,2026-10-09 12:22,100.82503,13.78629,หนองจอก,ลำผักชี,น้ำท่วมถนนฉลองกรุง เสนอให้รีบสูบน้ำออก ความสูงระดับหน้าแข้ง น้ำท่วมมาแล้วมากกว่า 1 สัปดาห์,https://storage.googleapis.com/traffy_public_bucket/attachment/2026-10/fef6f7e36d6679546d02069a330eba5e.jpeg
2026-82RHL7,forward,2026-10-09 12:22,2026-10-09 22:38,100.82503,13.78629,หนองจอก,ลำผักชี,น้ำท่วมถนนฉลองกรุง เสนอให้รีบสูบน้ำออก ความสูงระดับหน้าแข้ง น้ำท่วมมาแล้วมากกว่า 1 สัปดาห์,https://storage.googleapis.com/traffy_public_bucket/attachment/2026-10/fef6f7e36d6679546d02069a330eba5e.jpeg
2026-HYKYYL,start,2026-10-09 12:22,2026-10-09 12:22,100.79628,13.77638,ลาดกระบัง,ลำปลาทิว,น้ำท่วมขังเน่าเสียมาหลายวันแล้วคะ เดินทางเข้าออกลำบาก ความสูงระดับหน้าแข้งคะ น้ำท่วมมาแล้วมากกว่า 1 สัปดาห์,https://storage.googleapis.com/traffy_public_bucket/attachment/2026-10/thumb_59a6c32b20eab8de7b64477419832809.jpg
2026-DBF8ET,start,2026-10-09 12:29,2026-10-09 12:29,100.59073,13.72427,วัฒนา,พระโขนงเหนือ,บ้านดิฉันอยู่ก้นซอยได้รับความเดือดร้อนจาก ท่อตันกลางซอย ตรงเสาไฟ ก5 ซึ่งมีท่อที่เจ้าหน้าที่ ผูกทิ้งไว้เพื่อสดวก ในการเปิดท่อซึ่ง ต้องทำประจำไม่เคยหายขาด ดิฉันบ้าน594 ตอนนี้ต้องใช้ไดโว่ถึง5ตัวและสูบ ตลอด24ชม. จึงขอความกรุณา ช่วยจัดการด้วย นะคะ ได้แนบรูป ท่,https://storage.googleapis.com/traffy_public_bucket/attachment/2026-10/a6acf6f62607a078ed1dec90fab8b821.jpeg
2026-92ECDC,start,2026-10-09 12:30,2026-10-09 12:30,100.65518,13.92663,สายไหม,สายไหม,น้ำท่วมขังล้อมรอบที่อยู่อาศัยยากลำบากในการทำงานและการใช้ชีวิตลำบากขณะน้ำท่วมขัง,https://storage.googleapis.com/traffy_public_bucket/attachment/2026-10/636a845b1059d713fc564d5198a672f5.jpg
2026-2WA93B,start,2026-10-09 12:31,2026-10-09 12:31,100.90448,13.83734,หนองจอก,กระทุ่มราย,ถนนน้ำท่วมสูง รถเล็กสัญจรไปมาลำบาก #fonduereport,https://storage.googleapis.com/traffy_public_bucket/attachment/2026-10/e242e505aaf51972b14ce77dcfea5bab.jpg
2026-2WA93B,forward,2026-10-09 12:31,2026-10-09 22:36,100.90448,13.83734,หนองจอก,กระทุ่มราย,ถนนน้ำท่วมสูง รถเล็กสัญจรไปมาลำบาก #fonduereport,https://storage.googleapis.com/traffy_public_bucket/attachment/2026-10/e242e505aaf51972b14ce77dcfea5bab.jpg
2026-7HMKUK,start,2026-10-09 12:44,2026-10-09 12:44,100.69533,13.67079,ประเวศ,ดอกไม้,สวัสดีครับ ขอแจ้งน้ำท่วมขังในซอยทุ่งเศรษฐีแยก 39 แขวงดอกไม้ เขตประเวศครับ น้ำท่วมมาตั้งแต่วันที่ 25 กันยายน จนถึงวันนี้น้ำยังไม่แห้งเลยครับ น้ำเริ่มเสีย ยุงก็เยอะมากครับ ความสูงระดับตอนนี้เหลือประมาณ 20 เซน น้ำท่วมมาแล้วตั้งแต่วันที่ 25 กันยายนครับ,https://storage.googleapis.com/traffy_public_bucket/attachment/2026-10/73a35ab1b2726c960fcaf7ca81eb1c13.jpeg
2026-7HMKUK,inprogress,2026-10-09 12:44,2026-10-09 13:50,100.69533,13.67079,ประเวศ,ดอกไม้,สวัสดีครับ ขอแจ้งน้ำท่วมขังในซอยทุ่งเศรษฐีแยก 39 แขวงดอกไม้ เขตประเวศครับ น้ำท่วมมาตั้งแต่วันที่ 25 กันยายน จนถึงวันนี้น้ำยังไม่แห้งเลยครับ น้ำเริ่มเสีย ยุงก็เยอะมากครับ ความสูงระดับตอนนี้เหลือประมาณ 20 เซน น้ำท่วมมาแล้วตั้งแต่วันที่ 25 กันยายนครับ,https://storage.googleapis.com/traffy_public_bucket/attachment/2026-10/73a35ab1b2726c960fcaf7ca81eb1c13.jpeg
2026-MGTCMH,start,2026-10-09 12:44,2026-10-09 12:44,100.72938,13.81855,มีนบุรี,มีนบุรี,สวัสดีครับพอดี มีเรื่องร้องเรียนครับ ให้ช่วยหน่อยครับพอดีทางกลับรถใต้สะพานโลตัสมีนบุรี ยังไม่มีการสูบน้ำออกครับ สัญจร ลำบากครับผม ยังผ่านไม่ได้ครับน้ำยังท่วมขัง ความสูงระดับหัวเข่า น้ำท่วมมาแล้วน้อยกว่า 1 สัปดาห์,https://storage.googleapis.com/traffy_public_bucket/attachment/2026-10/83e70a5edb38a17bb1b70840e5cc5a6b.jpeg
2026-MGTCMH,inprogress,2026-10-09 12:44,2026-10-09 16:02,100.72938,13.81855,มีนบุรี,มีนบุรี,สวัสดีครับพอดี มีเรื่องร้องเรียนครับ ให้ช่วยหน่อยครับพอดีทางกลับรถใต้สะพานโลตัสมีนบุรี ยังไม่มีการสูบน้ำออกครับ สัญจร ลำบากครับผม ยังผ่านไม่ได้ครับน้ำยังท่วมขัง ความสูงระดับหัวเข่า น้ำท่วมมาแล้วน้อยกว่า 1 สัปดาห์,https://storage.googleapis.com/traffy_public_bucket/attachment/2026-10/83e70a5edb38a17bb1b70840e5cc5a6b.jpeg
2026-F6C38E,start,2026-10-09 13:12,2026-10-09 13:12,100.63246,13.74768,สวนหลวง,สวนหลวง,ของรับค่าชดเชยน้ำท่วมขัง น้ำเข้าบ้านตอนกลางคืนดึกดึกของวันที่ 26 กันยายน ท่วมจนถึงวันที่ 1 ตุลาคม บ้านด้านหน้าน้ำท่วมสูงประมาณ 20 เซนต์ แต่ด้านหลังเป็นบ้านเก่าไม่ได้ยกพื้นขึ้นมาเหมือนข้างหน้าจึงท่วมสูงถึง ประมาณ 50 เซนต์ ของเสียหายทั้งบ้าน เก็บออกมาทิ้ง,https://storage.googleapis.com/traffy_public_bucket/attachment/2026-10/3a7951f5a0c7c7a13ca2afa16fb38d97.jpeg
2026-F6C38E,finish,2026-10-09 13:12,2026-10-09 14:12,100.63246,13.74768,สวนหลวง,สวนหลวง,ของรับค่าชดเชยน้ำท่วมขัง น้ำเข้าบ้านตอนกลางคืนดึกดึกของวันที่ 26 กันยายน ท่วมจนถึงวันที่ 1 ตุลาคม บ้านด้านหน้าน้ำท่วมสูงประมาณ 20 เซนต์ แต่ด้านหลังเป็นบ้านเก่าไม่ได้ยกพื้นขึ้นมาเหมือนข้างหน้าจึงท่วมสูงถึง ประมาณ 50 เซนต์ ของเสียหายทั้งบ้าน เก็บออกมาทิ้ง,https://storage.googleapis.com/traffy_public_bucket/attachment/2026-10/3a7951f5a0c7c7a13ca2afa16fb38d97.jpeg
2026-WHATCC,start,2026-10-09 13:20,2026-10-09 13:20,100.72399,13.76212,ลาดกระบัง,คลองสองต้นนุ่น,รบกวนสอบถามค่ะ ในกรณีที่บ้านเป็นอาคารอยู่ชั้นสูง น้ำท่วมรอบอาคาร แต่อาศัยชั้น 4 น้ำไม่ถึง ถูกตัดไฟ สามารถขิรับเงินช่วยเหลือได้ไหม #ขอกระสอบทราย/อื่นๆ,https://storage.googleapis.com/traffy_public_bucket/attachment/2026-10/87e6ad4b1cb0b7101382445fc56a4adb.jpeg
2026-4NVMMX,inprogress,2026-10-09 13:22,2026-10-09 13:48,100.69505,13.66959,ประเวศ,ดอกไม้,น้ำท่วม น้ำเริ่มเน่า ความสูงระดับหน้าแข้ง น้ำท่วมมาแล้ว2 สัปดาห์,https://storage.googleapis.com/traffy_public_bucket/attachment/2026-10/85199db281d859c158ce5d8fc1678651.jpeg
2026-A69VNP,forward,2026-10-09 13:25,2026-10-09 13:47,100.53471,13.73738,ปทุมวัน,ปทุมวัน,วันอาทิตย์ ริมทางถนนอังรีดูนังค์ สามารถจอดได้ช่วงเวลาใดบ้าง #ขอกระสอบทราย/อื่นๆ,https://storage.googleapis.com/traffy_public_bucket/attachment/2026-10/1454cce1641092bb51ff06c271a69b06.jpeg
2026-UFG3XG,start,2026-10-09 13:36,2026-10-09 13:36,100.85211,13.69977,ลาดกระบัง,ขุมทอง,น้ำท่วมถนนทางเข้าวัดราชโกษายาวจนถึงขนส่งพื้นที่ 4 ไม่สามารถสัญจรรถสาธารณะ/มอไซค์รับจ้างได้ค่ะ น้ำท่วมขังเกิน 2 สัปดาห์ เดินทางลำบาก ประชาชนขาดรายได้ค่ะ ความสูงระดับหน้าแข้ง น้ำท่วมมาแล้วมากกว่า 1 สัปดาห์,https://storage.googleapis.com/traffy_public_bucket/attachment/2026-10/ec469c2421afda837bc18097cabba803.jpeg
2026-UFG3XG,forward,2026-10-09 13:36,2026-10-09 14:34,100.85211,13.69977,ลาดกระบัง,ขุมทอง,น้ำท่วมถนนทางเข้าวัดราชโกษายาวจนถึงขนส่งพื้นที่ 4 ไม่สามารถสัญจรรถสาธารณะ/มอไซค์รับจ้างได้ค่ะ น้ำท่วมขังเกิน 2 สัปดาห์ เดินทางลำบาก ประชาชนขาดรายได้ค่ะ ความสูงระดับหน้าแข้ง น้ำท่วมมาแล้วมากกว่า 1 สัปดาห์,https://storage.googleapis.com/traffy_public_bucket/attachment/2026-10/ec469c2421afda837bc18097cabba803.jpeg
2026-TZ74NR,start,2026-10-09 13:39,2026-10-09 13:39,100.81931,13.79204,หนองจอก,ลำผักชี,น้ำท่วมขังบริเวณหมู่บ้านคริสตัล เชื่อมต่อไปยังหมู่บ้านสำเภาทอง รถเล็กเข้าออกลำบากสองสัปดาห์แล้ว หากมีเครื่องสูบน้ำจะช่วยได้มาก ความสูงระดับหัวเข่า น้ำท่วมมาแล้วมากกว่า 1 สัปดาห์,https://storage.googleapis.com/traffy_public_bucket/attachment/2026-10/308531317b81ccb47ab6a4aee67f735b.jpeg
2026-TZ74NR,inprogress,2026-10-09 13:39,2026-10-09 22:37,100.81931,13.79204,หนองจอก,ลำผักชี,น้ำท่วมขังบริเวณหมู่บ้านคริสตัล เชื่อมต่อไปยังหมู่บ้านสำเภาทอง รถเล็กเข้าออกลำบากสองสัปดาห์แล้ว หากมีเครื่องสูบน้ำจะช่วยได้มาก ความสูงระดับหัวเข่า น้ำท่วมมาแล้วมากกว่า 1 สัปดาห์,https://storage.googleapis.com/traffy_public_bucket/attachment/2026-10/308531317b81ccb47ab6a4aee67f735b.jpeg
2026-8GCMC6,start,2026-10-09 14:04,2026-10-09 14:04,100.89425,13.81533,หนองจอก,กระทุ่มราย,น้ำน้ำท่วมขังตลอดทั้งถนนประมาณ 50 เซนติเมตรตั้งแต่วันที่ วันที่ 26 กันยายนจนปัจจุบันเพิ่งลดไป 5 เซนติเมตรเข้าออกแทบไม่ได้ เข้าออกแทบไม่ได้น้ำเริ่มเน่าคนเริ่มป่วย,https://storage.googleapis.com/traffy_public_bucket/attachment/2026-10/e7c5705df79fc57b179763c0ace5ae7e.jpg
2026-8GCMC6,inprogress,2026-10-09 14:04,2026-10-09 22:34,100.89425,13.81533,หนองจอก,กระทุ่มราย,น้ำน้ำท่วมขังตลอดทั้งถนนประมาณ 50 เซนติเมตรตั้งแต่วันที่ วันที่ 26 กันยายนจนปัจจุบันเพิ่งลดไป 5 เซนติเมตรเข้าออกแทบไม่ได้ เข้าออกแทบไม่ได้น้ำเริ่มเน่าคนเริ่มป่วย,https://storage.googleapis.com/traffy_public_bucket/attachment/2026-10/e7c5705df79fc57b179763c0ace5ae7e.jpg
2026-W3832X,start,2026-10-09 14:16,2026-10-09 14:16,100.66048,13.78715,บึงกุ่ม,คลองกุ่ม,รถยนต์น้ำท่วมซอยนวมินทร์24 ซอยย่อยอุเทน31 คลองกุ่ม บึงกุ่ม กทม 10240 ท่วมครึ่งคันค่ะ,https://storage.googleapis.com/traffy_public_bucket/attachment/2026-10/b9cbbe77ab22fef0100e9e1745d3dd17.jpg
2026-W3832X,finish,2026-10-09 14:16,2026-10-09 14:43,100.66048,13.78715,บึงกุ่ม,คลองกุ่ม,รถยนต์น้ำท่วมซอยนวมินทร์24 ซอยย่อยอุเทน31 คลองกุ่ม บึงกุ่ม กทม 10240 ท่วมครึ่งคันค่ะ,https://storage.googleapis.com/traffy_public_bucket/attachment/2026-10/b9cbbe77ab22fef0100e9e1745d3dd17.jpg
2026-86DCGL,inprogress,2026-10-09 14:20,2026-10-09 14:53,100.68548,13.7602,สะพานสูง,สะพานสูง,น้ำในซอยยังท่วมอยู่ครับ ความสูงระดับหน้าแข้ง น้ำท่วมมาแล้วมากกว่า 1 สัปดาห์,https://storage.googleapis.com/traffy_public_bucket/attachment/2026-10/4903f47a64dc8b8e0707387b9e9c56e4.jpeg
2026-HHFK44,start,2026-10-09 14:20,2026-10-09 14:20,100.76884,13.75511,ลาดกระบัง,คลองสามประเวศ,บริเวณคลองสี่ลาดกระบังน้ำท่วมขังตั้งแต่วันแรก จนถึงวันนี้(09/10/69) ตอนนี้น้ำยังล้นคลองอยู่ แม้จะลดลงไปบ้างแล้วแต่ยังเหลือประมาณครึ่งแข้งซึ่งเพียงพอที่จะทำให้สัญจรเข้าออกซอยลำบากค่ะ ความสูงระดับเป็นภาพจากซอยด้านหลังโครงการเจ้าคุณวิลล่า ที่ตั้งร้านสุกี้ตี๋,https://storage.googleapis.com/traffy_public_bucket/attachment/2026-10/71232c57512d01471ed4b579dda88294.jpeg
2026-77NJNV,start,2026-10-09 14:23,2026-10-09 14:23,100.71943,13.79105,มีนบุรี,มีนบุรี,เมื่อฝนตกหนักจะพบปัญหาบ่อยมาก เรื่องน้ำท่วมขังภายในซอยรามคำแหง 174 ตั้งแต่ต้นซอยจนถึงท้าย น้ำจะสูงประมาณ ครึ่งขา ตลอด อยากให้เร่งแก้ไข เนื่องจากมีชาวบ้านอาศัยอยู่ในซอยเยอะมากๆ,https://storage.googleapis.com/traffy_public_bucket/attachment/2026-10/79cc3e45e8f35cabb932a20dcd5e1e0b.jpg
2026-77NJNV,inprogress,2026-10-09 14:23,2026-10-09 16:06,100.71943,13.79105,มีนบุรี,มีนบุรี,เมื่อฝนตกหนักจะพบปัญหาบ่อยมาก เรื่องน้ำท่วมขังภายในซอยรามคำแหง 174 ตั้งแต่ต้นซอยจนถึงท้าย น้ำจะสูงประมาณ ครึ่งขา ตลอด อยากให้เร่งแก้ไข เนื่องจากมีชาวบ้านอาศัยอยู่ในซอยเยอะมากๆ,https://storage.googleapis.com/traffy_public_bucket/attachment/2026-10/79cc3e45e8f35cabb932a20dcd5e1e0b.jpg
2026-TWYDXC,start,2026-10-09 14:27,2026-10-09 14:27,100.72993,13.82422,มีนบุรี,มีนบุรี,เรียนแจ้งทุกหน่วยงานที่รับผิดชอบครับ ตอนนี้น้ำคลองสามวาเริ่มขึ้นมาอีกแล้วไม่รู้ว่าสำนักการระบายน้ำได้เปิดที่กั้นน้ำไหมครับ และที่สำคัญตอนนี้น้ำเน่ามากเลยครับเหม็นน้ำเน่ามากเลยครับคลองสามวา ความสูงระดับหัวเข่า น้ำท่วมมาแล้วมากกว่า 1 สัปดาห์,https://storage.googleapis.com/traffy_public_bucket/attachment/2026-10/f784abf565f78b738b09d7f6a35f1704.jpeg
2026-TWYDXC,inprogress,2026-10-09 14:27,2026-10-09 16:07,100.72993,13.82422,มีนบุรี,มีนบุรี,เรียนแจ้งทุกหน่วยงานที่รับผิดชอบครับ ตอนนี้น้ำคลองสามวาเริ่มขึ้นมาอีกแล้วไม่รู้ว่าสำนักการระบายน้ำได้เปิดที่กั้นน้ำไหมครับ และที่สำคัญตอนนี้น้ำเน่ามากเลยครับเหม็นน้ำเน่ามากเลยครับคลองสามวา ความสูงระดับหัวเข่า น้ำท่วมมาแล้วมากกว่า 1 สัปดาห์,https://storage.googleapis.com/traffy_public_bucket/attachment/2026-10/f784abf565f78b738b09d7f6a35f1704.jpeg
2026-JE3RM8,start,2026-10-09 14:32,2026-10-09 14:32,100.76843,13.75496,ลาดกระบัง,คลองสามประเวศ,บริเวณคลองสี่ลาดกระบังน้ำจากคลองยังล้นเข้ามาในหมู่บ้าน มีน้ำท่วมขังในบ้านเรือนตั้งแต่วันที่25-ปัจจุบัน(09/10)น้ำยังคงสูง(ประมาณ30ซม.) ทำให้การสัญจรเข้าออกลำบาก,https://storage.googleapis.com/traffy_public_bucket/attachment/2026-10/47f3834778688cc21662e15f7780eede.jpg
2026-JE3RM8,forward,2026-10-09 14:32,2026-10-09 18:13,100.76843,13.75496,ลาดกระบัง,คลองสามประเวศ,บริเวณคลองสี่ลาดกระบังน้ำจากคลองยังล้นเข้ามาในหมู่บ้าน มีน้ำท่วมขังในบ้านเรือนตั้งแต่วันที่25-ปัจจุบัน(09/10)น้ำยังคงสูง(ประมาณ30ซม.) ทำให้การสัญจรเข้าออกลำบาก,https://storage.googleapis.com/traffy_public_bucket/attachment/2026-10/47f3834778688cc21662e15f7780eede.jpg
2026-U2TKE3,start,2026-10-09 14:44,2026-10-09 14:44,100.86296,13.80215,หนองจอก,ลำผักชี,จากถนนสุวินทวงศ์คลองลำแขกค่ะ น้ำท่วมตั้งแต่วันที่ 25 ก.ย. ถึงวันนี้ 9 ต.ค. ร่วม 14 วันจะครึ่งเดือนแล้ว ไม่มีการช่วยเหลือใดๆ แถมไม่มีใครพูดถึง และน้ำไม่มีท่าทีว่าจะลดเลย ตามถนนใหญ่สัญจรได้ปกติ แต่ตามซอยหลายๆซอยเป็นพื้นที่เตี้ยกว่าถนน ทำให้ตอนนี้น้ำล้นเน่าเ,https://storage.googleapis.com/traffy_public_bucket/attachment/2026-10/e1db3e6c45836b7a187740376d560384.jpeg
2026-U2TKE3,inprogress,2026-10-09 14:44,2026-10-09 22:33,100.86296,13.80215,หนองจอก,ลำผักชี,จากถนนสุวินทวงศ์คลองลำแขกค่ะ น้ำท่วมตั้งแต่วันที่ 25 ก.ย. ถึงวันนี้ 9 ต.ค. ร่วม 14 วันจะครึ่งเดือนแล้ว ไม่มีการช่วยเหลือใดๆ แถมไม่มีใครพูดถึง และน้ำไม่มีท่าทีว่าจะลดเลย ตามถนนใหญ่สัญจรได้ปกติ แต่ตามซอยหลายๆซอยเป็นพื้นที่เตี้ยกว่าถนน ทำให้ตอนนี้น้ำล้นเน่าเ,https://storage.googleapis.com/traffy_public_bucket/attachment/2026-10/e1db3e6c45836b7a187740376d560384.jpeg
2026-GP2VT6,start,2026-10-09 14:47,2026-10-09 14:47,100.79236,13.7366,ลาดกระบัง,ลำปลาทิว,น้ำท่วมตั้งแต่วันที่ 25 กันยายน จนวันนี้ 9 ตุลาคม รวมแล้ว 15 วัน น้ำยังไม่ลด ไม่รู้ว่าทำอะไรกันอยู่ เงินเยียวยาก็ไม่อนุมัติ ทำงานกันล่าช้ามาก ที่อื่นเขาน้ำแห้งกันหมดแล้ว ความสูงระดับหน้าแข้ง น้ำท่วมมาแล้ว15 วัน,https://storage.googleapis.com/traffy_public_bucket/attachment/2026-10/de9d64a74e8fec6ef1f0a754ee34f3e0.jpeg
2026-7BCAHW,forward,2026-10-09 14:53,2026-10-09 15:13,100.66046,13.78719,บึงกุ่ม,คลองกุ่ม,อยากให้มาซ่อมรถยนต์ฟรีให้ค่ะเนื่องจากน้ำท่วมรถครึ่งคันค่ะ ซอยใหญ่นวมินทร์24 ซอยย่อยอุเทน31,https://storage.googleapis.com/traffy_public_bucket/attachment/2026-10/60b2674a39d2f725ea40288fee98649b.jpg
2026-BBLA77,inprogress,2026-10-09 14:59,2026-10-09 15:02,100.5872,13.74695,ห้วยขวาง,บางกะปิ,บริเวณข้างถนน มีน้ำท่วมขังมานาน ไม่สามารถระบายได้ เนื่องจากตั้งแต่ทางรัฐได้ทำถนนใหม่ จึงอยากให้ตรวจสอบริเวณนี้ค่ะ ความสูงระดับน่าจะท่อตันค่ะ น้ำท่วมมาแล้ววันที่ 25 กันยายน 2569 ค่ะ,https://storage.googleapis.com/traffy_public_bucket/attachment/2026-10/26f0d7b2f1f82293a1de40b1139ab141.jpeg
2026-C6WUBU,start,2026-10-09 15:08,2026-10-09 15:08,100.73007,13.72217,ลาดกระบัง,ลาดกระบัง,น้ำท่วมขังในซอย เป็นเวลา 2 อาทิตย์แล้ว ความสูงระดับหน้าแข้ง น้ำท่วมมาแล้วมากกว่า 1 สัปดาห์,https://storage.googleapis.com/traffy_public_bucket/attachment/2026-10/f06b8623726755514bb48941c50f68a9.jpeg
2026-C6WUBU,forward,2026-10-09 15:08,2026-10-09 18:12,100.73007,13.72217,ลาดกระบัง,ลาดกระบัง,น้ำท่วมขังในซอย เป็นเวลา 2 อาทิตย์แล้ว ความสูงระดับหน้าแข้ง น้ำท่วมมาแล้วมากกว่า 1 สัปดาห์,https://storage.googleapis.com/traffy_public_bucket/attachment/2026-10/f06b8623726755514bb48941c50f68a9.jpeg
2026-HX9X87,inprogress,2026-10-09 15:22,2026-10-09 16:07,100.7429,13.78162,มีนบุรี,มีนบุรี,ซอยร่มเกล้า 12 น้ำขังตั้งแต่วันที่ 26 กันยายน 2569 จนถึงวันนี้ ของให้ทาง กทม ช่วยเอาเครื่องสูบน้ำมาช่วยด้วยค่ะ เพราะถ้าเอาตัวใหญ่มาช่วยสูบออกน้ำก็จะแห้งเหมือนที่เคหะร่มเกล้า พอมีฝนตกลงมาใหม่ก็จะไม่มีน้ำขังค่ะ น้ำเน่าอล้ว มีกลิ่นด้วย ความสูงระดับครึ่งน่อง ,https://storage.googleapis.com/traffy_public_bucket/attachment/2026-10/65bbcb5544e23bdf9fe768e7c4e935bf.jpeg
2026-C4JZ3T,start,2026-10-09 15:31,2026-10-09 15:53,100.79477,13.84769,คลองสามวา,ทรายกองดินใต้,จากผู้ประสบภัยน้ำท่วมขัง บ้านเลขที่ 1832 ซอยประชาร่วมใจ 74/1 ถนนประชาร่วมใจ ( คู้ซ้าย ) แขวงทรายกองดินใต้ เขตคลองสามวา กทม ตอนนี้ที่บ้านมีน้ำท่วมขัง มีกลิ่นเหม็น และมีสีดำ อาจจะเป็นแหล่งเพาะเชื้อยุงลายได้ทำให้เกิดไข้เลือดออก มีสัตว์เลื้อยคลาน ที่มีพิษ เข,https://storage.googleapis.com/traffy_public_bucket/attachment/2026-10/8c8c4961b2b6d7f49cf7f7a1765bf37c.jpeg
2026-C4JZ3T,inprogress,2026-10-09 15:31,2026-10-09 16:31,100.79477,13.84769,คลองสามวา,ทรายกองดินใต้,จากผู้ประสบภัยน้ำท่วมขัง บ้านเลขที่ 1832 ซอยประชาร่วมใจ 74/1 ถนนประชาร่วมใจ ( คู้ซ้าย ) แขวงทรายกองดินใต้ เขตคลองสามวา กทม ตอนนี้ที่บ้านมีน้ำท่วมขัง มีกลิ่นเหม็น และมีสีดำ อาจจะเป็นแหล่งเพาะเชื้อยุงลายได้ทำให้เกิดไข้เลือดออก มีสัตว์เลื้อยคลาน ที่มีพิษ เข,https://storage.googleapis.com/traffy_public_bucket/attachment/2026-10/8c8c4961b2b6d7f49cf7f7a1765bf37c.jpeg
2026-7GW2BV,start,2026-10-09 15:38,2026-10-09 15:54,100.79477,13.84769,คลองสามวา,ทรายกองดินใต้,จากผู้ประสบภัยน้ำท่วมขัง บ้านเลขที่ 1832 ซอยประชาร่วมใจ 74/1 ถนนประชาร่วมใจ ( คู้ซ้าย ) แขวงทรายกองดินใต้ เขตคลองสามวา กทม ตอนนี้ที่บ้านมีน้ำท่วมขัง มีกลิ่นเหม็น และมีสีดำ อาจจะเป็นแหล่งเพาะเชื้อยุงลายได้ทำให้เกิดไข้เลือดออก มีสัตว์เลื้อยคลาน ที่มีพิษ เข,https://storage.googleapis.com/traffy_public_bucket/attachment/2026-10/dabdb6fc9ae60df9832e74c518535d0b.jpeg
2026-7GW2BV,inprogress,2026-10-09 15:38,2026-10-09 16:27,100.79477,13.84769,คลองสามวา,ทรายกองดินใต้,จากผู้ประสบภัยน้ำท่วมขัง บ้านเลขที่ 1832 ซอยประชาร่วมใจ 74/1 ถนนประชาร่วมใจ ( คู้ซ้าย ) แขวงทรายกองดินใต้ เขตคลองสามวา กทม ตอนนี้ที่บ้านมีน้ำท่วมขัง มีกลิ่นเหม็น และมีสีดำ อาจจะเป็นแหล่งเพาะเชื้อยุงลายได้ทำให้เกิดไข้เลือดออก มีสัตว์เลื้อยคลาน ที่มีพิษ เข,https://storage.googleapis.com/traffy_public_bucket/attachment/2026-10/dabdb6fc9ae60df9832e74c518535d0b.jpeg
2026-46XXTH,start,2026-10-09 15:51,2026-10-09 15:54,100.79477,13.84769,คลองสามวา,ทรายกองดินใต้,ดิฉันจากผู้ประสบภัยน้ำท่วม บ้านเลขที่ 1832 ซอยประชาร่วมใจ 74/1 ถนนประชาร่วมใจ ( คู้ซ้าย ) แขวงทรายกองดินใต้ เขตคลองสามวา กทม ตอนนี้บ้านดิฉันน้ำท่วมขัง ซึ่งบ้านอยู่ริมคลองแสนแสบ ถ้ามีฝนตกเพิ่มมากขึ้น จะทำให้น้ำท่วมเข้ามาในบ้านเพิ่มขึ้น แล้วจะทำให้คน และแ,https://storage.googleapis.com/traffy_public_bucket/attachment/2026-10/64712462d85a67a36c8b357cc50b775f.jpeg
2026-46XXTH,inprogress,2026-10-09 15:51,2026-10-09 16:25,100.79477,13.84769,คลองสามวา,ทรายกองดินใต้,ดิฉันจากผู้ประสบภัยน้ำท่วม บ้านเลขที่ 1832 ซอยประชาร่วมใจ 74/1 ถนนประชาร่วมใจ ( คู้ซ้าย ) แขวงทรายกองดินใต้ เขตคลองสามวา กทม ตอนนี้บ้านดิฉันน้ำท่วมขัง ซึ่งบ้านอยู่ริมคลองแสนแสบ ถ้ามีฝนตกเพิ่มมากขึ้น จะทำให้น้ำท่วมเข้ามาในบ้านเพิ่มขึ้น แล้วจะทำให้คน และแ,https://storage.googleapis.com/traffy_public_bucket/attachment/2026-10/64712462d85a67a36c8b357cc50b775f.jpeg
2026-P8WFTB,start,2026-10-09 15:52,2026-10-09 15:52,100.72944,13.81899,มีนบุรี,มีนบุรี,รบกวนเขตสูบนํ้าตรงที่กลับรถตรงโลตัสมีนบุรีได้มั้ย เหมือนจะมีเครื่องสูบอยู่แล้วแต่ไม่เปิด ระดับนํ้าไม่ลดเลยครับ ความสูงระดับเอว น้ำท่วมมาแล้วมากกว่า 1 สัปดาห์,https://storage.googleapis.com/traffy_public_bucket/attachment/2026-10/b6b7e73ed18da5e32b3a817ff99f2061.jpeg
2026-4T9TJP,inprogress,2026-10-09 15:55,2026-10-09 16:12,100.68006,13.74199,สะพานสูง,สะพานสูง,กรุงเทพกรีฑา #ขอกระสอบทราย/อื่นๆ,https://storage.googleapis.com/traffy_public_bucket/attachment/2026-10/63e1b75f3e571b5dc43900d523ac6d3d.jpeg
2026-Y4KBAP,start,2026-10-09 15:58,2026-10-09 15:58,100.62296,13.9053,สายไหม,คลองถนน,น้ำท่วมขังเกิน 7 วัน เป็นบ้านขยาย อยู่มานานมากกว่า 50 ปี ลงทะเบียนทางรัฐ ไม่รับคำร้องเดือดร้อน ย้ายที่อยู่ไปที่ทำงาน เพราะเสียหายหนักกว่าทีคิด อยากให้เร่งช่วยเหลือครับ,https://storage.googleapis.com/traffy_public_bucket/attachment/2026-10/3d6e2d525083ced38c80052512995076.jpg
2026-4KF4NR,start,2026-10-09 16:20,2026-10-09 16:20,100.79018,13.83861,มีนบุรี,แสนแสบ,*ด่วนที่สุด* เรียนแจ้ง ปัญหาความเดือดร้อนในพื้นที่หมู่บ้าน น้ำขังท่วมสูงถึงหัวเข่าบริเวณถนนในหมู่บ้าน รถเล็กสัญจรไม่ได้ เช่นรถเก๋ง รถมอเตอร์ไซค์ สัญจรเข้า-ออกไม่ได้ จึงขอความอนุเคาะห์ ให้เขตมีนบุรี เข้ามาสูบน้ำช่วยเหลือคนในพื้นที่ ต้องการขับขี่รถออกไปทำงา,https://storage.googleapis.com/traffy_public_bucket/attachment/2026-10/8ad3b434d5033ff79b02b12fe0059fdc.jpg
2026-PXGRHB,start,2026-10-09 16:33,2026-10-09 16:33,100.73207,13.81103,มีนบุรี,มีนบุรี,ปัญหา: ตลอดทั้งซอยดังกล่าว เมื่อวันที่ 08/10/69 ระดับน้ำได้ลดลงอย่างต่อเนื่องในช่วงที่ไม่มีฝนตกติดต่อกันเป็นเวลา 2 วัน แต่หลังจากช่วงเวลา 12.00 น. เป็นต้นไป ระดับน้ำกลับเพิ่มสูงขึ้นอย่างรวดเร็วทั้งที่ไม่มีฝนตก ทำให้เกิดความกังวลและไม่ทราบสาเหตุการเพิ่มขึ้,https://storage.googleapis.com/traffy_public_bucket/attachment/2022-12/da2125e781282589d482070c3dba1726aa16a4a7.jpg
2026-73CYJG,start,2026-10-09 16:50,2026-10-09 16:50,100.79048,13.83795,มีนบุรี,แสนแสบ,*ด่วนที่สุด* เรียนแจ้ง ปัญหาความเดือดร้อนในพื้นที่หมู่บ้าน น้ำขังท่วมสูงถึงหัวเข่าบริเวณถนนในหมู่บ้าน รถเล็กสัญจรไม่ได้ เช่นรถเก๋ง รถมอเตอร์ไซค์ สัญจรเข้า-ออกไม่ได้ จึงขอความอนุเคาะห์ ให้เขตมีนบุรี เข้ามาสูบน้ำช่วยเหลือคนในพื้นที่ ต้องการขับขี่รถออกไปทำงา,https://storage.googleapis.com/traffy_public_bucket/attachment/2026-10/912c6d2b40de1d7af64f8cdb10f015ca.jpeg
2026-2JXLY8,start,2026-10-09 17:04,2026-10-09 17:04,100.68206,13.91197,สายไหม,ออเงิน,น้ำท่วมทางเข้าออก ซอยสุขาภิบาล5 82 (บ่อปลาบึงบึก) รถเล็กผ่านยาก ความสูงระดับหน้าแข้ง น้ำท่วมมาแล้วมากกว่า 1 สัปดาห์,https://storage.googleapis.com/traffy_public_bucket/attachment/2026-10/cfc5fa58500a174d0ee73eb0a3b15ac7.jpeg
2026-T4Z3K2,start,2026-10-09 17:10,2026-10-09 17:10,100.76023,13.72076,ลาดกระบัง,ลาดกระบัง,น้ำท่วมที่ผ่านมา ยังไม่มีหน่วยงานไหนเข้ามาช่วย จนต้องช่วยเหลือตัวเอง ไม่มีใครมาแจกข้าวแจกน้ำ ใน ซ.ลาดกระบัง38/4 อู่ซ่อมรถโดยน้ำท่วม เกิน7 วัน ตั้งแต่วันที่ 26 กันยายน 2569 จนถึง วันที่ 5 ตุลาคม 2569 ขาดรายได้ น้ำท่วมอู่ /ไม่สามารถทำงานได้,https://storage.googleapis.com/traffy_public_bucket/attachment/2026-10/c3df3a013f53e7909e61347de261b79b.jpg
2026-XJ9FWM,start,2026-10-09 17:29,2026-10-09 17:29,100.55602,13.76852,ดินแดง,ดินแดง,ผมสายไฟชำรุดละลาย ขาดหน้าโรงเรียนฝึกอาชีพดินแดง 1และ 2 ครับ #ขอกระสอบทราย/อื่นๆ,https://storage.googleapis.com/traffy_public_bucket/attachment/2026-10/9cc881019396b7f4c2555639135928fe.jpeg
2026-XJ9FWM,forward,2026-10-09 17:29,2026-10-10 10:18,100.55602,13.76852,ดินแดง,ดินแดง,ผมสายไฟชำรุดละลาย ขาดหน้าโรงเรียนฝึกอาชีพดินแดง 1และ 2 ครับ #ขอกระสอบทราย/อื่นๆ,https://storage.googleapis.com/traffy_public_bucket/attachment/2026-10/9cc881019396b7f4c2555639135928fe.jpeg
2026-TDB7KB,start,2026-10-09 17:32,2026-10-09 17:32,100.6872,13.87171,คลองสามวา,สามวาตะวันตก,ท่อในหมู่บ้านอุดตันค่ะ เวลาฝนตกน้ำท่วมขังเป็นเวลานานค่ะ 😭 ความสูงระดับช่วง 26 กันยา ถึง 3 ตุลา หัวเข่าค่ะ น้ำท่วมมาแล้วแต่ตอนนี้ข้อเท้าค่ะ,https://storage.googleapis.com/traffy_public_bucket/attachment/2026-10/546991661768bba5e7f50893cd656b0b.jpeg
2026-TDB7KB,inprogress,2026-10-09 17:32,2026-10-10 11:24,100.6872,13.87171,คลองสามวา,สามวาตะวันตก,ท่อในหมู่บ้านอุดตันค่ะ เวลาฝนตกน้ำท่วมขังเป็นเวลานานค่ะ 😭 ความสูงระดับช่วง 26 กันยา ถึง 3 ตุลา หัวเข่าค่ะ น้ำท่วมมาแล้วแต่ตอนนี้ข้อเท้าค่ะ,https://storage.googleapis.com/traffy_public_bucket/attachment/2026-10/546991661768bba5e7f50893cd656b0b.jpeg
2026-83U2LT,start,2026-10-09 17:41,2026-10-09 17:41,100.72952,13.81261,มีนบุรี,มีนบุรี,น้ำท่วมขัง ความสูงระดับหน้าแข้ง น้ำท่วมมาแล้วมากกว่า 1 สัปดาห์,https://storage.googleapis.com/traffy_public_bucket/attachment/2026-10/9c87df9ccb6fa8da19b1e91f01779694.jpeg
2026-ZRVFMT,start,2026-10-09 17:43,2026-10-09 17:43,100.87446,13.85486,หนองจอก,หนองจอก,น้ำท่วมมา 2 อาทิตย์แล้ว ไม่มีลดลงเลย จนตอนนี้น้ำเน่า ส่งกลิ่นเหม็น แต่ไม่มีหน่วยงานไหนเข้ามาดูเลย ความสูงระดับหน้าแข้ง น้ำท่วมมาแล้วมากกว่า 1 สัปดาห์,https://storage.googleapis.com/traffy_public_bucket/attachment/2026-10/09b78311e0ba472f6725d848d4d61fe1.jpeg
2026-ZRVFMT,inprogress,2026-10-09 17:43,2026-10-09 22:31,100.87446,13.85486,หนองจอก,หนองจอก,น้ำท่วมมา 2 อาทิตย์แล้ว ไม่มีลดลงเลย จนตอนนี้น้ำเน่า ส่งกลิ่นเหม็น แต่ไม่มีหน่วยงานไหนเข้ามาดูเลย ความสูงระดับหน้าแข้ง น้ำท่วมมาแล้วมากกว่า 1 สัปดาห์,https://storage.googleapis.com/traffy_public_bucket/attachment/2026-10/09b78311e0ba472f6725d848d4d61fe1.jpeg
2026-GP7LUA,start,2026-10-09 17:45,2026-10-09 17:45,100.60532,13.7097,สวนหลวง,สวนหลวง,ชุมชนบุกรุกลำรางทำให้น้ำท่วมที่ดิน ควรหาพื้นที่ให้ชุมชนอยู่ไม่ขวางลำราง น้ำจะได้มีทางไปไม่ท่วมขัง ความสูงระดับข้อเท้า น้ำท่วมมาแล้วน้อยกว่า 1 สัปดาห์,https://storage.googleapis.com/traffy_public_bucket/attachment/2026-10/e9f61c20fa18c3cd037d738493875a02.jpeg
2026-PXU7TZ,start,2026-10-09 17:53,2026-10-09 17:53,100.61694,13.95227,ดอนเมือง,สนามบิน,พบว่ามีพื้นที่หน่วยงานราชการชื่อ “กลุ่มวิจัยและพัฒนาสื่อเทคโนโลยีสิ่งความอำนวจความสะดวกสำหรับผู้พิการ“ ได้ระบายน้ำมาสู่ลำรางสาธารณะปรากฏว่าน้ำนั้นไหลเข้ามายังหมู่บ้านวังทอง ซ.วิภาวดี 47 ซึ่งอยู่ติดกันและอยู่ติดกับลำรางธารณะทำให้เกิดน้ำท่วมขัง และเป็นอีกสา,https://storage.googleapis.com/traffy_public_bucket/attachment/2026-10/thumb_7cd98832fcb011ebfe35a16608570cdd.jpg
2026-RHRKTV,start,2026-10-09 18:32,2026-10-09 18:32,100.74201,13.81744,มีนบุรี,แสนแสบ,แถวมีนบุรี ติดคลองแสนแสบ น้ำท่วมมา 14 วันแล้ว วันนี้น้ำจะลด เจ้าหน้าที่เปิดประตูน้ำ น้ำขึ้นสูงอีกแล้ว ความสูงระดับหน้าแข้ง 14วัน,https://storage.googleapis.com/traffy_public_bucket/attachment/2026-10/6055d95d1346d1fe85f3e60e41736c55.jpeg
2026-GWTUAZ,start,2026-10-09 18:34,2026-10-09 18:34,100.62019,13.90385,สายไหม,คลองถนน,น้ำท่วมขังบริเวณถนนทางเข้า อยากให้ช่วยสูบน้ำออกจากพื้นที่เพราะเดือดร้อนมาก ความสูงระดับหน้าแข้ง น้ำท่วมมาแล้วมากกว่า 1 สัปดาห์,https://storage.googleapis.com/traffy_public_bucket/attachment/2026-10/3451706002c8079e1445512f2f714cf4.jpeg
2026-AUYT9X,start,2026-10-09 19:02,2026-10-09 19:02,100.40746,13.68618,บางแค,บางแค,เวลาฝนตก น้ำท่วมขังสูง เป็นแอ่ง ความสูงระดับหน้าแข้ง น้ำท่วมมาแล้วน้อยกว่า 3 ชั่วโมง,https://storage.googleapis.com/traffy_public_bucket/attachment/2026-10/af6fb26a9de78174911eccd7c9b8497e.jpeg
2026-AUYT9X,forward,2026-10-09 19:02,2026-10-09 21:52,100.40746,13.68618,บางแค,บางแค,เวลาฝนตก น้ำท่วมขังสูง เป็นแอ่ง ความสูงระดับหน้าแข้ง น้ำท่วมมาแล้วน้อยกว่า 3 ชั่วโมง,https://storage.googleapis.com/traffy_public_bucket/attachment/2026-10/af6fb26a9de78174911eccd7c9b8497e.jpeg
2026-NRV82Z,start,2026-10-09 19:25,2026-10-09 19:25,100.74167,13.79487,มีนบุรี,มีนบุรี,น้ำท่วมขัง ไม่ไปไหนเลย น้ำเริ่มเน่า มีกลิ่นเหม็น ความสูงระดับหัวเข่า น้ำท่วมมาแล้วมากกว่า 1 สัปดาห์,https://storage.googleapis.com/traffy_public_bucket/attachment/2026-10/b3d568f2024928a3c9a817c7f6054a9c.jpeg
2026-3VB9V4,start,2026-10-09 19:36,2026-10-09 19:36,100.53187,13.72612,บางรัก,สีลม,รอหกวันแล้วในแอพยังไม่เปลี่ยนสถาณะของน้ำท่วมในพื้นที่เขตบางรักครับ,https://storage.googleapis.com/traffy_public_bucket/attachment/2026-10/a68768a8a47022ecb72e871a2342c734.jpg
2026-3VB9V4,finish,2026-10-09 19:36,2026-10-10 15:17,100.53187,13.72612,บางรัก,สีลม,รอหกวันแล้วในแอพยังไม่เปลี่ยนสถาณะของน้ำท่วมในพื้นที่เขตบางรักครับ,https://storage.googleapis.com/traffy_public_bucket/attachment/2026-10/a68768a8a47022ecb72e871a2342c734.jpg
2026-V3BXAR,start,2026-10-09 19:37,2026-10-09 19:37,100.40426,13.76071,ทวีวัฒนา,ศาลาธรรมสพน์,เมื่อ 26 ตุลาคมที่ผ่านมา ฝนตกหนัก น้ำท่วมซอยสุขาภิบาลบางระมาด 1 ซึ่งเพิ่งยกถนนเพื่อป้องกันน้ำท่วม ขอถามสาเหตุเป็นข้อๆ ดังนี้ 1) ทำไมจึงออกแบบถนนซอยให้ต่ำกว่าถนนเมนหลัก ซึ่งจะไม่สามารถแก้ไขปัญหาน้ำท่วม มาตรฐานของกทม. เป็นอย่างไรกันแน่ 2) ซอย 5 และซอยอื่นๆ ,https://storage.googleapis.com/traffy_public_bucket/attachment/2026-10/6f822e84bd71fdf3710999ebb906bff6.jpeg
2026-V3BXAR,inprogress,2026-10-09 19:37,2026-10-09 23:10,100.40426,13.76071,ทวีวัฒนา,ศาลาธรรมสพน์,เมื่อ 26 ตุลาคมที่ผ่านมา ฝนตกหนัก น้ำท่วมซอยสุขาภิบาลบางระมาด 1 ซึ่งเพิ่งยกถนนเพื่อป้องกันน้ำท่วม ขอถามสาเหตุเป็นข้อๆ ดังนี้ 1) ทำไมจึงออกแบบถนนซอยให้ต่ำกว่าถนนเมนหลัก ซึ่งจะไม่สามารถแก้ไขปัญหาน้ำท่วม มาตรฐานของกทม. เป็นอย่างไรกันแน่ 2) ซอย 5 และซอยอื่นๆ ,https://storage.googleapis.com/traffy_public_bucket/attachment/2026-10/6f822e84bd71fdf3710999ebb906bff6.jpeg
2026-CDNLHZ,start,2026-10-09 19:40,2026-10-09 19:40,100.53188,13.7261,บางรัก,สีลม,ได้ส่งเรื่องน้ำท่วมแล้วรูปภาพประกอบน้ำท่วมที่ทำให้พื้นบ้านปูนแตกหลังน้ำลดพื้นที่เขตบางรักลงทะเบียนไปในแอพทางรัฐแล้วยังไม่คืบหน้า,https://storage.googleapis.com/traffy_public_bucket/attachment/2026-10/3447c0648465bf52418daaf200679a2f.jpg
2026-CDNLHZ,finish,2026-10-09 19:40,2026-10-10 15:18,100.53188,13.7261,บางรัก,สีลม,ได้ส่งเรื่องน้ำท่วมแล้วรูปภาพประกอบน้ำท่วมที่ทำให้พื้นบ้านปูนแตกหลังน้ำลดพื้นที่เขตบางรักลงทะเบียนไปในแอพทางรัฐแล้วยังไม่คืบหน้า,https://storage.googleapis.com/traffy_public_bucket/attachment/2026-10/3447c0648465bf52418daaf200679a2f.jpg
2026-9XMVJP,start,2026-10-09 19:58,2026-10-09 19:58,100.52923,13.75705,ราชเทวี,ทุ่งพญาไท,ซอยเชื่อมเพชรบุรีซอย5 ไปซอย7 ท่อระบายน้ำตัน ฝนตกน้ำก็ขังไม่ระบาย ขณะที่จุดอื่นๆ ไม่มีน้ำขัง ความสูงระดับข้อเท้า น้ำท่วมมาแล้วน้อยกว่า 1 ชั่วโมง,https://storage.googleapis.com/traffy_public_bucket/attachment/2026-10/1081e5134864edba7cd3d9c6d85fe548.jpeg
2026-9XMVJP,inprogress,2026-10-09 19:58,2026-10-09 22:47,100.52923,13.75705,ราชเทวี,ทุ่งพญาไท,ซอยเชื่อมเพชรบุรีซอย5 ไปซอย7 ท่อระบายน้ำตัน ฝนตกน้ำก็ขังไม่ระบาย ขณะที่จุดอื่นๆ ไม่มีน้ำขัง ความสูงระดับข้อเท้า น้ำท่วมมาแล้วน้อยกว่า 1 ชั่วโมง,https://storage.googleapis.com/traffy_public_bucket/attachment/2026-10/1081e5134864edba7cd3d9c6d85fe548.jpeg
2026-YU6VVW,start,2026-10-09 20:01,2026-10-09 20:01,100.45929,13.66421,จอมทอง,บางมด,ฝนกำลังตกแต่ปล่อยน้ำจากข้างนอกเข้าในคลองหมู่บ้านสินทวีแล้วแบบนี้จะไม่ให้ท่วมยังไงคะ ความสูงระดับน้ำสูงเกือบถึงขอบคานปูนแล้วค่ะ น้ำท่วมมาแล้วน้อยกว่า 1 ชั่วโมง,https://storage.googleapis.com/traffy_public_bucket/attachment/2026-10/thumb_cfe0be309cfb646b4bfc3f0007e3e4c3.jpg
2026-YCL6X4,start,2026-10-09 20:03,2026-10-09 20:03,100.37483,13.65865,บางบอน,บางบอนเหนือ,ฝนตกไม่ถึงชมนํ้าท่วมทั้งซอยครับ ความสูงระดับหน้าแข้ง น้ำท่วมมาแล้วน้อยกว่า 1 วัน,https://storage.googleapis.com/traffy_public_bucket/attachment/2026-10/73d138e695a6bdf705a4367403094a35.jpeg
2026-YCL6X4,inprogress,2026-10-09 20:03,2026-10-10 09:36,100.37483,13.65865,บางบอน,บางบอนเหนือ,ฝนตกไม่ถึงชมนํ้าท่วมทั้งซอยครับ ความสูงระดับหน้าแข้ง น้ำท่วมมาแล้วน้อยกว่า 1 วัน,https://storage.googleapis.com/traffy_public_bucket/attachment/2026-10/73d138e695a6bdf705a4367403094a35.jpeg
2026-YCL6X4,finish,2026-10-09 20:03,2026-10-10 12:44,100.37483,13.65865,บางบอน,บางบอนเหนือ,ฝนตกไม่ถึงชมนํ้าท่วมทั้งซอยครับ ความสูงระดับหน้าแข้ง น้ำท่วมมาแล้วน้อยกว่า 1 วัน,https://storage.googleapis.com/traffy_public_bucket/attachment/2026-10/73d138e695a6bdf705a4367403094a35.jpeg
2026-72K4NJ,start,2026-10-09 20:09,2026-10-09 20:09,100.46911,13.70235,จอมทอง,บางค้อ,ฝนตก น้ำท่วมซอยวุฒากาศห้าสามอีกแล้วครับ แต่น้ำลงเร็วครับ แต่อยากให้เป็นว่าน้ำไม่ท่วมเลย ได้ไหมครับ ประมาณว่าพอฝนตกสักพักก็เริ่มสูบน้ำได้เลยไม่ต้องรอให้น้ำท่วมเยอะก่อนแล้วค่อยสูบน้ำตอนหลัง จากที่ฝนตกเบาแล้ว ความสูงระดับข้อเท้า น้ำท่วมมาแล้วน้อยกว่า 1 ชั่วโ,https://storage.googleapis.com/traffy_public_bucket/attachment/2026-10/57cceb7afbbe7698c9f6c5ac16db3028.jpeg
2026-NNU8HR,start,2026-10-09 20:23,2026-10-09 20:23,100.51186,13.72813,คลองสาน,คลองต้นไทร,น้ำท่วมทางเดิน สัญจร ระดับน้ำเพิ่ม ขึ้นสูง,https://storage.googleapis.com/traffy_public_bucket/attachment/2026-10/68f000e39f24c62216757d3ea065f59a.jpg
2026-NNU8HR,inprogress,2026-10-09 20:23,2026-10-09 21:37,100.51186,13.72813,คลองสาน,คลองต้นไทร,น้ำท่วมทางเดิน สัญจร ระดับน้ำเพิ่ม ขึ้นสูง,https://storage.googleapis.com/traffy_public_bucket/attachment/2026-10/68f000e39f24c62216757d3ea065f59a.jpg
2026-T2JNCJ,start,2026-10-09 20:58,2026-10-09 20:58,100.65727,13.7718,บึงกุ่ม,คลองกุ่ม,น้ำในซอยยังท่วม ระดับน้ำในคลองต่ำลงกว่าตลิ่งแล้ว ไม่มีการมาสูบน้ำลงคลอง จะให้ลุยน้ำไปถึงปีใหม่เลยป่ะคะ? ความสูงระดับหัวเข่า น้ำท่วมมาแล้วมากกว่า 1 สัปดาห์,https://storage.googleapis.com/traffy_public_bucket/attachment/2026-10/thumb_880499a40ffa3c862b5603e163262ded.jpg
2026-T2JNCJ,inprogress,2026-10-09 20:58,2026-10-10 08:45,100.65727,13.7718,บึงกุ่ม,คลองกุ่ม,น้ำในซอยยังท่วม ระดับน้ำในคลองต่ำลงกว่าตลิ่งแล้ว ไม่มีการมาสูบน้ำลงคลอง จะให้ลุยน้ำไปถึงปีใหม่เลยป่ะคะ? ความสูงระดับหัวเข่า น้ำท่วมมาแล้วมากกว่า 1 สัปดาห์,https://storage.googleapis.com/traffy_public_bucket/attachment/2026-10/thumb_880499a40ffa3c862b5603e163262ded.jpg
2026-WMX4LG,start,2026-10-09 21:08,2026-10-09 21:08,100.71845,13.78536,มีนบุรี,มีนบุรี,ผอ.เขตมีนบุรีลงคลิปทำอย่างกับว่าเป็นคนสูบน้ำออกจาหมู่บ้านเพอร์เฟคให้ ทั้งๆที่ลูกบ้านทุกคนหาทางช่วยตัวเองในการสูบน้ำออกจากหมู่บ้านทั้งนั้น และอย่างที่เห็นท่านผู้ว่ากทม. และรองผู้ว่ากทม.ก็ฟังเอาเองเถิด น้ำหน้าหมู่บ้านไม่แห้งเลยตั้งแต่ 25/9/26 ช่วยทำให้มันแห,https://storage.googleapis.com/traffy_public_bucket/attachment/2026-10/4fdefa0715d17a0bed516a002db20888.jpeg
2026-WMX4LG,inprogress,2026-10-09 21:08,2026-10-09 21:56,100.71845,13.78536,มีนบุรี,มีนบุรี,ผอ.เขตมีนบุรีลงคลิปทำอย่างกับว่าเป็นคนสูบน้ำออกจาหมู่บ้านเพอร์เฟคให้ ทั้งๆที่ลูกบ้านทุกคนหาทางช่วยตัวเองในการสูบน้ำออกจากหมู่บ้านทั้งนั้น และอย่างที่เห็นท่านผู้ว่ากทม. และรองผู้ว่ากทม.ก็ฟังเอาเองเถิด น้ำหน้าหมู่บ้านไม่แห้งเลยตั้งแต่ 25/9/26 ช่วยทำให้มันแห,https://storage.googleapis.com/traffy_public_bucket/attachment/2026-10/4fdefa0715d17a0bed516a002db20888.jpeg
2026-8ZYT28,start,2026-10-09 21:09,2026-10-09 21:09,100.38448,13.65421,บางบอน,บางบอนเหนือ,บางบอน3ซอย1 พื้นที่ซอยต่ํากว่าถนนหลักมาก ทําให้น้ําขังง่ายบ่อยครั้งเมื่อมีฝนหนักและเสี่ยงน้ําท่วม คิดว่าคงมีหลายๆคนแจ้งไปแล้วแต่ว่ายังไม่มีการปรับปรุงใด ๆ ตลอดเส้นทางเข้าซอย มีหมู่บ้านหลายหมู่บ้านอาศัยอยู่ในนี้เดือดร้อน เพราะต้องใช้เส้นทางเดียว ประมาณครึ่,https://storage.googleapis.com/traffy_public_bucket/attachment/2026-10/thumb_375de6f744cf17cd425ddfca3f4fc633.jpg
2026-8ZYT28,inprogress,2026-10-09 21:09,2026-10-10 09:37,100.38448,13.65421,บางบอน,บางบอนเหนือ,บางบอน3ซอย1 พื้นที่ซอยต่ํากว่าถนนหลักมาก ทําให้น้ําขังง่ายบ่อยครั้งเมื่อมีฝนหนักและเสี่ยงน้ําท่วม คิดว่าคงมีหลายๆคนแจ้งไปแล้วแต่ว่ายังไม่มีการปรับปรุงใด ๆ ตลอดเส้นทางเข้าซอย มีหมู่บ้านหลายหมู่บ้านอาศัยอยู่ในนี้เดือดร้อน เพราะต้องใช้เส้นทางเดียว ประมาณครึ่,https://storage.googleapis.com/traffy_public_bucket/attachment/2026-10/thumb_375de6f744cf17cd425ddfca3f4fc633.jpg
2026-8ZYT28,finish,2026-10-09 21:09,2026-10-10 12:59,100.38448,13.65421,บางบอน,บางบอนเหนือ,บางบอน3ซอย1 พื้นที่ซอยต่ํากว่าถนนหลักมาก ทําให้น้ําขังง่ายบ่อยครั้งเมื่อมีฝนหนักและเสี่ยงน้ําท่วม คิดว่าคงมีหลายๆคนแจ้งไปแล้วแต่ว่ายังไม่มีการปรับปรุงใด ๆ ตลอดเส้นทางเข้าซอย มีหมู่บ้านหลายหมู่บ้านอาศัยอยู่ในนี้เดือดร้อน เพราะต้องใช้เส้นทางเดียว ประมาณครึ่,https://storage.googleapis.com/traffy_public_bucket/attachment/2026-10/thumb_375de6f744cf17cd425ddfca3f4fc633.jpg
2026-9GGR2A,start,2026-10-09 21:13,2026-10-09 21:13,100.80593,13.83324,มีนบุรี,แสนแสบ,ขณะนี้น้ำที่ท่วมยังไม่ถูกระบายแต่ตอนนี้สภาพน้ำเน่ามากและส่งกลิ่นเหม็นอยากรบกวนขอเขตเรื่อง เอาลูกอีเอ็มบอน มาช่วยปรับสภาพน้ำในช่วงนี้หน่อยได้ไหมคะ #ขอกระสอบทราย/อื่นๆ,https://storage.googleapis.com/traffy_public_bucket/attachment/2026-10/64756885ac2410f88e355b753b0cadc7.jpeg
2026-9GGR2A,inprogress,2026-10-09 21:13,2026-10-09 22:19,100.80593,13.83324,มีนบุรี,แสนแสบ,ขณะนี้น้ำที่ท่วมยังไม่ถูกระบายแต่ตอนนี้สภาพน้ำเน่ามากและส่งกลิ่นเหม็นอยากรบกวนขอเขตเรื่อง เอาลูกอีเอ็มบอน มาช่วยปรับสภาพน้ำในช่วงนี้หน่อยได้ไหมคะ #ขอกระสอบทราย/อื่นๆ,https://storage.googleapis.com/traffy_public_bucket/attachment/2026-10/64756885ac2410f88e355b753b0cadc7.jpeg
2026-HV4K2R,start,2026-10-09 21:35,2026-10-09 21:38,100.75521,13.785,มีนบุรี,แสนแสบ,สถานการณ์ตอนนี้ย้ำยังคงท่วมสูงอยู่เลยค่ะ สูงสุดอยู่ที่58cm น้ำท่วมมาแล้ว14วันค่ะ สัญจรลำบากมากๆ พอจะช่วยเข้ามาสูบน้ำได้มั้ยคพ ความสูงระดับหัวเข่า น้ำท่วมมาแล้วมากกว่า 1 สัปดาห์,https://storage.googleapis.com/traffy_public_bucket/attachment/2026-10/2a6ce5af2ec4ff4bf801a668d3423992.jpeg
2026-4LGND2,start,2026-10-09 22:09,2026-10-09 22:09,100.91166,13.94474,หนองจอก,คลองสิบสอง,น้ำไม่ลดลงเลย,https://storage.googleapis.com/traffy_public_bucket/attachment/2026-10/939a0098e21a0d81aafc644f410ce4db.jpg
2026-4LGND2,inprogress,2026-10-09 22:09,2026-10-09 22:24,100.91166,13.94474,หนองจอก,คลองสิบสอง,น้ำไม่ลดลงเลย,https://storage.googleapis.com/traffy_public_bucket/attachment/2026-10/939a0098e21a0d81aafc644f410ce4db.jpg
2026-FLLGP7,start,2026-10-09 23:29,2026-10-09 23:29,100.76339,13.80823,มีนบุรี,แสนแสบ,อยากให้ช่วยระบายน้ำหน้าบริษัท เคลิงค์ แอดวานซ์เทคโนโลยี จำกัด ซอยสุวินทวงศ์ 24 เนื่องจากไม่สามารถนำรถออกจากพื้นที่ ส่งผลกระทบต่อการทำงานของหน่วยงานในบริษัทเช่น เซอร์วิสงาน พบลูกค้า ส่งสินค้า อยากให้ระบน้ำลดลงบริเวณหน้าบริษัท บางพื้นที่ในซอยน้ำลดลงแล้วบางส,https://storage.googleapis.com/traffy_public_bucket/attachment/2026-10/0ef682415d3d408570f02547eb75afce.jpg
