code,measured,depth_cm,max_cm
TN.HKG.01,2026-10-07 00:15,0.0,
TN.HKG.02,2026-10-07 00:15,0.0,
TN.SLG.02,2026-10-07 00:15,0.0,
TN.HKG.01,2026-10-07 01:15,0.0,
TN.HKG.02,2026-10-07 01:15,0.0,
TN.SLG.02,2026-10-07 01:15,0.0,
TN.HKG.01,2026-10-07 02:15,0.0,
TN.HKG.02,2026-10-07 02:15,0.0,
TN.SLG.02,2026-10-07 02:15,0.0,
TN.HKG.01,2026-10-07 03:15,0.0,
TN.HKG.02,2026-10-07 03:15,0.0,
TN.SLG.02,2026-10-07 03:15,0.0,
TN.HKG.01,2026-10-07 04:15,0.0,
TN.HKG.02,2026-10-07 04:15,0.0,
TN.SLG.02,2026-10-07 04:15,0.0,
TN.HKG.01,2026-10-07 05:15,0.0,
TN.HKG.02,2026-10-07 05:15,0.0,
TN.SLG.02,2026-10-07 05:15,0.0,
TN.HKG.01,2026-10-07 06:15,0.0,
TN.HKG.02,2026-10-07 06:15,0.0,
TN.SLG.02,2026-10-07 06:15,0.0,
TN.HKG.01,2026-10-07 07:15,0.0,
TN.HKG.02,2026-10-07 07:15,0.0,
TN.SLG.02,2026-10-07 07:15,0.0,
TN.HKG.01,2026-10-07 08:15,0.0,
TN.HKG.02,2026-10-07 08:15,0.0,
TN.SLG.02,2026-10-07 08:15,0.0,
TN.HKG.01,2026-10-07 08:35,0.0,
TN.HKG.02,2026-10-07 08:35,0.0,
TN.SLG.02,2026-10-07 08:35,0.0,
TN.HKG.01,2026-10-07 09:15,0.0,
TN.HKG.02,2026-10-07 09:15,0.0,
TN.SLG.02,2026-10-07 09:15,0.0,
TN.HKG.01,2026-10-07 10:15,0.0,
TN.HKG.02,2026-10-07 10:15,0.0,
TN.SLG.02,2026-10-07 10:15,0.0,
TN.HKG.01,2026-10-07 11:15,0.0,
TN.HKG.02,2026-10-07 11:15,0.0,
TN.SLG.02,2026-10-07 11:15,0.0,
TN.HKG.01,2026-10-07 12:15,0.0,
TN.HKG.02,2026-10-07 12:15,0.0,
TN.SLG.02,2026-10-07 12:15,0.0,
TN.HKG.01,2026-10-07 13:15,0.0,
TN.HKG.02,2026-10-07 13:15,0.0,
TN.SLG.02,2026-10-07 13:15,0.0,
TN.HKG.01,2026-10-07 14:15,0.0,
TN.HKG.02,2026-10-07 14:15,0.0,
TN.SLG.02,2026-10-07 14:15,0.0,
TN.HKG.01,2026-10-07 15:15,0.0,
TN.HKG.02,2026-10-07 15:15,0.0,
TN.SLG.02,2026-10-07 15:15,0.0,
TN.HKG.01,2026-10-07 16:15,0.0,
TN.HKG.02,2026-10-07 16:15,0.0,
TN.SLG.02,2026-10-07 16:15,0.0,
TN.HKG.01,2026-10-07 17:15,0.0,
TN.HKG.02,2026-10-07 17:15,0.0,
TN.SLG.02,2026-10-07 17:15,0.0,
TN.HKG.01,2026-10-07 18:15,0.0,
TN.HKG.02,2026-10-07 18:15,0.0,
TN.SLG.02,2026-10-07 18:15,0.0,
TN.HKG.01,2026-10-07 19:15,0.0,
TN.HKG.02,2026-10-07 19:15,0.0,
TN.SLG.02,2026-10-07 19:15,0.0,
TN.HKG.01,2026-10-07 20:15,0.0,
TN.HKG.02,2026-10-07 20:15,0.0,
TN.SLG.02,2026-10-07 20:15,0.0,
TN.HKG.01,2026-10-07 21:15,0.0,
TN.HKG.02,2026-10-07 21:15,0.0,
TN.SLG.02,2026-10-07 21:15,0.0,
TN.HKG.01,2026-10-07 22:15,0.0,
TN.HKG.02,2026-10-07 22:15,0.0,
TN.SLG.02,2026-10-07 22:15,0.0,
