code,hour,name,capacity_m3,discharged_m3
WL.BJK.01,2026-06-06 00:00,ส.บางจาก,21600.0,0.0
WL.BKA.01,2026-06-06 00:00,ส.คลองบางเขนใหม่,108000.0,10800.0
WL.BKY.01,2026-06-06 00:00,ส.คลองบางกอกใหญ่,194400.0,0.0
WL.BNA.01,2026-06-06 00:00,ส.บางนา,75600.0,16200.0
WL.BOA.01,2026-06-06 00:00,ส.บางอ้อ,64800.0,0.0
WL.BSK.01,2026-06-06 00:00,ส.คลองบางไส้ไก่,32400.0,0.0
WL.BSU.01,2026-06-06 00:00,ส.คลองบางซื่อ,183600.0,21600.0
WL.CKS.01,2026-06-06 00:00,ส.คลองเจ้าคุณสิงห์,21600.0,0.0
WL.CNS.01,2026-06-06 00:00,ส.คลองช่องนนทรี,108000.0,0.0
WL.CPA.01,2026-06-06 00:00,ส.คลองชักพระ,162000.0,0.0
WL.DKN.01,2026-06-06 00:00,ส.ดาวคะนอง,162000.0,0.0
WL.JRN.01,2026-06-06 00:00,ส.คลองแจงร้อน,32400.0,0.0
WL.KJK.01,2026-06-06 00:00,ส.คลองเจ็ก,14400.0,0.0
WL.KKS.01,2026-06-06 00:00,ส.เทเวศร์,54000.0,0.0
WL.KKS.04,2026-06-06 00:00,ส.กรุงเกษม,90000.0,0.0
WL.KMN.01,2026-06-06 00:00,ส.คลองมอญ,86400.0,0.0
WL.KTY.01,2026-06-06 00:00,ส.คลองเตย,108000.0,0.0
WL.LPN.01,2026-06-06 00:00,ส.คลองเลนเปน,32400.0,0.0
WL.PKN.01,2026-06-06 00:00,ส.พระโขนง,0.0,0.0
WL.PSC.01,2026-06-06 00:00,ส.คลองภาษีเจริญ,54000.0,0.0
WL.RHN.01,2026-06-06 00:00,ส.คลองระหาญ,21600.0,0.0
WL.RMT.01,2026-06-06 00:00,ส.คลองพระยาราชมนตรี,108000.0,9000.0
WL.SBT.01,2026-06-06 00:00,ส.คลองสี่บาท,21600.0,0.0
WL.SNC.01,2026-06-06 00:00,ส.คลองสนามชัย,162000.0,21600.0
WL.SRE.01,2026-06-06 00:00,ส.คลองสำเหร่,43200.0,0.0
WL.SRG.01,2026-06-06 00:00,ส.คลองสำโรง,270000.0,0.0
WL.SSB.04,2026-06-06 00:00,ส.แสนแสบ-คลองตัน,0.0,0.0
WL.SSN.01,2026-06-06 00:00,ส.สามเสน,162000.0,10800.0
WL.SSN.08,2026-06-06 00:00,ส.สามเสน-ค.แสนแสบ,43200.0,0.0
WL.STR.01,2026-06-06 00:00,ส.สาทร,43200.0,0.0
WL.TUT.01,2026-06-06 00:00,ส.คลองตาอูฐ,0.0,0.0
WL.WSI.01,2026-06-06 00:00,ส.คลองวัดไทร,64800.0,0.0
WL.BJK.01,2026-06-06 01:00,ส.บางจาก,21600.0,0.0
WL.BKA.01,2026-06-06 01:00,ส.คลองบางเขนใหม่,108000.0,11700.0
WL.BKY.01,2026-06-06 01:00,ส.คลองบางกอกใหญ่,194400.0,0.0
WL.BNA.01,2026-06-06 01:00,ส.บางนา,75600.0,10800.0
WL.BOA.01,2026-06-06 01:00,ส.บางอ้อ,64800.0,0.0
WL.BSK.01,2026-06-06 01:00,ส.คลองบางไส้ไก่,32400.0,0.0
WL.BSU.01,2026-06-06 01:00,ส.คลองบางซื่อ,183600.0,21600.0
WL.CKS.01,2026-06-06 01:00,ส.คลองเจ้าคุณสิงห์,21600.0,0.0
WL.CNS.01,2026-06-06 01:00,ส.คลองช่องนนทรี,108000.0,0.0
WL.CPA.01,2026-06-06 01:00,ส.คลองชักพระ,162000.0,0.0
WL.DKN.01,2026-06-06 01:00,ส.ดาวคะนอง,162000.0,0.0
WL.JRN.01,2026-06-06 01:00,ส.คลองแจงร้อน,32400.0,0.0
WL.KJK.01,2026-06-06 01:00,ส.คลองเจ็ก,14400.0,0.0
WL.KKS.01,2026-06-06 01:00,ส.เทเวศร์,54000.0,0.0
WL.KKS.04,2026-06-06 01:00,ส.กรุงเกษม,90000.0,0.0
WL.KMN.01,2026-06-06 01:00,ส.คลองมอญ,86400.0,0.0
WL.KTY.01,2026-06-06 01:00,ส.คลองเตย,108000.0,0.0
WL.LPN.01,2026-06-06 01:00,ส.คลองเลนเปน,32400.0,0.0
WL.PKN.01,2026-06-06 01:00,ส.พระโขนง,0.0,0.0
WL.PSC.01,2026-06-06 01:00,ส.คลองภาษีเจริญ,54000.0,0.0
WL.RHN.01,2026-06-06 01:00,ส.คลองระหาญ,21600.0,0.0
WL.RMT.01,2026-06-06 01:00,ส.คลองพระยาราชมนตรี,108000.0,10800.0
WL.SBT.01,2026-06-06 01:00,ส.คลองสี่บาท,21600.0,0.0
WL.SNC.01,2026-06-06 01:00,ส.คลองสนามชัย,162000.0,21600.0
WL.SRE.01,2026-06-06 01:00,ส.คลองสำเหร่,43200.0,0.0
WL.SRG.01,2026-06-06 01:00,ส.คลองสำโรง,270000.0,0.0
WL.SSB.04,2026-06-06 01:00,ส.แสนแสบ-คลองตัน,0.0,0.0
WL.SSN.01,2026-06-06 01:00,ส.สามเสน,162000.0,10800.0
WL.SSN.08,2026-06-06 01:00,ส.สามเสน-ค.แสนแสบ,43200.0,0.0
WL.STR.01,2026-06-06 01:00,ส.สาทร,43200.0,0.0
WL.TUT.01,2026-06-06 01:00,ส.คลองตาอูฐ,0.0,0.0
WL.WSI.01,2026-06-06 01:00,ส.คลองวัดไทร,64800.0,0.0
WL.BJK.01,2026-06-06 02:00,ส.บางจาก,21600.0,0.0
WL.BKA.01,2026-06-06 02:00,ส.คลองบางเขนใหม่,108000.0,17100.0
WL.BKY.01,2026-06-06 02:00,ส.คลองบางกอกใหญ่,194400.0,0.0
WL.BNA.01,2026-06-06 02:00,ส.บางนา,75600.0,10800.0
WL.BOA.01,2026-06-06 02:00,ส.บางอ้อ,64800.0,0.0
WL.BSK.01,2026-06-06 02:00,ส.คลองบางไส้ไก่,32400.0,0.0
WL.BSU.01,2026-06-06 02:00,ส.คลองบางซื่อ,183600.0,21600.0
WL.CKS.01,2026-06-06 02:00,ส.คลองเจ้าคุณสิงห์,21600.0,0.0
WL.CNS.01,2026-06-06 02:00,ส.คลองช่องนนทรี,108000.0,3600.0
WL.CPA.01,2026-06-06 02:00,ส.คลองชักพระ,162000.0,0.0
WL.DKN.01,2026-06-06 02:00,ส.ดาวคะนอง,162000.0,0.0
WL.JRN.01,2026-06-06 02:00,ส.คลองแจงร้อน,32400.0,0.0
WL.KJK.01,2026-06-06 02:00,ส.คลองเจ็ก,14400.0,0.0
WL.KKS.01,2026-06-06 02:00,ส.เทเวศร์,54000.0,0.0
WL.KKS.04,2026-06-06 02:00,ส.กรุงเกษม,90000.0,0.0
WL.KMN.01,2026-06-06 02:00,ส.คลองมอญ,86400.0,0.0
WL.KTY.01,2026-06-06 02:00,ส.คลองเตย,108000.0,0.0
WL.LPN.01,2026-06-06 02:00,ส.คลองเลนเปน,32400.0,4500.0
WL.PKN.01,2026-06-06 02:00,ส.พระโขนง,0.0,0.0
WL.PSC.01,2026-06-06 02:00,ส.คลองภาษีเจริญ,54000.0,0.0
WL.RHN.01,2026-06-06 02:00,ส.คลองระหาญ,21600.0,0.0
WL.RMT.01,2026-06-06 02:00,ส.คลองพระยาราชมนตรี,108000.0,10800.0
WL.SBT.01,2026-06-06 02:00,ส.คลองสี่บาท,21600.0,0.0
WL.SNC.01,2026-06-06 02:00,ส.คลองสนามชัย,162000.0,21600.0
WL.SRE.01,2026-06-06 02:00,ส.คลองสำเหร่,43200.0,0.0
WL.SRG.01,2026-06-06 02:00,ส.คลองสำโรง,270000.0,0.0
WL.SSB.04,2026-06-06 02:00,ส.แสนแสบ-คลองตัน,0.0,0.0
WL.SSN.01,2026-06-06 02:00,ส.สามเสน,162000.0,10800.0
WL.SSN.08,2026-06-06 02:00,ส.สามเสน-ค.แสนแสบ,43200.0,0.0
WL.STR.01,2026-06-06 02:00,ส.สาทร,43200.0,0.0
WL.TUT.01,2026-06-06 02:00,ส.คลองตาอูฐ,0.0,0.0
WL.WSI.01,2026-06-06 02:00,ส.คลองวัดไทร,64800.0,0.0
WL.BJK.01,2026-06-06 03:00,ส.บางจาก,21600.0,0.0
WL.BKA.01,2026-06-06 03:00,ส.คลองบางเขนใหม่,108000.0,18000.0
WL.BKY.01,2026-06-06 03:00,ส.คลองบางกอกใหญ่,194400.0,0.0
WL.BNA.01,2026-06-06 03:00,ส.บางนา,75600.0,10800.0
WL.BOA.01,2026-06-06 03:00,ส.บางอ้อ,64800.0,0.0
WL.BSK.01,2026-06-06 03:00,ส.คลองบางไส้ไก่,32400.0,0.0
WL.BSU.01,2026-06-06 03:00,ส.คลองบางซื่อ,183600.0,21600.0
WL.CKS.01,2026-06-06 03:00,ส.คลองเจ้าคุณสิงห์,21600.0,0.0
WL.CNS.01,2026-06-06 03:00,ส.คลองช่องนนทรี,108000.0,21600.0
WL.CPA.01,2026-06-06 03:00,ส.คลองชักพระ,162000.0,0.0
WL.DKN.01,2026-06-06 03:00,ส.ดาวคะนอง,162000.0,0.0
WL.JRN.01,2026-06-06 03:00,ส.คลองแจงร้อน,32400.0,0.0
WL.KJK.01,2026-06-06 03:00,ส.คลองเจ็ก,14400.0,0.0
WL.KKS.01,2026-06-06 03:00,ส.เทเวศร์,54000.0,0.0
WL.KKS.04,2026-06-06 03:00,ส.กรุงเกษม,90000.0,0.0
WL.KMN.01,2026-06-06 03:00,ส.คลองมอญ,86400.0,0.0
WL.KTY.01,2026-06-06 03:00,ส.คลองเตย,108000.0,0.0
WL.LPN.01,2026-06-06 03:00,ส.คลองเลนเปน,32400.0,10800.0
WL.PKN.01,2026-06-06 03:00,ส.พระโขนง,0.0,0.0
WL.PSC.01,2026-06-06 03:00,ส.คลองภาษีเจริญ,54000.0,0.0
WL.RHN.01,2026-06-06 03:00,ส.คลองระหาญ,21600.0,0.0
WL.RMT.01,2026-06-06 03:00,ส.คลองพระยาราชมนตรี,108000.0,10800.0
WL.SBT.01,2026-06-06 03:00,ส.คลองสี่บาท,21600.0,0.0
WL.SNC.01,2026-06-06 03:00,ส.คลองสนามชัย,162000.0,21600.0
WL.SRE.01,2026-06-06 03:00,ส.คลองสำเหร่,43200.0,0.0
WL.SRG.01,2026-06-06 03:00,ส.คลองสำโรง,270000.0,0.0
WL.SSB.04,2026-06-06 03:00,ส.แสนแสบ-คลองตัน,0.0,0.0
WL.SSN.01,2026-06-06 03:00,ส.สามเสน,162000.0,10800.0
WL.SSN.08,2026-06-06 03:00,ส.สามเสน-ค.แสนแสบ,43200.0,0.0
WL.STR.01,2026-06-06 03:00,ส.สาทร,43200.0,0.0
WL.TUT.01,2026-06-06 03:00,ส.คลองตาอูฐ,0.0,0.0
WL.WSI.01,2026-06-06 03:00,ส.คลองวัดไทร,64800.0,0.0
WL.BJK.01,2026-06-06 04:00,ส.บางจาก,21600.0,0.0
WL.BKA.01,2026-06-06 04:00,ส.คลองบางเขนใหม่,108000.0,10800.0
WL.BKY.01,2026-06-06 04:00,ส.คลองบางกอกใหญ่,194400.0,0.0
WL.BNA.01,2026-06-06 04:00,ส.บางนา,75600.0,10800.0
WL.BOA.01,2026-06-06 04:00,ส.บางอ้อ,64800.0,0.0
WL.BSK.01,2026-06-06 04:00,ส.คลองบางไส้ไก่,32400.0,0.0
WL.BSU.01,2026-06-06 04:00,ส.คลองบางซื่อ,183600.0,21600.0
WL.CKS.01,2026-06-06 04:00,ส.คลองเจ้าคุณสิงห์,21600.0,0.0
WL.CNS.01,2026-06-06 04:00,ส.คลองช่องนนทรี,108000.0,0.0
WL.CPA.01,2026-06-06 04:00,ส.คลองชักพระ,162000.0,0.0
WL.DKN.01,2026-06-06 04:00,ส.ดาวคะนอง,162000.0,0.0
WL.JRN.01,2026-06-06 04:00,ส.คลองแจงร้อน,32400.0,0.0
WL.KJK.01,2026-06-06 04:00,ส.คลองเจ็ก,14400.0,0.0
WL.KKS.01,2026-06-06 04:00,ส.เทเวศร์,54000.0,0.0
WL.KKS.04,2026-06-06 04:00,ส.กรุงเกษม,90000.0,0.0
WL.KMN.01,2026-06-06 04:00,ส.คลองมอญ,86400.0,0.0
WL.KTY.01,2026-06-06 04:00,ส.คลองเตย,108000.0,0.0
WL.LPN.01,2026-06-06 04:00,ส.คลองเลนเปน,32400.0,10800.0
WL.PKN.01,2026-06-06 04:00,ส.พระโขนง,0.0,0.0
WL.PSC.01,2026-06-06 04:00,ส.คลองภาษีเจริญ,54000.0,0.0
WL.RHN.01,2026-06-06 04:00,ส.คลองระหาญ,21600.0,0.0
WL.RMT.01,2026-06-06 04:00,ส.คลองพระยาราชมนตรี,108000.0,9900.0
WL.SBT.01,2026-06-06 04:00,ส.คลองสี่บาท,21600.0,0.0
WL.SNC.01,2026-06-06 04:00,ส.คลองสนามชัย,162000.0,21600.0
WL.SRE.01,2026-06-06 04:00,ส.คลองสำเหร่,43200.0,0.0
WL.SRG.01,2026-06-06 04:00,ส.คลองสำโรง,270000.0,0.0
WL.SSB.04,2026-06-06 04:00,ส.แสนแสบ-คลองตัน,0.0,0.0
WL.SSN.01,2026-06-06 04:00,ส.สามเสน,162000.0,10800.0
WL.SSN.08,2026-06-06 04:00,ส.สามเสน-ค.แสนแสบ,43200.0,0.0
WL.STR.01,2026-06-06 04:00,ส.สาทร,43200.0,0.0
WL.TUT.01,2026-06-06 04:00,ส.คลองตาอูฐ,0.0,0.0
WL.WSI.01,2026-06-06 04:00,ส.คลองวัดไทร,64800.0,0.0
WL.BJK.01,2026-06-06 05:00,ส.บางจาก,21600.0,0.0
WL.BKA.01,2026-06-06 05:00,ส.คลองบางเขนใหม่,108000.0,9000.0
WL.BKY.01,2026-06-06 05:00,ส.คลองบางกอกใหญ่,194400.0,0.0
WL.BNA.01,2026-06-06 05:00,ส.บางนา,75600.0,7200.0
WL.BOA.01,2026-06-06 05:00,ส.บางอ้อ,64800.0,3600.0
WL.BSK.01,2026-06-06 05:00,ส.คลองบางไส้ไก่,32400.0,0.0
WL.BSU.01,2026-06-06 05:00,ส.คลองบางซื่อ,183600.0,21600.0
WL.CKS.01,2026-06-06 05:00,ส.คลองเจ้าคุณสิงห์,21600.0,0.0
WL.CNS.01,2026-06-06 05:00,ส.คลองช่องนนทรี,108000.0,0.0
WL.CPA.01,2026-06-06 05:00,ส.คลองชักพระ,162000.0,0.0
WL.DKN.01,2026-06-06 05:00,ส.ดาวคะนอง,162000.0,0.0
WL.JRN.01,2026-06-06 05:00,ส.คลองแจงร้อน,32400.0,0.0
WL.KJK.01,2026-06-06 05:00,ส.คลองเจ็ก,14400.0,0.0
WL.KKS.01,2026-06-06 05:00,ส.เทเวศร์,54000.0,0.0
WL.KKS.04,2026-06-06 05:00,ส.กรุงเกษม,90000.0,0.0
WL.KMN.01,2026-06-06 05:00,ส.คลองมอญ,86400.0,0.0
WL.KTY.01,2026-06-06 05:00,ส.คลองเตย,108000.0,0.0
WL.LPN.01,2026-06-06 05:00,ส.คลองเลนเปน,32400.0,8100.0
WL.PKN.01,2026-06-06 05:00,ส.พระโขนง,0.0,0.0
WL.PSC.01,2026-06-06 05:00,ส.คลองภาษีเจริญ,54000.0,0.0
WL.RHN.01,2026-06-06 05:00,ส.คลองระหาญ,21600.0,0.0
WL.RMT.01,2026-06-06 05:00,ส.คลองพระยาราชมนตรี,108000.0,18000.0
WL.SBT.01,2026-06-06 05:00,ส.คลองสี่บาท,21600.0,0.0
WL.SNC.01,2026-06-06 05:00,ส.คลองสนามชัย,162000.0,21600.0
WL.SRE.01,2026-06-06 05:00,ส.คลองสำเหร่,43200.0,0.0
WL.SRG.01,2026-06-06 05:00,ส.คลองสำโรง,270000.0,0.0
WL.SSB.04,2026-06-06 05:00,ส.แสนแสบ-คลองตัน,0.0,0.0
WL.SSN.01,2026-06-06 05:00,ส.สามเสน,162000.0,10800.0
WL.SSN.08,2026-06-06 05:00,ส.สามเสน-ค.แสนแสบ,43200.0,0.0
WL.STR.01,2026-06-06 05:00,ส.สาทร,43200.0,0.0
WL.TUT.01,2026-06-06 05:00,ส.คลองตาอูฐ,0.0,0.0
WL.WSI.01,2026-06-06 05:00,ส.คลองวัดไทร,64800.0,9000.0
WL.BJK.01,2026-06-06 06:00,ส.บางจาก,21600.0,0.0
WL.BKA.01,2026-06-06 06:00,ส.คลองบางเขนใหม่,108000.0,0.0
WL.BKY.01,2026-06-06 06:00,ส.คลองบางกอกใหญ่,194400.0,0.0
WL.BNA.01,2026-06-06 06:00,ส.บางนา,75600.0,0.0
WL.BOA.01,2026-06-06 06:00,ส.บางอ้อ,64800.0,10800.0
WL.BSK.01,2026-06-06 06:00,ส.คลองบางไส้ไก่,32400.0,0.0
WL.BSU.01,2026-06-06 06:00,ส.คลองบางซื่อ,183600.0,21600.0
WL.CKS.01,2026-06-06 06:00,ส.คลองเจ้าคุณสิงห์,21600.0,4200.0
WL.CNS.01,2026-06-06 06:00,ส.คลองช่องนนทรี,108000.0,5400.0
WL.CPA.01,2026-06-06 06:00,ส.คลองชักพระ,162000.0,0.0
WL.DKN.01,2026-06-06 06:00,ส.ดาวคะนอง,162000.0,0.0
WL.JRN.01,2026-06-06 06:00,ส.คลองแจงร้อน,32400.0,0.0
WL.KJK.01,2026-06-06 06:00,ส.คลองเจ็ก,14400.0,0.0
WL.KKS.01,2026-06-06 06:00,ส.เทเวศร์,54000.0,0.0
WL.KKS.04,2026-06-06 06:00,ส.กรุงเกษม,90000.0,0.0
WL.KMN.01,2026-06-06 06:00,ส.คลองมอญ,86400.0,0.0
WL.KTY.01,2026-06-06 06:00,ส.คลองเตย,108000.0,0.0
WL.LPN.01,2026-06-06 06:00,ส.คลองเลนเปน,32400.0,0.0
WL.PKN.01,2026-06-06 06:00,ส.พระโขนง,0.0,0.0
WL.PSC.01,2026-06-06 06:00,ส.คลองภาษีเจริญ,54000.0,0.0
WL.RHN.01,2026-06-06 06:00,ส.คลองระหาญ,21600.0,0.0
WL.RMT.01,2026-06-06 06:00,ส.คลองพระยาราชมนตรี,108000.0,13500.0
WL.SBT.01,2026-06-06 06:00,ส.คลองสี่บาท,21600.0,0.0
WL.SNC.01,2026-06-06 06:00,ส.คลองสนามชัย,162000.0,27900.0
WL.SRE.01,2026-06-06 06:00,ส.คลองสำเหร่,43200.0,1200.0
WL.SRG.01,2026-06-06 06:00,ส.คลองสำโรง,270000.0,0.0
WL.SSB.04,2026-06-06 06:00,ส.แสนแสบ-คลองตัน,0.0,0.0
WL.SSN.01,2026-06-06 06:00,ส.สามเสน,162000.0,10800.0
WL.SSN.08,2026-06-06 06:00,ส.สามเสน-ค.แสนแสบ,43200.0,0.0
WL.STR.01,2026-06-06 06:00,ส.สาทร,43200.0,0.0
WL.TUT.01,2026-06-06 06:00,ส.คลองตาอูฐ,0.0,0.0
WL.WSI.01,2026-06-06 06:00,ส.คลองวัดไทร,64800.0,18000.0
WL.BJK.01,2026-06-06 07:00,ส.บางจาก,21600.0,0.0
WL.BKA.01,2026-06-06 07:00,ส.คลองบางเขนใหม่,108000.0,0.0
WL.BKY.01,2026-06-06 07:00,ส.คลองบางกอกใหญ่,194400.0,0.0
WL.BNA.01,2026-06-06 07:00,ส.บางนา,75600.0,0.0
WL.BOA.01,2026-06-06 07:00,ส.บางอ้อ,64800.0,10800.0
WL.BSK.01,2026-06-06 07:00,ส.คลองบางไส้ไก่,32400.0,0.0
WL.BSU.01,2026-06-06 07:00,ส.คลองบางซื่อ,183600.0,21600.0
WL.CKS.01,2026-06-06 07:00,ส.คลองเจ้าคุณสิงห์,21600.0,0.0
WL.CNS.01,2026-06-06 07:00,ส.คลองช่องนนทรี,108000.0,12600.0
WL.CPA.01,2026-06-06 07:00,ส.คลองชักพระ,162000.0,0.0
WL.DKN.01,2026-06-06 07:00,ส.ดาวคะนอง,162000.0,0.0
WL.JRN.01,2026-06-06 07:00,ส.คลองแจงร้อน,32400.0,0.0
WL.KJK.01,2026-06-06 07:00,ส.คลองเจ็ก,14400.0,0.0
WL.KKS.01,2026-06-06 07:00,ส.เทเวศร์,54000.0,0.0
WL.KKS.04,2026-06-06 07:00,ส.กรุงเกษม,90000.0,0.0
WL.KMN.01,2026-06-06 07:00,ส.คลองมอญ,86400.0,0.0
WL.KTY.01,2026-06-06 07:00,ส.คลองเตย,108000.0,0.0
WL.LPN.01,2026-06-06 07:00,ส.คลองเลนเปน,32400.0,6300.0
WL.PKN.01,2026-06-06 07:00,ส.พระโขนง,0.0,0.0
WL.PSC.01,2026-06-06 07:00,ส.คลองภาษีเจริญ,54000.0,0.0
WL.RHN.01,2026-06-06 07:00,ส.คลองระหาญ,21600.0,0.0
WL.RMT.01,2026-06-06 07:00,ส.คลองพระยาราชมนตรี,108000.0,10800.0
WL.SBT.01,2026-06-06 07:00,ส.คลองสี่บาท,21600.0,0.0
WL.SNC.01,2026-06-06 07:00,ส.คลองสนามชัย,162000.0,25200.0
WL.SRE.01,2026-06-06 07:00,ส.คลองสำเหร่,43200.0,1200.0
WL.SRG.01,2026-06-06 07:00,ส.คลองสำโรง,270000.0,0.0
WL.SSB.04,2026-06-06 07:00,ส.แสนแสบ-คลองตัน,0.0,0.0
WL.SSN.01,2026-06-06 07:00,ส.สามเสน,162000.0,10800.0
WL.SSN.08,2026-06-06 07:00,ส.สามเสน-ค.แสนแสบ,43200.0,0.0
WL.STR.01,2026-06-06 07:00,ส.สาทร,43200.0,0.0
WL.TUT.01,2026-06-06 07:00,ส.คลองตาอูฐ,0.0,0.0
WL.WSI.01,2026-06-06 07:00,ส.คลองวัดไทร,64800.0,0.0
WL.BJK.01,2026-06-06 08:00,ส.บางจาก,21600.0,0.0
WL.BKA.01,2026-06-06 08:00,ส.คลองบางเขนใหม่,108000.0,0.0
WL.BKY.01,2026-06-06 08:00,ส.คลองบางกอกใหญ่,194400.0,0.0
WL.BNA.01,2026-06-06 08:00,ส.บางนา,75600.0,9900.0
WL.BOA.01,2026-06-06 08:00,ส.บางอ้อ,64800.0,0.0
WL.BSK.01,2026-06-06 08:00,ส.คลองบางไส้ไก่,32400.0,0.0
WL.BSU.01,2026-06-06 08:00,ส.คลองบางซื่อ,183600.0,21600.0
WL.CKS.01,2026-06-06 08:00,ส.คลองเจ้าคุณสิงห์,21600.0,1800.0
WL.CNS.01,2026-06-06 08:00,ส.คลองช่องนนทรี,108000.0,0.0
WL.CPA.01,2026-06-06 08:00,ส.คลองชักพระ,162000.0,0.0
WL.DKN.01,2026-06-06 08:00,ส.ดาวคะนอง,162000.0,0.0
WL.JRN.01,2026-06-06 08:00,ส.คลองแจงร้อน,32400.0,0.0
WL.KJK.01,2026-06-06 08:00,ส.คลองเจ็ก,14400.0,0.0
WL.KKS.01,2026-06-06 08:00,ส.เทเวศร์,54000.0,0.0
WL.KKS.04,2026-06-06 08:00,ส.กรุงเกษม,90000.0,0.0
WL.KMN.01,2026-06-06 08:00,ส.คลองมอญ,86400.0,0.0
WL.KTY.01,2026-06-06 08:00,ส.คลองเตย,108000.0,0.0
WL.LPN.01,2026-06-06 08:00,ส.คลองเลนเปน,32400.0,10800.0
WL.PKN.01,2026-06-06 08:00,ส.พระโขนง,0.0,0.0
WL.PSC.01,2026-06-06 08:00,ส.คลองภาษีเจริญ,54000.0,0.0
WL.RHN.01,2026-06-06 08:00,ส.คลองระหาญ,21600.0,0.0
WL.RMT.01,2026-06-06 08:00,ส.คลองพระยาราชมนตรี,108000.0,10800.0
WL.SBT.01,2026-06-06 08:00,ส.คลองสี่บาท,21600.0,0.0
WL.SNC.01,2026-06-06 08:00,ส.คลองสนามชัย,162000.0,32400.0
WL.SRE.01,2026-06-06 08:00,ส.คลองสำเหร่,43200.0,0.0
WL.SRG.01,2026-06-06 08:00,ส.คลองสำโรง,270000.0,0.0
WL.SSB.04,2026-06-06 08:00,ส.แสนแสบ-คลองตัน,0.0,0.0
WL.SSN.01,2026-06-06 08:00,ส.สามเสน,162000.0,10800.0
WL.SSN.08,2026-06-06 08:00,ส.สามเสน-ค.แสนแสบ,43200.0,0.0
WL.STR.01,2026-06-06 08:00,ส.สาทร,43200.0,0.0
WL.TUT.01,2026-06-06 08:00,ส.คลองตาอูฐ,0.0,0.0
WL.WSI.01,2026-06-06 08:00,ส.คลองวัดไทร,64800.0,3600.0
WL.BJK.01,2026-06-06 09:00,ส.บางจาก,21600.0,0.0
WL.BKA.01,2026-06-06 09:00,ส.คลองบางเขนใหม่,108000.0,900.0
WL.BKY.01,2026-06-06 09:00,ส.คลองบางกอกใหญ่,194400.0,0.0
WL.BNA.01,2026-06-06 09:00,ส.บางนา,75600.0,10800.0
WL.BOA.01,2026-06-06 09:00,ส.บางอ้อ,64800.0,0.0
WL.BSK.01,2026-06-06 09:00,ส.คลองบางไส้ไก่,32400.0,0.0
WL.BSU.01,2026-06-06 09:00,ส.คลองบางซื่อ,183600.0,21600.0
WL.CKS.01,2026-06-06 09:00,ส.คลองเจ้าคุณสิงห์,21600.0,2400.0
WL.CNS.01,2026-06-06 09:00,ส.คลองช่องนนทรี,108000.0,0.0
WL.CPA.01,2026-06-06 09:00,ส.คลองชักพระ,162000.0,0.0
WL.DKN.01,2026-06-06 09:00,ส.ดาวคะนอง,162000.0,0.0
WL.JRN.01,2026-06-06 09:00,ส.คลองแจงร้อน,32400.0,0.0
WL.KJK.01,2026-06-06 09:00,ส.คลองเจ็ก,14400.0,0.0
WL.KKS.01,2026-06-06 09:00,ส.เทเวศร์,54000.0,0.0
WL.KKS.04,2026-06-06 09:00,ส.กรุงเกษม,90000.0,0.0
WL.KMN.01,2026-06-06 09:00,ส.คลองมอญ,86400.0,0.0
WL.KTY.01,2026-06-06 09:00,ส.คลองเตย,108000.0,0.0
WL.LPN.01,2026-06-06 09:00,ส.คลองเลนเปน,32400.0,10800.0
WL.PKN.01,2026-06-06 09:00,ส.พระโขนง,0.0,0.0
WL.PSC.01,2026-06-06 09:00,ส.คลองภาษีเจริญ,54000.0,0.0
WL.RHN.01,2026-06-06 09:00,ส.คลองระหาญ,21600.0,0.0
WL.RMT.01,2026-06-06 09:00,ส.คลองพระยาราชมนตรี,108000.0,10800.0
WL.SBT.01,2026-06-06 09:00,ส.คลองสี่บาท,21600.0,0.0
WL.SNC.01,2026-06-06 09:00,ส.คลองสนามชัย,162000.0,30600.0
WL.SRE.01,2026-06-06 09:00,ส.คลองสำเหร่,43200.0,0.0
WL.SRG.01,2026-06-06 09:00,ส.คลองสำโรง,270000.0,0.0
WL.SSB.04,2026-06-06 09:00,ส.แสนแสบ-คลองตัน,0.0,0.0
WL.SSN.01,2026-06-06 09:00,ส.สามเสน,162000.0,10800.0
WL.SSN.08,2026-06-06 09:00,ส.สามเสน-ค.แสนแสบ,43200.0,0.0
WL.STR.01,2026-06-06 09:00,ส.สาทร,43200.0,0.0
WL.TUT.01,2026-06-06 09:00,ส.คลองตาอูฐ,0.0,0.0
WL.WSI.01,2026-06-06 09:00,ส.คลองวัดไทร,64800.0,7200.0
WL.BJK.01,2026-06-06 10:00,ส.บางจาก,21600.0,0.0
WL.BKA.01,2026-06-06 10:00,ส.คลองบางเขนใหม่,108000.0,0.0
WL.BKY.01,2026-06-06 10:00,ส.คลองบางกอกใหญ่,194400.0,0.0
WL.BNA.01,2026-06-06 10:00,ส.บางนา,75600.0,10800.0
WL.BOA.01,2026-06-06 10:00,ส.บางอ้อ,64800.0,0.0
WL.BSK.01,2026-06-06 10:00,ส.คลองบางไส้ไก่,32400.0,0.0
WL.BSU.01,2026-06-06 10:00,ส.คลองบางซื่อ,183600.0,21600.0
WL.CKS.01,2026-06-06 10:00,ส.คลองเจ้าคุณสิงห์,21600.0,0.0
WL.CNS.01,2026-06-06 10:00,ส.คลองช่องนนทรี,108000.0,16200.0
WL.CPA.01,2026-06-06 10:00,ส.คลองชักพระ,162000.0,0.0
WL.DKN.01,2026-06-06 10:00,ส.ดาวคะนอง,162000.0,0.0
WL.JRN.01,2026-06-06 10:00,ส.คลองแจงร้อน,32400.0,0.0
WL.KJK.01,2026-06-06 10:00,ส.คลองเจ็ก,14400.0,0.0
WL.KKS.01,2026-06-06 10:00,ส.เทเวศร์,54000.0,0.0
WL.KKS.04,2026-06-06 10:00,ส.กรุงเกษม,90000.0,0.0
WL.KMN.01,2026-06-06 10:00,ส.คลองมอญ,86400.0,0.0
WL.KTY.01,2026-06-06 10:00,ส.คลองเตย,108000.0,0.0
WL.LPN.01,2026-06-06 10:00,ส.คลองเลนเปน,32400.0,1800.0
WL.PKN.01,2026-06-06 10:00,ส.พระโขนง,0.0,0.0
WL.PSC.01,2026-06-06 10:00,ส.คลองภาษีเจริญ,54000.0,0.0
WL.RHN.01,2026-06-06 10:00,ส.คลองระหาญ,21600.0,0.0
WL.RMT.01,2026-06-06 10:00,ส.คลองพระยาราชมนตรี,108000.0,10800.0
WL.SBT.01,2026-06-06 10:00,ส.คลองสี่บาท,21600.0,0.0
WL.SNC.01,2026-06-06 10:00,ส.คลองสนามชัย,162000.0,21600.0
WL.SRE.01,2026-06-06 10:00,ส.คลองสำเหร่,43200.0,0.0
WL.SRG.01,2026-06-06 10:00,ส.คลองสำโรง,270000.0,0.0
WL.SSB.04,2026-06-06 10:00,ส.แสนแสบ-คลองตัน,0.0,0.0
WL.SSN.01,2026-06-06 10:00,ส.สามเสน,162000.0,10800.0
WL.SSN.08,2026-06-06 10:00,ส.สามเสน-ค.แสนแสบ,43200.0,0.0
WL.STR.01,2026-06-06 10:00,ส.สาทร,43200.0,0.0
WL.TUT.01,2026-06-06 10:00,ส.คลองตาอูฐ,0.0,0.0
WL.WSI.01,2026-06-06 10:00,ส.คลองวัดไทร,64800.0,3600.0
WL.BJK.01,2026-06-06 11:00,ส.บางจาก,21600.0,0.0
WL.BKA.01,2026-06-06 11:00,ส.คลองบางเขนใหม่,108000.0,9000.0
WL.BKY.01,2026-06-06 11:00,ส.คลองบางกอกใหญ่,194400.0,0.0
WL.BNA.01,2026-06-06 11:00,ส.บางนา,75600.0,10800.0
WL.BOA.01,2026-06-06 11:00,ส.บางอ้อ,64800.0,0.0
WL.BSK.01,2026-06-06 11:00,ส.คลองบางไส้ไก่,32400.0,0.0
WL.BSU.01,2026-06-06 11:00,ส.คลองบางซื่อ,183600.0,21600.0
WL.CKS.01,2026-06-06 11:00,ส.คลองเจ้าคุณสิงห์,21600.0,3600.0
WL.CNS.01,2026-06-06 11:00,ส.คลองช่องนนทรี,108000.0,0.0
WL.CPA.01,2026-06-06 11:00,ส.คลองชักพระ,162000.0,0.0
WL.DKN.01,2026-06-06 11:00,ส.ดาวคะนอง,162000.0,0.0
WL.JRN.01,2026-06-06 11:00,ส.คลองแจงร้อน,32400.0,0.0
WL.KJK.01,2026-06-06 11:00,ส.คลองเจ็ก,14400.0,0.0
WL.KKS.01,2026-06-06 11:00,ส.เทเวศร์,54000.0,0.0
WL.KKS.04,2026-06-06 11:00,ส.กรุงเกษม,90000.0,0.0
WL.KMN.01,2026-06-06 11:00,ส.คลองมอญ,86400.0,0.0
WL.KTY.01,2026-06-06 11:00,ส.คลองเตย,108000.0,0.0
WL.LPN.01,2026-06-06 11:00,ส.คลองเลนเปน,32400.0,5400.0
WL.PKN.01,2026-06-06 11:00,ส.พระโขนง,0.0,0.0
WL.PSC.01,2026-06-06 11:00,ส.คลองภาษีเจริญ,54000.0,0.0
WL.RHN.01,2026-06-06 11:00,ส.คลองระหาญ,21600.0,0.0
WL.RMT.01,2026-06-06 11:00,ส.คลองพระยาราชมนตรี,108000.0,9900.0
WL.SBT.01,2026-06-06 11:00,ส.คลองสี่บาท,21600.0,0.0
WL.SNC.01,2026-06-06 11:00,ส.คลองสนามชัย,162000.0,29700.0
WL.SRE.01,2026-06-06 11:00,ส.คลองสำเหร่,43200.0,0.0
WL.SRG.01,2026-06-06 11:00,ส.คลองสำโรง,270000.0,0.0
WL.SSB.04,2026-06-06 11:00,ส.แสนแสบ-คลองตัน,0.0,0.0
WL.SSN.01,2026-06-06 11:00,ส.สามเสน,162000.0,10800.0
WL.SSN.08,2026-06-06 11:00,ส.สามเสน-ค.แสนแสบ,43200.0,0.0
WL.STR.01,2026-06-06 11:00,ส.สาทร,43200.0,0.0
WL.TUT.01,2026-06-06 11:00,ส.คลองตาอูฐ,0.0,0.0
WL.WSI.01,2026-06-06 11:00,ส.คลองวัดไทร,64800.0,0.0
WL.BJK.01,2026-06-06 12:00,ส.บางจาก,21600.0,0.0
WL.BKA.01,2026-06-06 12:00,ส.คลองบางเขนใหม่,108000.0,0.0
WL.BKY.01,2026-06-06 12:00,ส.คลองบางกอกใหญ่,194400.0,0.0
WL.BNA.01,2026-06-06 12:00,ส.บางนา,75600.0,10800.0
WL.BOA.01,2026-06-06 12:00,ส.บางอ้อ,64800.0,0.0
WL.BSK.01,2026-06-06 12:00,ส.คลองบางไส้ไก่,32400.0,0.0
WL.BSU.01,2026-06-06 12:00,ส.คลองบางซื่อ,183600.0,8100.0
WL.CKS.01,2026-06-06 12:00,ส.คลองเจ้าคุณสิงห์,21600.0,7200.0
WL.CNS.01,2026-06-06 12:00,ส.คลองช่องนนทรี,108000.0,0.0
WL.CPA.01,2026-06-06 12:00,ส.คลองชักพระ,162000.0,0.0
WL.DKN.01,2026-06-06 12:00,ส.ดาวคะนอง,162000.0,1800.0
WL.JRN.01,2026-06-06 12:00,ส.คลองแจงร้อน,32400.0,0.0
WL.KJK.01,2026-06-06 12:00,ส.คลองเจ็ก,14400.0,0.0
WL.KKS.01,2026-06-06 12:00,ส.เทเวศร์,54000.0,0.0
WL.KKS.04,2026-06-06 12:00,ส.กรุงเกษม,90000.0,0.0
WL.KMN.01,2026-06-06 12:00,ส.คลองมอญ,86400.0,0.0
WL.KTY.01,2026-06-06 12:00,ส.คลองเตย,108000.0,0.0
WL.LPN.01,2026-06-06 12:00,ส.คลองเลนเปน,32400.0,6300.0
WL.PKN.01,2026-06-06 12:00,ส.พระโขนง,0.0,0.0
WL.PSC.01,2026-06-06 12:00,ส.คลองภาษีเจริญ,54000.0,0.0
WL.RHN.01,2026-06-06 12:00,ส.คลองระหาญ,21600.0,0.0
WL.RMT.01,2026-06-06 12:00,ส.คลองพระยาราชมนตรี,108000.0,21600.0
WL.SBT.01,2026-06-06 12:00,ส.คลองสี่บาท,21600.0,0.0
WL.SNC.01,2026-06-06 12:00,ส.คลองสนามชัย,162000.0,41400.0
WL.SRE.01,2026-06-06 12:00,ส.คลองสำเหร่,43200.0,0.0
WL.SRG.01,2026-06-06 12:00,ส.คลองสำโรง,270000.0,0.0
WL.SSB.04,2026-06-06 12:00,ส.แสนแสบ-คลองตัน,0.0,0.0
WL.SSN.01,2026-06-06 12:00,ส.สามเสน,162000.0,10800.0
WL.SSN.08,2026-06-06 12:00,ส.สามเสน-ค.แสนแสบ,43200.0,0.0
WL.STR.01,2026-06-06 12:00,ส.สาทร,43200.0,0.0
WL.TUT.01,2026-06-06 12:00,ส.คลองตาอูฐ,0.0,0.0
WL.WSI.01,2026-06-06 12:00,ส.คลองวัดไทร,64800.0,0.0
WL.BJK.01,2026-06-06 13:00,ส.บางจาก,21600.0,0.0
WL.BKA.01,2026-06-06 13:00,ส.คลองบางเขนใหม่,108000.0,2700.0
WL.BKY.01,2026-06-06 13:00,ส.คลองบางกอกใหญ่,194400.0,0.0
WL.BNA.01,2026-06-06 13:00,ส.บางนา,75600.0,10800.0
WL.BOA.01,2026-06-06 13:00,ส.บางอ้อ,64800.0,0.0
WL.BSK.01,2026-06-06 13:00,ส.คลองบางไส้ไก่,32400.0,0.0
WL.BSU.01,2026-06-06 13:00,ส.คลองบางซื่อ,183600.0,0.0
WL.CKS.01,2026-06-06 13:00,ส.คลองเจ้าคุณสิงห์,21600.0,3600.0
WL.CNS.01,2026-06-06 13:00,ส.คลองช่องนนทรี,108000.0,0.0
WL.CPA.01,2026-06-06 13:00,ส.คลองชักพระ,162000.0,0.0
WL.DKN.01,2026-06-06 13:00,ส.ดาวคะนอง,162000.0,0.0
WL.JRN.01,2026-06-06 13:00,ส.คลองแจงร้อน,32400.0,0.0
WL.KJK.01,2026-06-06 13:00,ส.คลองเจ็ก,14400.0,0.0
WL.KKS.01,2026-06-06 13:00,ส.เทเวศร์,54000.0,0.0
WL.KKS.04,2026-06-06 13:00,ส.กรุงเกษม,90000.0,0.0
WL.KMN.01,2026-06-06 13:00,ส.คลองมอญ,86400.0,0.0
WL.KTY.01,2026-06-06 13:00,ส.คลองเตย,108000.0,0.0
WL.LPN.01,2026-06-06 13:00,ส.คลองเลนเปน,32400.0,0.0
WL.PKN.01,2026-06-06 13:00,ส.พระโขนง,0.0,0.0
WL.PSC.01,2026-06-06 13:00,ส.คลองภาษีเจริญ,54000.0,0.0
WL.RHN.01,2026-06-06 13:00,ส.คลองระหาญ,21600.0,0.0
WL.RMT.01,2026-06-06 13:00,ส.คลองพระยาราชมนตรี,108000.0,21600.0
WL.SBT.01,2026-06-06 13:00,ส.คลองสี่บาท,21600.0,0.0
WL.SNC.01,2026-06-06 13:00,ส.คลองสนามชัย,162000.0,23400.0
WL.SRE.01,2026-06-06 13:00,ส.คลองสำเหร่,43200.0,0.0
WL.SRG.01,2026-06-06 13:00,ส.คลองสำโรง,270000.0,0.0
WL.SSB.04,2026-06-06 13:00,ส.แสนแสบ-คลองตัน,0.0,0.0
WL.SSN.01,2026-06-06 13:00,ส.สามเสน,162000.0,10800.0
WL.SSN.08,2026-06-06 13:00,ส.สามเสน-ค.แสนแสบ,43200.0,0.0
WL.STR.01,2026-06-06 13:00,ส.สาทร,43200.0,0.0
WL.TUT.01,2026-06-06 13:00,ส.คลองตาอูฐ,0.0,0.0
WL.WSI.01,2026-06-06 13:00,ส.คลองวัดไทร,64800.0,0.0
WL.BJK.01,2026-06-06 14:00,ส.บางจาก,21600.0,0.0
WL.BKA.01,2026-06-06 14:00,ส.คลองบางเขนใหม่,108000.0,10800.0
WL.BKY.01,2026-06-06 14:00,ส.คลองบางกอกใหญ่,194400.0,0.0
WL.BNA.01,2026-06-06 14:00,ส.บางนา,75600.0,900.0
WL.BOA.01,2026-06-06 14:00,ส.บางอ้อ,64800.0,0.0
WL.BSK.01,2026-06-06 14:00,ส.คลองบางไส้ไก่,32400.0,0.0
WL.BSU.01,2026-06-06 14:00,ส.คลองบางซื่อ,183600.0,0.0
WL.CKS.01,2026-06-06 14:00,ส.คลองเจ้าคุณสิงห์,21600.0,0.0
WL.CNS.01,2026-06-06 14:00,ส.คลองช่องนนทรี,108000.0,0.0
WL.CPA.01,2026-06-06 14:00,ส.คลองชักพระ,162000.0,0.0
WL.DKN.01,2026-06-06 14:00,ส.ดาวคะนอง,162000.0,0.0
WL.JRN.01,2026-06-06 14:00,ส.คลองแจงร้อน,32400.0,0.0
WL.KJK.01,2026-06-06 14:00,ส.คลองเจ็ก,14400.0,0.0
WL.KKS.01,2026-06-06 14:00,ส.เทเวศร์,54000.0,0.0
WL.KKS.04,2026-06-06 14:00,ส.กรุงเกษม,90000.0,0.0
WL.KMN.01,2026-06-06 14:00,ส.คลองมอญ,86400.0,0.0
WL.KTY.01,2026-06-06 14:00,ส.คลองเตย,108000.0,0.0
WL.LPN.01,2026-06-06 14:00,ส.คลองเลนเปน,32400.0,8100.0
WL.PKN.01,2026-06-06 14:00,ส.พระโขนง,0.0,0.0
WL.PSC.01,2026-06-06 14:00,ส.คลองภาษีเจริญ,54000.0,0.0
WL.RHN.01,2026-06-06 14:00,ส.คลองระหาญ,21600.0,0.0
WL.RMT.01,2026-06-06 14:00,ส.คลองพระยาราชมนตรี,108000.0,11700.0
WL.SBT.01,2026-06-06 14:00,ส.คลองสี่บาท,21600.0,0.0
WL.SNC.01,2026-06-06 14:00,ส.คลองสนามชัย,162000.0,21600.0
WL.SRE.01,2026-06-06 14:00,ส.คลองสำเหร่,43200.0,0.0
WL.SRG.01,2026-06-06 14:00,ส.คลองสำโรง,270000.0,0.0
WL.SSB.04,2026-06-06 14:00,ส.แสนแสบ-คลองตัน,0.0,0.0
WL.SSN.01,2026-06-06 14:00,ส.สามเสน,162000.0,10800.0
WL.SSN.08,2026-06-06 14:00,ส.สามเสน-ค.แสนแสบ,43200.0,0.0
WL.STR.01,2026-06-06 14:00,ส.สาทร,43200.0,0.0
WL.TUT.01,2026-06-06 14:00,ส.คลองตาอูฐ,0.0,0.0
WL.WSI.01,2026-06-06 14:00,ส.คลองวัดไทร,64800.0,0.0
WL.BJK.01,2026-06-06 15:00,ส.บางจาก,21600.0,0.0
WL.BKA.01,2026-06-06 15:00,ส.คลองบางเขนใหม่,108000.0,10800.0
WL.BKY.01,2026-06-06 15:00,ส.คลองบางกอกใหญ่,194400.0,0.0
WL.BNA.01,2026-06-06 15:00,ส.บางนา,75600.0,0.0
WL.BOA.01,2026-06-06 15:00,ส.บางอ้อ,64800.0,0.0
WL.BSK.01,2026-06-06 15:00,ส.คลองบางไส้ไก่,32400.0,0.0
WL.BSU.01,2026-06-06 15:00,ส.คลองบางซื่อ,183600.0,0.0
WL.CKS.01,2026-06-06 15:00,ส.คลองเจ้าคุณสิงห์,21600.0,7200.0
WL.CNS.01,2026-06-06 15:00,ส.คลองช่องนนทรี,108000.0,19800.0
WL.CPA.01,2026-06-06 15:00,ส.คลองชักพระ,162000.0,0.0
WL.DKN.01,2026-06-06 15:00,ส.ดาวคะนอง,162000.0,0.0
WL.JRN.01,2026-06-06 15:00,ส.คลองแจงร้อน,32400.0,0.0
WL.KJK.01,2026-06-06 15:00,ส.คลองเจ็ก,14400.0,0.0
WL.KKS.01,2026-06-06 15:00,ส.เทเวศร์,54000.0,0.0
WL.KKS.04,2026-06-06 15:00,ส.กรุงเกษม,90000.0,0.0
WL.KMN.01,2026-06-06 15:00,ส.คลองมอญ,86400.0,0.0
WL.KTY.01,2026-06-06 15:00,ส.คลองเตย,108000.0,0.0
WL.LPN.01,2026-06-06 15:00,ส.คลองเลนเปน,32400.0,10800.0
WL.PKN.01,2026-06-06 15:00,ส.พระโขนง,0.0,0.0
WL.PSC.01,2026-06-06 15:00,ส.คลองภาษีเจริญ,54000.0,0.0
WL.RHN.01,2026-06-06 15:00,ส.คลองระหาญ,21600.0,0.0
WL.RMT.01,2026-06-06 15:00,ส.คลองพระยาราชมนตรี,108000.0,9900.0
WL.SBT.01,2026-06-06 15:00,ส.คลองสี่บาท,21600.0,0.0
WL.SNC.01,2026-06-06 15:00,ส.คลองสนามชัย,162000.0,21600.0
WL.SRE.01,2026-06-06 15:00,ส.คลองสำเหร่,43200.0,0.0
WL.SRG.01,2026-06-06 15:00,ส.คลองสำโรง,270000.0,0.0
WL.SSB.04,2026-06-06 15:00,ส.แสนแสบ-คลองตัน,0.0,0.0
WL.SSN.01,2026-06-06 15:00,ส.สามเสน,162000.0,10800.0
WL.SSN.08,2026-06-06 15:00,ส.สามเสน-ค.แสนแสบ,43200.0,0.0
WL.STR.01,2026-06-06 15:00,ส.สาทร,43200.0,0.0
WL.TUT.01,2026-06-06 15:00,ส.คลองตาอูฐ,0.0,0.0
WL.WSI.01,2026-06-06 15:00,ส.คลองวัดไทร,64800.0,0.0
WL.BJK.01,2026-06-06 16:00,ส.บางจาก,21600.0,0.0
WL.BKA.01,2026-06-06 16:00,ส.คลองบางเขนใหม่,108000.0,10800.0
WL.BKY.01,2026-06-06 16:00,ส.คลองบางกอกใหญ่,194400.0,0.0
WL.BNA.01,2026-06-06 16:00,ส.บางนา,75600.0,0.0
WL.BOA.01,2026-06-06 16:00,ส.บางอ้อ,64800.0,0.0
WL.BSK.01,2026-06-06 16:00,ส.คลองบางไส้ไก่,32400.0,0.0
WL.BSU.01,2026-06-06 16:00,ส.คลองบางซื่อ,183600.0,2700.0
WL.CKS.01,2026-06-06 16:00,ส.คลองเจ้าคุณสิงห์,21600.0,3600.0
WL.CNS.01,2026-06-06 16:00,ส.คลองช่องนนทรี,108000.0,0.0
WL.CPA.01,2026-06-06 16:00,ส.คลองชักพระ,162000.0,0.0
WL.DKN.01,2026-06-06 16:00,ส.ดาวคะนอง,162000.0,0.0
WL.JRN.01,2026-06-06 16:00,ส.คลองแจงร้อน,32400.0,0.0
WL.KJK.01,2026-06-06 16:00,ส.คลองเจ็ก,14400.0,0.0
WL.KKS.01,2026-06-06 16:00,ส.เทเวศร์,54000.0,0.0
WL.KKS.04,2026-06-06 16:00,ส.กรุงเกษม,90000.0,0.0
WL.KMN.01,2026-06-06 16:00,ส.คลองมอญ,86400.0,0.0
WL.KTY.01,2026-06-06 16:00,ส.คลองเตย,108000.0,0.0
WL.LPN.01,2026-06-06 16:00,ส.คลองเลนเปน,32400.0,3600.0
WL.PKN.01,2026-06-06 16:00,ส.พระโขนง,0.0,0.0
WL.PSC.01,2026-06-06 16:00,ส.คลองภาษีเจริญ,54000.0,0.0
WL.RHN.01,2026-06-06 16:00,ส.คลองระหาญ,21600.0,10800.0
WL.RMT.01,2026-06-06 16:00,ส.คลองพระยาราชมนตรี,108000.0,14400.0
WL.SBT.01,2026-06-06 16:00,ส.คลองสี่บาท,21600.0,0.0
WL.SNC.01,2026-06-06 16:00,ส.คลองสนามชัย,162000.0,6300.0
WL.SRE.01,2026-06-06 16:00,ส.คลองสำเหร่,43200.0,0.0
WL.SRG.01,2026-06-06 16:00,ส.คลองสำโรง,270000.0,0.0
WL.SSB.04,2026-06-06 16:00,ส.แสนแสบ-คลองตัน,0.0,0.0
WL.SSN.01,2026-06-06 16:00,ส.สามเสน,162000.0,10800.0
WL.SSN.08,2026-06-06 16:00,ส.สามเสน-ค.แสนแสบ,43200.0,0.0
WL.STR.01,2026-06-06 16:00,ส.สาทร,43200.0,0.0
WL.TUT.01,2026-06-06 16:00,ส.คลองตาอูฐ,0.0,0.0
WL.WSI.01,2026-06-06 16:00,ส.คลองวัดไทร,64800.0,5400.0
WL.BJK.01,2026-06-06 17:00,ส.บางจาก,21600.0,0.0
WL.BKA.01,2026-06-06 17:00,ส.คลองบางเขนใหม่,108000.0,10800.0
WL.BKY.01,2026-06-06 17:00,ส.คลองบางกอกใหญ่,194400.0,0.0
WL.BNA.01,2026-06-06 17:00,ส.บางนา,75600.0,0.0
WL.BOA.01,2026-06-06 17:00,ส.บางอ้อ,64800.0,0.0
WL.BSK.01,2026-06-06 17:00,ส.คลองบางไส้ไก่,32400.0,0.0
WL.BSU.01,2026-06-06 17:00,ส.คลองบางซื่อ,183600.0,10800.0
WL.CKS.01,2026-06-06 17:00,ส.คลองเจ้าคุณสิงห์,21600.0,0.0
WL.CNS.01,2026-06-06 17:00,ส.คลองช่องนนทรี,108000.0,0.0
WL.CPA.01,2026-06-06 17:00,ส.คลองชักพระ,162000.0,0.0
WL.DKN.01,2026-06-06 17:00,ส.ดาวคะนอง,162000.0,0.0
WL.JRN.01,2026-06-06 17:00,ส.คลองแจงร้อน,32400.0,0.0
WL.KJK.01,2026-06-06 17:00,ส.คลองเจ็ก,14400.0,0.0
WL.KKS.01,2026-06-06 17:00,ส.เทเวศร์,54000.0,0.0
WL.KKS.04,2026-06-06 17:00,ส.กรุงเกษม,90000.0,0.0
WL.KMN.01,2026-06-06 17:00,ส.คลองมอญ,86400.0,0.0
WL.KTY.01,2026-06-06 17:00,ส.คลองเตย,108000.0,0.0
WL.LPN.01,2026-06-06 17:00,ส.คลองเลนเปน,32400.0,0.0
WL.PKN.01,2026-06-06 17:00,ส.พระโขนง,0.0,0.0
WL.PSC.01,2026-06-06 17:00,ส.คลองภาษีเจริญ,54000.0,0.0
WL.RHN.01,2026-06-06 17:00,ส.คลองระหาญ,21600.0,3600.0
WL.RMT.01,2026-06-06 17:00,ส.คลองพระยาราชมนตรี,108000.0,19800.0
WL.SBT.01,2026-06-06 17:00,ส.คลองสี่บาท,21600.0,0.0
WL.SNC.01,2026-06-06 17:00,ส.คลองสนามชัย,162000.0,0.0
WL.SRE.01,2026-06-06 17:00,ส.คลองสำเหร่,43200.0,0.0
WL.SRG.01,2026-06-06 17:00,ส.คลองสำโรง,270000.0,0.0
WL.SSB.04,2026-06-06 17:00,ส.แสนแสบ-คลองตัน,0.0,0.0
WL.SSN.01,2026-06-06 17:00,ส.สามเสน,162000.0,10800.0
WL.SSN.08,2026-06-06 17:00,ส.สามเสน-ค.แสนแสบ,43200.0,0.0
WL.STR.01,2026-06-06 17:00,ส.สาทร,43200.0,0.0
WL.TUT.01,2026-06-06 17:00,ส.คลองตาอูฐ,0.0,0.0
WL.WSI.01,2026-06-06 17:00,ส.คลองวัดไทร,64800.0,9000.0
WL.BJK.01,2026-06-06 18:00,ส.บางจาก,21600.0,0.0
WL.BKA.01,2026-06-06 18:00,ส.คลองบางเขนใหม่,108000.0,9900.0
WL.BKY.01,2026-06-06 18:00,ส.คลองบางกอกใหญ่,194400.0,0.0
WL.BNA.01,2026-06-06 18:00,ส.บางนา,75600.0,900.0
WL.BOA.01,2026-06-06 18:00,ส.บางอ้อ,64800.0,0.0
WL.BSK.01,2026-06-06 18:00,ส.คลองบางไส้ไก่,32400.0,0.0
WL.BSU.01,2026-06-06 18:00,ส.คลองบางซื่อ,183600.0,14400.0
WL.CKS.01,2026-06-06 18:00,ส.คลองเจ้าคุณสิงห์,21600.0,0.0
WL.CNS.01,2026-06-06 18:00,ส.คลองช่องนนทรี,108000.0,0.0
WL.CPA.01,2026-06-06 18:00,ส.คลองชักพระ,162000.0,0.0
WL.DKN.01,2026-06-06 18:00,ส.ดาวคะนอง,162000.0,0.0
WL.JRN.01,2026-06-06 18:00,ส.คลองแจงร้อน,32400.0,0.0
WL.KJK.01,2026-06-06 18:00,ส.คลองเจ็ก,14400.0,0.0
WL.KKS.01,2026-06-06 18:00,ส.เทเวศร์,54000.0,0.0
WL.KKS.04,2026-06-06 18:00,ส.กรุงเกษม,90000.0,0.0
WL.KMN.01,2026-06-06 18:00,ส.คลองมอญ,86400.0,0.0
WL.KTY.01,2026-06-06 18:00,ส.คลองเตย,108000.0,0.0
WL.LPN.01,2026-06-06 18:00,ส.คลองเลนเปน,32400.0,8100.0
WL.PKN.01,2026-06-06 18:00,ส.พระโขนง,0.0,0.0
WL.PSC.01,2026-06-06 18:00,ส.คลองภาษีเจริญ,54000.0,0.0
WL.RHN.01,2026-06-06 18:00,ส.คลองระหาญ,21600.0,0.0
WL.RMT.01,2026-06-06 18:00,ส.คลองพระยาราชมนตรี,108000.0,18000.0
WL.SBT.01,2026-06-06 18:00,ส.คลองสี่บาท,21600.0,0.0
WL.SNC.01,2026-06-06 18:00,ส.คลองสนามชัย,162000.0,0.0
WL.SRE.01,2026-06-06 18:00,ส.คลองสำเหร่,43200.0,0.0
WL.SRG.01,2026-06-06 18:00,ส.คลองสำโรง,270000.0,0.0
WL.SSB.04,2026-06-06 18:00,ส.แสนแสบ-คลองตัน,0.0,0.0
WL.SSN.01,2026-06-06 18:00,ส.สามเสน,162000.0,10800.0
WL.SSN.08,2026-06-06 18:00,ส.สามเสน-ค.แสนแสบ,43200.0,0.0
WL.STR.01,2026-06-06 18:00,ส.สาทร,43200.0,0.0
WL.TUT.01,2026-06-06 18:00,ส.คลองตาอูฐ,0.0,0.0
WL.WSI.01,2026-06-06 18:00,ส.คลองวัดไทร,64800.0,0.0
WL.BJK.01,2026-06-06 19:00,ส.บางจาก,21600.0,0.0
WL.BKA.01,2026-06-06 19:00,ส.คลองบางเขนใหม่,108000.0,13500.0
WL.BKY.01,2026-06-06 19:00,ส.คลองบางกอกใหญ่,194400.0,0.0
WL.BNA.01,2026-06-06 19:00,ส.บางนา,75600.0,10800.0
WL.BOA.01,2026-06-06 19:00,ส.บางอ้อ,64800.0,10800.0
WL.BSK.01,2026-06-06 19:00,ส.คลองบางไส้ไก่,32400.0,0.0
WL.BSU.01,2026-06-06 19:00,ส.คลองบางซื่อ,183600.0,31500.0
WL.CKS.01,2026-06-06 19:00,ส.คลองเจ้าคุณสิงห์,21600.0,3600.0
WL.CNS.01,2026-06-06 19:00,ส.คลองช่องนนทรี,108000.0,0.0
WL.CPA.01,2026-06-06 19:00,ส.คลองชักพระ,162000.0,0.0
WL.DKN.01,2026-06-06 19:00,ส.ดาวคะนอง,162000.0,0.0
WL.JRN.01,2026-06-06 19:00,ส.คลองแจงร้อน,32400.0,0.0
WL.KJK.01,2026-06-06 19:00,ส.คลองเจ็ก,14400.0,0.0
WL.KKS.01,2026-06-06 19:00,ส.เทเวศร์,54000.0,0.0
WL.KKS.04,2026-06-06 19:00,ส.กรุงเกษม,90000.0,0.0
WL.KMN.01,2026-06-06 19:00,ส.คลองมอญ,86400.0,0.0
WL.KTY.01,2026-06-06 19:00,ส.คลองเตย,108000.0,0.0
WL.LPN.01,2026-06-06 19:00,ส.คลองเลนเปน,32400.0,10800.0
WL.PKN.01,2026-06-06 19:00,ส.พระโขนง,0.0,0.0
WL.PSC.01,2026-06-06 19:00,ส.คลองภาษีเจริญ,54000.0,0.0
WL.RHN.01,2026-06-06 19:00,ส.คลองระหาญ,21600.0,0.0
WL.RMT.01,2026-06-06 19:00,ส.คลองพระยาราชมนตรี,108000.0,14400.0
WL.SBT.01,2026-06-06 19:00,ส.คลองสี่บาท,21600.0,0.0
WL.SNC.01,2026-06-06 19:00,ส.คลองสนามชัย,162000.0,0.0
WL.SRE.01,2026-06-06 19:00,ส.คลองสำเหร่,43200.0,0.0
WL.SRG.01,2026-06-06 19:00,ส.คลองสำโรง,270000.0,0.0
WL.SSB.04,2026-06-06 19:00,ส.แสนแสบ-คลองตัน,0.0,0.0
WL.SSN.01,2026-06-06 19:00,ส.สามเสน,162000.0,10800.0
WL.SSN.08,2026-06-06 19:00,ส.สามเสน-ค.แสนแสบ,43200.0,0.0
WL.STR.01,2026-06-06 19:00,ส.สาทร,43200.0,0.0
WL.TUT.01,2026-06-06 19:00,ส.คลองตาอูฐ,0.0,0.0
WL.WSI.01,2026-06-06 19:00,ส.คลองวัดไทร,64800.0,0.0
WL.BJK.01,2026-06-06 20:00,ส.บางจาก,21600.0,0.0
WL.BKA.01,2026-06-06 20:00,ส.คลองบางเขนใหม่,108000.0,12600.0
WL.BKY.01,2026-06-06 20:00,ส.คลองบางกอกใหญ่,194400.0,0.0
WL.BNA.01,2026-06-06 20:00,ส.บางนา,75600.0,10800.0
WL.BOA.01,2026-06-06 20:00,ส.บางอ้อ,64800.0,10800.0
WL.BSK.01,2026-06-06 20:00,ส.คลองบางไส้ไก่,32400.0,0.0
WL.BSU.01,2026-06-06 20:00,ส.คลองบางซื่อ,183600.0,32400.0
WL.CKS.01,2026-06-06 20:00,ส.คลองเจ้าคุณสิงห์,21600.0,0.0
WL.CNS.01,2026-06-06 20:00,ส.คลองช่องนนทรี,108000.0,19800.0
WL.CPA.01,2026-06-06 20:00,ส.คลองชักพระ,162000.0,0.0
WL.DKN.01,2026-06-06 20:00,ส.ดาวคะนอง,162000.0,0.0
WL.JRN.01,2026-06-06 20:00,ส.คลองแจงร้อน,32400.0,0.0
WL.KJK.01,2026-06-06 20:00,ส.คลองเจ็ก,14400.0,0.0
WL.KKS.01,2026-06-06 20:00,ส.เทเวศร์,54000.0,0.0
WL.KKS.04,2026-06-06 20:00,ส.กรุงเกษม,90000.0,0.0
WL.KMN.01,2026-06-06 20:00,ส.คลองมอญ,86400.0,0.0
WL.KTY.01,2026-06-06 20:00,ส.คลองเตย,108000.0,0.0
WL.LPN.01,2026-06-06 20:00,ส.คลองเลนเปน,32400.0,10800.0
WL.PKN.01,2026-06-06 20:00,ส.พระโขนง,0.0,0.0
WL.PSC.01,2026-06-06 20:00,ส.คลองภาษีเจริญ,54000.0,0.0
WL.RHN.01,2026-06-06 20:00,ส.คลองระหาญ,21600.0,0.0
WL.RMT.01,2026-06-06 20:00,ส.คลองพระยาราชมนตรี,108000.0,12600.0
WL.SBT.01,2026-06-06 20:00,ส.คลองสี่บาท,21600.0,0.0
WL.SNC.01,2026-06-06 20:00,ส.คลองสนามชัย,162000.0,16200.0
WL.SRE.01,2026-06-06 20:00,ส.คลองสำเหร่,43200.0,0.0
WL.SRG.01,2026-06-06 20:00,ส.คลองสำโรง,270000.0,0.0
WL.SSB.04,2026-06-06 20:00,ส.แสนแสบ-คลองตัน,0.0,0.0
WL.SSN.01,2026-06-06 20:00,ส.สามเสน,162000.0,900.0
WL.SSN.08,2026-06-06 20:00,ส.สามเสน-ค.แสนแสบ,43200.0,0.0
WL.STR.01,2026-06-06 20:00,ส.สาทร,43200.0,0.0
WL.TUT.01,2026-06-06 20:00,ส.คลองตาอูฐ,0.0,0.0
WL.WSI.01,2026-06-06 20:00,ส.คลองวัดไทร,64800.0,3600.0
WL.BJK.01,2026-06-06 21:00,ส.บางจาก,21600.0,0.0
WL.BKA.01,2026-06-06 21:00,ส.คลองบางเขนใหม่,108000.0,10800.0
WL.BKY.01,2026-06-06 21:00,ส.คลองบางกอกใหญ่,194400.0,0.0
WL.BNA.01,2026-06-06 21:00,ส.บางนา,75600.0,18900.0
WL.BOA.01,2026-06-06 21:00,ส.บางอ้อ,64800.0,7200.0
WL.BSK.01,2026-06-06 21:00,ส.คลองบางไส้ไก่,32400.0,0.0
WL.BSU.01,2026-06-06 21:00,ส.คลองบางซื่อ,183600.0,21600.0
WL.CKS.01,2026-06-06 21:00,ส.คลองเจ้าคุณสิงห์,21600.0,0.0
WL.CNS.01,2026-06-06 21:00,ส.คลองช่องนนทรี,108000.0,0.0
WL.CPA.01,2026-06-06 21:00,ส.คลองชักพระ,162000.0,0.0
WL.DKN.01,2026-06-06 21:00,ส.ดาวคะนอง,162000.0,0.0
WL.JRN.01,2026-06-06 21:00,ส.คลองแจงร้อน,32400.0,0.0
WL.KJK.01,2026-06-06 21:00,ส.คลองเจ็ก,14400.0,0.0
WL.KKS.01,2026-06-06 21:00,ส.เทเวศร์,54000.0,0.0
WL.KKS.04,2026-06-06 21:00,ส.กรุงเกษม,90000.0,0.0
WL.KMN.01,2026-06-06 21:00,ส.คลองมอญ,86400.0,0.0
WL.KTY.01,2026-06-06 21:00,ส.คลองเตย,108000.0,0.0
WL.LPN.01,2026-06-06 21:00,ส.คลองเลนเปน,32400.0,2700.0
WL.PKN.01,2026-06-06 21:00,ส.พระโขนง,0.0,0.0
WL.PSC.01,2026-06-06 21:00,ส.คลองภาษีเจริญ,54000.0,0.0
WL.RHN.01,2026-06-06 21:00,ส.คลองระหาญ,21600.0,0.0
WL.RMT.01,2026-06-06 21:00,ส.คลองพระยาราชมนตรี,108000.0,9000.0
WL.SBT.01,2026-06-06 21:00,ส.คลองสี่บาท,21600.0,0.0
WL.SNC.01,2026-06-06 21:00,ส.คลองสนามชัย,162000.0,21600.0
WL.SRE.01,2026-06-06 21:00,ส.คลองสำเหร่,43200.0,0.0
WL.SRG.01,2026-06-06 21:00,ส.คลองสำโรง,270000.0,0.0
WL.SSB.04,2026-06-06 21:00,ส.แสนแสบ-คลองตัน,0.0,0.0
WL.SSN.01,2026-06-06 21:00,ส.สามเสน,162000.0,0.0
WL.SSN.08,2026-06-06 21:00,ส.สามเสน-ค.แสนแสบ,43200.0,0.0
WL.STR.01,2026-06-06 21:00,ส.สาทร,43200.0,0.0
WL.TUT.01,2026-06-06 21:00,ส.คลองตาอูฐ,0.0,0.0
WL.WSI.01,2026-06-06 21:00,ส.คลองวัดไทร,64800.0,10800.0
WL.BJK.01,2026-06-06 22:00,ส.บางจาก,21600.0,0.0
WL.BKA.01,2026-06-06 22:00,ส.คลองบางเขนใหม่,108000.0,10800.0
WL.BKY.01,2026-06-06 22:00,ส.คลองบางกอกใหญ่,194400.0,0.0
WL.BNA.01,2026-06-06 22:00,ส.บางนา,75600.0,18000.0
WL.BOA.01,2026-06-06 22:00,ส.บางอ้อ,64800.0,0.0
WL.BSK.01,2026-06-06 22:00,ส.คลองบางไส้ไก่,32400.0,0.0
WL.BSU.01,2026-06-06 22:00,ส.คลองบางซื่อ,183600.0,10800.0
WL.CKS.01,2026-06-06 22:00,ส.คลองเจ้าคุณสิงห์,21600.0,0.0
WL.CNS.01,2026-06-06 22:00,ส.คลองช่องนนทรี,108000.0,0.0
WL.CPA.01,2026-06-06 22:00,ส.คลองชักพระ,162000.0,0.0
WL.DKN.01,2026-06-06 22:00,ส.ดาวคะนอง,162000.0,0.0
WL.JRN.01,2026-06-06 22:00,ส.คลองแจงร้อน,32400.0,0.0
WL.KJK.01,2026-06-06 22:00,ส.คลองเจ็ก,14400.0,0.0
WL.KKS.01,2026-06-06 22:00,ส.เทเวศร์,54000.0,0.0
WL.KKS.04,2026-06-06 22:00,ส.กรุงเกษม,90000.0,0.0
WL.KMN.01,2026-06-06 22:00,ส.คลองมอญ,86400.0,0.0
WL.KTY.01,2026-06-06 22:00,ส.คลองเตย,108000.0,0.0
WL.LPN.01,2026-06-06 22:00,ส.คลองเลนเปน,32400.0,0.0
WL.PKN.01,2026-06-06 22:00,ส.พระโขนง,0.0,0.0
WL.PSC.01,2026-06-06 22:00,ส.คลองภาษีเจริญ,54000.0,0.0
WL.RHN.01,2026-06-06 22:00,ส.คลองระหาญ,21600.0,9600.0
WL.RMT.01,2026-06-06 22:00,ส.คลองพระยาราชมนตรี,108000.0,9000.0
WL.SBT.01,2026-06-06 22:00,ส.คลองสี่บาท,21600.0,0.0
WL.SNC.01,2026-06-06 22:00,ส.คลองสนามชัย,162000.0,21600.0
WL.SRE.01,2026-06-06 22:00,ส.คลองสำเหร่,43200.0,10800.0
WL.SRG.01,2026-06-06 22:00,ส.คลองสำโรง,270000.0,0.0
WL.SSB.04,2026-06-06 22:00,ส.แสนแสบ-คลองตัน,0.0,0.0
WL.SSN.01,2026-06-06 22:00,ส.สามเสน,162000.0,0.0
WL.SSN.08,2026-06-06 22:00,ส.สามเสน-ค.แสนแสบ,43200.0,0.0
WL.STR.01,2026-06-06 22:00,ส.สาทร,43200.0,0.0
WL.TUT.01,2026-06-06 22:00,ส.คลองตาอูฐ,0.0,0.0
WL.WSI.01,2026-06-06 22:00,ส.คลองวัดไทร,64800.0,0.0
WL.BJK.01,2026-06-06 23:00,ส.บางจาก,21600.0,0.0
WL.BKA.01,2026-06-06 23:00,ส.คลองบางเขนใหม่,108000.0,10800.0
WL.BKY.01,2026-06-06 23:00,ส.คลองบางกอกใหญ่,194400.0,0.0
WL.BNA.01,2026-06-06 23:00,ส.บางนา,75600.0,10800.0
WL.BOA.01,2026-06-06 23:00,ส.บางอ้อ,64800.0,0.0
WL.BSK.01,2026-06-06 23:00,ส.คลองบางไส้ไก่,32400.0,0.0
WL.BSU.01,2026-06-06 23:00,ส.คลองบางซื่อ,183600.0,10800.0
WL.CKS.01,2026-06-06 23:00,ส.คลองเจ้าคุณสิงห์,21600.0,0.0
WL.CNS.01,2026-06-06 23:00,ส.คลองช่องนนทรี,108000.0,0.0
WL.CPA.01,2026-06-06 23:00,ส.คลองชักพระ,162000.0,0.0
WL.DKN.01,2026-06-06 23:00,ส.ดาวคะนอง,162000.0,0.0
WL.JRN.01,2026-06-06 23:00,ส.คลองแจงร้อน,32400.0,0.0
WL.KJK.01,2026-06-06 23:00,ส.คลองเจ็ก,14400.0,0.0
WL.KKS.01,2026-06-06 23:00,ส.เทเวศร์,54000.0,0.0
WL.KKS.04,2026-06-06 23:00,ส.กรุงเกษม,90000.0,0.0
WL.KMN.01,2026-06-06 23:00,ส.คลองมอญ,86400.0,0.0
WL.KTY.01,2026-06-06 23:00,ส.คลองเตย,108000.0,0.0
WL.LPN.01,2026-06-06 23:00,ส.คลองเลนเปน,32400.0,2700.0
WL.PKN.01,2026-06-06 23:00,ส.พระโขนง,0.0,0.0
WL.PSC.01,2026-06-06 23:00,ส.คลองภาษีเจริญ,54000.0,0.0
WL.RHN.01,2026-06-06 23:00,ส.คลองระหาญ,21600.0,14400.0
WL.RMT.01,2026-06-06 23:00,ส.คลองพระยาราชมนตรี,108000.0,9900.0
WL.SBT.01,2026-06-06 23:00,ส.คลองสี่บาท,21600.0,0.0
WL.SNC.01,2026-06-06 23:00,ส.คลองสนามชัย,162000.0,21600.0
WL.SRE.01,2026-06-06 23:00,ส.คลองสำเหร่,43200.0,2400.0
WL.SRG.01,2026-06-06 23:00,ส.คลองสำโรง,270000.0,0.0
WL.SSB.04,2026-06-06 23:00,ส.แสนแสบ-คลองตัน,0.0,0.0
WL.SSN.01,2026-06-06 23:00,ส.สามเสน,162000.0,0.0
WL.SSN.08,2026-06-06 23:00,ส.สามเสน-ค.แสนแสบ,43200.0,0.0
WL.STR.01,2026-06-06 23:00,ส.สาทร,43200.0,0.0
WL.TUT.01,2026-06-06 23:00,ส.คลองตาอูฐ,0.0,0.0
WL.WSI.01,2026-06-06 23:00,ส.คลองวัดไทร,64800.0,0.0
