run,scenario,pump,measured_m3s,advised_first_m3s,advised_max_m3s,start_step,capacity_m3s
2026-10-05 21:32,forecast,RE44,9.8,41.3,51.0,0,60.0
2026-10-05 21:32,forecast,WL.BSU.01,7.0,25.4,25.5,0,51.0
2026-10-05 21:32,forecast,WL.KTY.01,4.9,25.5,25.5,0,30.0
2026-10-05 21:32,forecast,TN.PRM,4.9,20.8,24.5,0,30.0
2026-10-05 21:32,forecast,RW21,0.3,1.7,1.7,0,2.0
2026-10-05 21:32,forecast,WL.BOA.01,0.7,1.6,5.1,1,18.0
2026-10-05 21:32,forecast,TN.NBN,9.8,7.9,18.3,2,60.0
2026-10-05 21:32,forecast,WL.SBT.01,1.0,0.0,5.1,2,6.0
2026-10-05 21:32,forecast,WL.KMN.01,5.4,0.0,9.2,6,24.0
2026-10-05 21:32,forecast,RE01,1.5,0.0,6.6,7,9.0
2026-10-05 21:32,forecast,WL.STR.01,0.1,0.0,1.6,10,12.0
2026-10-05 21:32,forecast,RE34,28.5,0.0,30.4,,175.0
2026-10-05 21:32,forecast,WL.BKY.01,8.6,0.0,0.6,,54.0
2026-10-05 21:32,forecast,WL.SSN.01,8.6,0.0,2.1,,45.0
2026-10-05 21:32,forecast,WL.CPA.01,7.3,0.0,2.5,,45.0
2026-10-05 21:32,forecast,WL.DKN.01,2.9,0.0,3.0,,45.0
2026-10-05 21:32,forecast,WL.SNC.01,9.1,0.0,4.3,,45.0
2026-10-05 21:32,forecast,RE32,7.3,0.0,2.0,,45.0
2026-10-05 21:32,forecast,WL.CNS.01,4.9,0.0,0.5,,30.0
2026-10-05 21:32,forecast,WL.RMT.01,6.6,0.0,3.0,,30.0
2026-10-05 21:32,forecast,WL.KKS.04,4.1,0.0,1.9,,25.0
2026-10-05 21:32,forecast,WL.BNA.01,6.0,0.0,7.1,,21.0
2026-10-05 21:32,forecast,WL.WSI.01,0.0,0.0,1.8,,18.0
2026-10-05 21:32,forecast,WL.PSC.01,2.4,0.0,2.2,,15.0
2026-10-05 21:32,forecast,RW28,2.4,0.0,0.5,,15.0
2026-10-05 21:32,forecast,WL.JRN.01,1.3,0.0,1.3,,9.0
2026-10-05 21:32,forecast,WL.LPN.01,3.7,0.0,2.3,,9.0
2026-10-05 21:32,forecast,RW17,1.5,0.0,1.1,,9.0
2026-10-05 21:32,forecast,WL.RHN.01,2.6,0.0,3.0,,6.0
2026-10-05 21:32,forecast,RW19,1.0,0.0,1.3,,6.0
2026-10-05 21:32,forecast,RW29,0.7,0.0,1.1,,4.0
2026-10-05 21:32,forecast,RE21,0.3,0.0,0.9,,1.85
2026-10-05 21:32,extreme,RE44,9.8,51.0,51.0,0,60.0
2026-10-05 21:32,extreme,WL.BSU.01,7.0,25.5,25.5,0,51.0
2026-10-05 21:32,extreme,WL.KTY.01,4.9,25.5,25.5,0,30.0
2026-10-05 21:32,extreme,TN.PRM,4.9,20.8,25.5,0,30.0
2026-10-05 21:32,extreme,WL.KMN.01,5.4,13.0,13.0,0,24.0
2026-10-05 21:32,extreme,WL.LPN.01,3.7,7.6,7.6,0,9.0
2026-10-05 21:32,extreme,WL.SBT.01,1.0,5.1,5.1,0,6.0
2026-10-05 21:32,extreme,WL.RHN.01,2.6,3.8,3.8,0,6.0
2026-10-05 21:32,extreme,RW21,0.3,1.7,1.7,0,2.0
2026-10-05 21:32,extreme,TN.NBN,9.8,11.3,20.4,1,60.0
2026-10-05 21:32,extreme,WL.BNA.01,6.0,5.4,11.6,1,21.0
2026-10-05 21:32,extreme,WL.BOA.01,0.7,1.7,7.2,1,18.0
2026-10-05 21:32,extreme,WL.PSC.01,2.4,0.0,12.8,2,15.0
2026-10-05 21:32,extreme,RE01,1.5,0.0,7.6,2,9.0
2026-10-05 21:32,extreme,WL.RMT.01,6.6,0.5,19.2,4,30.0
2026-10-05 21:32,extreme,RW28,2.4,0.0,5.0,5,15.0
2026-10-05 21:32,extreme,RE07,0.7,0.0,3.4,5,4.0
2026-10-05 21:32,extreme,RW29,0.7,0.0,3.4,5,4.0
2026-10-05 21:32,extreme,WL.CPA.01,7.3,0.0,12.0,6,45.0
2026-10-05 21:32,extreme,WL.WSI.01,0.0,0.0,5.5,6,18.0
2026-10-05 21:32,extreme,WL.STR.01,0.1,0.0,3.8,6,12.0
2026-10-05 21:32,extreme,RE21,0.3,0.0,1.6,6,1.85
2026-10-05 21:32,extreme,WL.JRN.01,1.3,0.0,3.3,7,9.0
2026-10-05 21:32,extreme,RW19,1.0,0.0,3.2,7,6.0
2026-10-05 21:32,extreme,WL.DKN.01,2.9,0.0,9.9,9,45.0
2026-10-05 21:32,extreme,WL.SNC.01,9.1,0.0,14.6,9,45.0
2026-10-05 21:32,extreme,WL.KKS.04,4.1,0.0,6.8,9,25.0
2026-10-05 21:32,extreme,RW17,1.5,0.0,2.8,9,9.0
2026-10-05 21:32,extreme,RE34,28.5,7.2,43.3,,175.0
2026-10-05 21:32,extreme,WL.BKY.01,8.6,0.0,7.3,,54.0
2026-10-05 21:32,extreme,WL.SSN.01,8.6,0.0,5.0,,45.0
2026-10-05 21:32,extreme,RE32,7.3,0.0,6.8,,45.0
2026-10-05 21:32,extreme,WL.BKA.01,9.3,0.0,8.5,,30.0
2026-10-05 21:32,extreme,WL.CNS.01,4.9,0.0,2.0,,30.0
2026-10-05 21:32,extreme,WL.KKS.01,0.3,0.0,1.0,,15.0
2026-10-05 21:32,extreme,RW08,2.4,0.0,0.6,,15.0
2026-10-05 21:32,extreme,WL.SRE.01,0.5,0.0,0.6,,12.0
2026-10-05 21:32,extreme,WL.BSK.01,0.9,0.0,0.6,,9.0
2026-10-05 21:32,extreme,RW04,1.5,0.0,0.6,,9.0
2026-10-05 21:32,extreme,RE37,1.3,0.0,0.6,,8.0
2026-10-05 21:32,extreme,RE18,1.1,0.0,0.9,,7.0
2026-10-05 21:32,extreme,RE19,1.0,0.0,0.6,,6.0
2026-10-05 21:32,extreme,RW05,1.0,0.0,0.7,,6.0
2026-10-05 21:32,extreme,RW15,0.7,0.0,1.4,,4.0
2026-10-05 21:32,extreme,RW18,0.7,0.0,1.0,,4.0
2026-10-05 21:32,extreme,RE26,0.2,0.0,0.8,,1.5
2026-10-05 21:32,extreme,RE30,0.2,0.0,0.5,,1.5
2026-10-05 21:32,extreme,RW09,0.2,0.0,0.6,,1.0
2026-10-05 21:38,forecast,RE44,9.8,41.3,51.0,0,60.0
2026-10-05 21:38,forecast,WL.BSU.01,7.0,25.4,25.5,0,51.0
2026-10-05 21:38,forecast,WL.KTY.01,4.9,25.5,25.5,0,30.0
2026-10-05 21:38,forecast,TN.PRM,4.9,20.8,24.5,0,30.0
2026-10-05 21:38,forecast,RW21,0.3,1.7,1.7,0,2.0
2026-10-05 21:38,forecast,WL.BOA.01,0.7,1.6,5.1,1,18.0
2026-10-05 21:38,forecast,TN.NBN,9.8,7.9,18.3,2,60.0
2026-10-05 21:38,forecast,WL.SBT.01,1.0,0.0,5.1,2,6.0
2026-10-05 21:38,forecast,WL.KMN.01,5.4,0.0,9.5,6,24.0
2026-10-05 21:38,forecast,RE01,1.5,0.0,6.7,7,9.0
2026-10-05 21:38,forecast,WL.STR.01,0.1,0.0,1.6,10,12.0
2026-10-05 21:38,forecast,RE34,28.5,0.0,30.4,,175.0
2026-10-05 21:38,forecast,WL.BKY.01,8.6,0.0,0.6,,54.0
2026-10-05 21:38,forecast,WL.SSN.01,8.6,0.0,2.1,,45.0
2026-10-05 21:38,forecast,WL.CPA.01,7.3,0.0,2.5,,45.0
2026-10-05 21:38,forecast,WL.DKN.01,2.9,0.0,3.0,,45.0
2026-10-05 21:38,forecast,WL.SNC.01,9.1,0.0,4.3,,45.0
2026-10-05 21:38,forecast,RE32,7.3,0.0,2.0,,45.0
2026-10-05 21:38,forecast,WL.CNS.01,4.9,0.0,0.5,,30.0
2026-10-05 21:38,forecast,WL.RMT.01,6.6,0.0,3.0,,30.0
2026-10-05 21:38,forecast,WL.KKS.04,4.1,0.0,1.9,,25.0
2026-10-05 21:38,forecast,WL.BNA.01,6.0,0.0,7.1,,21.0
2026-10-05 21:38,forecast,WL.WSI.01,0.0,0.0,1.8,,18.0
2026-10-05 21:38,forecast,WL.PSC.01,2.4,0.0,2.2,,15.0
2026-10-05 21:38,forecast,RW28,2.4,0.0,0.6,,15.0
2026-10-05 21:38,forecast,WL.JRN.01,1.3,0.0,1.3,,9.0
2026-10-05 21:38,forecast,WL.LPN.01,3.7,0.0,2.3,,9.0
2026-10-05 21:38,forecast,RW17,1.5,0.0,1.1,,9.0
2026-10-05 21:38,forecast,WL.RHN.01,2.6,0.0,3.0,,6.0
2026-10-05 21:38,forecast,RW19,1.0,0.0,1.3,,6.0
2026-10-05 21:38,forecast,RW29,0.7,0.0,1.1,,4.0
2026-10-05 21:38,forecast,RE21,0.3,0.0,0.9,,1.85
2026-10-05 21:38,extreme,RE44,9.8,51.0,51.0,0,60.0
2026-10-05 21:38,extreme,WL.BSU.01,7.0,25.5,25.5,0,51.0
2026-10-05 21:38,extreme,WL.KTY.01,4.9,25.5,25.5,0,30.0
2026-10-05 21:38,extreme,TN.PRM,4.9,20.8,25.5,0,30.0
2026-10-05 21:38,extreme,WL.KMN.01,5.4,13.0,13.0,0,24.0
2026-10-05 21:38,extreme,WL.LPN.01,3.7,7.6,7.6,0,9.0
2026-10-05 21:38,extreme,WL.SBT.01,1.0,5.1,5.1,0,6.0
2026-10-05 21:38,extreme,WL.RHN.01,2.6,3.8,3.8,0,6.0
2026-10-05 21:38,extreme,RW21,0.3,1.7,1.7,0,2.0
2026-10-05 21:38,extreme,TN.NBN,9.8,11.3,20.4,1,60.0
2026-10-05 21:38,extreme,WL.BNA.01,6.0,5.5,11.6,1,21.0
2026-10-05 21:38,extreme,WL.BOA.01,0.7,1.7,7.2,1,18.0
2026-10-05 21:38,extreme,WL.PSC.01,2.4,0.0,12.8,2,15.0
2026-10-05 21:38,extreme,RE01,1.5,0.0,7.6,2,9.0
2026-10-05 21:38,extreme,WL.RMT.01,6.6,0.5,19.2,4,30.0
2026-10-05 21:38,extreme,RW28,2.4,0.0,5.0,5,15.0
2026-10-05 21:38,extreme,RE07,0.7,0.0,3.4,5,4.0
2026-10-05 21:38,extreme,RW29,0.7,0.0,3.4,5,4.0
2026-10-05 21:38,extreme,WL.CPA.01,7.3,0.0,11.9,6,45.0
2026-10-05 21:38,extreme,WL.WSI.01,0.0,0.0,5.5,6,18.0
2026-10-05 21:38,extreme,WL.STR.01,0.1,0.0,3.8,6,12.0
2026-10-05 21:38,extreme,RE21,0.3,0.0,1.6,6,1.85
2026-10-05 21:38,extreme,WL.JRN.01,1.3,0.0,3.3,7,9.0
2026-10-05 21:38,extreme,RW19,1.0,0.0,3.2,7,6.0
2026-10-05 21:38,extreme,WL.DKN.01,2.9,0.0,9.9,9,45.0
2026-10-05 21:38,extreme,WL.SNC.01,9.1,0.0,14.6,9,45.0
2026-10-05 21:38,extreme,WL.KKS.04,4.1,0.0,6.8,9,25.0
2026-10-05 21:38,extreme,RW17,1.5,0.0,2.8,9,9.0
2026-10-05 21:38,extreme,RE34,28.5,7.2,43.3,,175.0
2026-10-05 21:38,extreme,WL.BKY.01,8.6,0.0,7.3,,54.0
2026-10-05 21:38,extreme,WL.SSN.01,8.6,0.0,5.0,,45.0
2026-10-05 21:38,extreme,RE32,7.3,0.0,6.8,,45.0
2026-10-05 21:38,extreme,WL.BKA.01,9.3,0.0,8.5,,30.0
2026-10-05 21:38,extreme,WL.CNS.01,4.9,0.0,2.0,,30.0
2026-10-05 21:38,extreme,WL.KKS.01,0.3,0.0,1.0,,15.0
2026-10-05 21:38,extreme,RW08,2.4,0.0,0.6,,15.0
2026-10-05 21:38,extreme,WL.SRE.01,0.5,0.0,0.6,,12.0
2026-10-05 21:38,extreme,WL.BSK.01,0.9,0.0,0.6,,9.0
2026-10-05 21:38,extreme,RW04,1.5,0.0,0.6,,9.0
2026-10-05 21:38,extreme,RE37,1.3,0.0,0.6,,8.0
2026-10-05 21:38,extreme,RE18,1.1,0.0,0.9,,7.0
2026-10-05 21:38,extreme,RE19,1.0,0.0,0.6,,6.0
2026-10-05 21:38,extreme,RW05,1.0,0.0,0.7,,6.0
2026-10-05 21:38,extreme,RW15,0.7,0.0,1.4,,4.0
2026-10-05 21:38,extreme,RW18,0.7,0.0,1.0,,4.0
2026-10-05 21:38,extreme,RE26,0.2,0.0,0.8,,1.5
2026-10-05 21:38,extreme,RE30,0.2,0.0,0.5,,1.5
2026-10-05 21:38,extreme,RW09,0.2,0.0,0.6,,1.0
2026-10-05 22:26,forecast,RE44,9.8,41.3,51.0,0,60.0
2026-10-05 22:26,forecast,WL.BSU.01,7.0,25.4,25.5,0,51.0
2026-10-05 22:26,forecast,WL.KTY.01,4.9,25.5,25.5,0,30.0
2026-10-05 22:26,forecast,TN.PRM,4.9,21.0,24.4,0,30.0
2026-10-05 22:26,forecast,RW21,0.3,1.7,1.7,0,2.0
2026-10-05 22:26,forecast,TN.NBN,9.8,8.4,18.2,1,60.0
2026-10-05 22:26,forecast,WL.BOA.01,0.7,2.1,5.2,1,18.0
2026-10-05 22:26,forecast,WL.SBT.01,1.0,0.0,5.1,2,6.0
2026-10-05 22:26,forecast,WL.KMN.01,5.4,0.0,8.7,6,24.0
2026-10-05 22:26,forecast,RE01,1.5,0.0,5.9,6,9.0
2026-10-05 22:26,forecast,WL.STR.01,0.1,0.0,1.5,9,12.0
2026-10-05 22:26,forecast,RE34,28.5,0.0,30.8,,175.0
2026-10-05 22:26,forecast,WL.BKY.01,8.6,0.0,0.6,,54.0
2026-10-05 22:26,forecast,WL.SSN.01,8.6,0.0,2.0,,45.0
2026-10-05 22:26,forecast,WL.CPA.01,7.3,0.0,2.3,,45.0
2026-10-05 22:26,forecast,WL.DKN.01,2.9,0.0,3.5,,45.0
2026-10-05 22:26,forecast,WL.SNC.01,9.1,0.0,4.9,,45.0
2026-10-05 22:26,forecast,RE32,7.3,0.0,2.0,,45.0
2026-10-05 22:26,forecast,WL.RMT.01,6.6,0.0,3.3,,30.0
2026-10-05 22:26,forecast,WL.KKS.04,4.1,0.0,1.9,,25.0
2026-10-05 22:26,forecast,WL.BNA.01,6.0,0.0,7.2,,21.0
2026-10-05 22:26,forecast,WL.WSI.01,0.0,0.0,1.7,,18.0
2026-10-05 22:26,forecast,WL.PSC.01,2.4,0.0,2.3,,15.0
2026-10-05 22:26,forecast,WL.JRN.01,1.3,0.0,1.4,,9.0
2026-10-05 22:26,forecast,WL.LPN.01,3.7,0.0,2.4,,9.0
2026-10-05 22:26,forecast,RW17,1.5,0.0,1.3,,9.0
2026-10-05 22:26,forecast,WL.RHN.01,2.6,0.0,2.8,,6.0
2026-10-05 22:26,forecast,RW19,1.0,0.0,1.5,,6.0
2026-10-05 22:26,forecast,RW29,0.7,0.0,1.0,,4.0
2026-10-05 22:26,forecast,RE21,0.3,0.0,0.9,,1.85
2026-10-05 22:26,extreme,RE44,9.8,51.0,51.0,0,60.0
2026-10-05 22:26,extreme,WL.BSU.01,7.0,25.5,25.5,0,51.0
2026-10-05 22:26,extreme,WL.KTY.01,4.9,25.5,25.5,0,30.0
2026-10-05 22:26,extreme,TN.PRM,4.9,21.3,25.5,0,30.0
2026-10-05 22:26,extreme,WL.KMN.01,5.4,13.0,13.0,0,24.0
2026-10-05 22:26,extreme,WL.BNA.01,6.0,9.9,11.6,0,21.0
2026-10-05 22:26,extreme,WL.BOA.01,0.7,3.0,7.5,0,18.0
2026-10-05 22:26,extreme,WL.LPN.01,3.7,7.6,7.6,0,9.0
2026-10-05 22:26,extreme,WL.SBT.01,1.0,5.1,5.1,0,6.0
2026-10-05 22:26,extreme,WL.RHN.01,2.6,3.8,3.8,0,6.0
2026-10-05 22:26,extreme,RW21,0.3,1.7,1.7,0,2.0
2026-10-05 22:26,extreme,TN.NBN,9.8,12.8,21.9,1,60.0
2026-10-05 22:26,extreme,RE01,1.5,0.0,7.6,1,9.0
2026-10-05 22:26,extreme,WL.PSC.01,2.4,0.0,12.8,2,15.0
2026-10-05 22:26,extreme,WL.RMT.01,6.6,0.8,19.2,4,30.0
2026-10-05 22:26,extreme,RW28,2.4,0.0,5.1,5,15.0
2026-10-05 22:26,extreme,WL.STR.01,0.1,0.0,4.3,5,12.0
2026-10-05 22:26,extreme,RE07,0.7,0.0,3.4,5,4.0
2026-10-05 22:26,extreme,RW29,0.7,0.0,3.4,5,4.0
2026-10-05 22:26,extreme,WL.WSI.01,0.0,0.0,6.3,6,18.0
2026-10-05 22:26,extreme,RE21,0.3,0.0,1.6,6,1.85
2026-10-05 22:26,extreme,WL.JRN.01,1.3,0.0,3.8,7,9.0
2026-10-05 22:26,extreme,RW19,1.0,0.0,3.7,7,6.0
2026-10-05 22:26,extreme,RW18,0.7,0.0,1.8,7,4.0
2026-10-05 22:26,extreme,WL.DKN.01,2.9,0.0,11.4,9,45.0
2026-10-05 22:26,extreme,WL.SNC.01,9.1,0.0,16.7,9,45.0
2026-10-05 22:26,extreme,WL.KKS.04,4.1,0.0,7.9,9,25.0
2026-10-05 22:26,extreme,RW17,1.5,0.0,3.3,9,9.0
2026-10-05 22:26,extreme,RW15,0.7,0.0,1.7,9,4.0
2026-10-05 22:26,extreme,RE34,28.5,8.2,44.5,,175.0
2026-10-05 22:26,extreme,WL.BKY.01,8.6,0.0,8.0,,54.0
2026-10-05 22:26,extreme,WL.SSN.01,8.6,0.0,5.6,,45.0
2026-10-05 22:26,extreme,WL.CPA.01,7.3,0.0,11.8,,45.0
2026-10-05 22:26,extreme,RE32,7.3,0.0,7.4,,45.0
2026-10-05 22:26,extreme,WL.BKA.01,9.3,0.0,8.5,,30.0
2026-10-05 22:26,extreme,WL.CNS.01,4.9,0.0,2.2,,30.0
2026-10-05 22:26,extreme,WL.KKS.01,0.3,0.0,1.1,,15.0
2026-10-05 22:26,extreme,RW08,2.4,0.0,0.7,,15.0
2026-10-05 22:26,extreme,WL.SRE.01,0.5,0.0,0.7,,12.0
2026-10-05 22:26,extreme,WL.BSK.01,0.9,0.0,0.9,,9.0
2026-10-05 22:26,extreme,RW04,1.5,0.0,0.6,,9.0
2026-10-05 22:26,extreme,RE37,1.3,0.0,0.7,,8.0
2026-10-05 22:26,extreme,RE18,1.1,0.0,1.0,,7.0
2026-10-05 22:26,extreme,RE19,1.0,0.0,0.7,,6.0
2026-10-05 22:26,extreme,RW05,1.0,0.0,0.7,,6.0
2026-10-05 22:26,extreme,RE26,0.2,0.0,0.9,,1.5
2026-10-05 22:26,extreme,RW09,0.2,0.0,0.7,,1.0
2026-10-05 22:38,forecast,RE44,9.8,41.3,51.0,0,60.0
2026-10-05 22:38,forecast,WL.BSU.01,7.0,25.4,25.5,0,51.0
2026-10-05 22:38,forecast,WL.KTY.01,4.9,25.5,25.5,0,30.0
2026-10-05 22:38,forecast,TN.PRM,4.9,21.0,24.4,0,30.0
2026-10-05 22:38,forecast,RW21,0.3,1.7,1.7,0,2.0
2026-10-05 22:38,forecast,TN.NBN,9.8,8.4,18.2,1,60.0
2026-10-05 22:38,forecast,WL.BOA.01,0.7,2.1,5.2,1,18.0
2026-10-05 22:38,forecast,WL.SBT.01,1.0,0.0,5.1,2,6.0
2026-10-05 22:38,forecast,WL.KMN.01,5.4,0.0,8.7,6,24.0
2026-10-05 22:38,forecast,RE01,1.5,0.0,5.9,6,9.0
2026-10-05 22:38,forecast,WL.STR.01,0.1,0.0,1.5,9,12.0
2026-10-05 22:38,forecast,RE34,28.5,0.0,30.8,,175.0
2026-10-05 22:38,forecast,WL.BKY.01,8.6,0.0,0.6,,54.0
2026-10-05 22:38,forecast,WL.SSN.01,8.6,0.0,2.0,,45.0
2026-10-05 22:38,forecast,WL.CPA.01,7.3,0.0,2.3,,45.0
2026-10-05 22:38,forecast,WL.DKN.01,2.9,0.0,3.5,,45.0
2026-10-05 22:38,forecast,WL.SNC.01,9.1,0.0,4.9,,45.0
2026-10-05 22:38,forecast,RE32,7.3,0.0,2.0,,45.0
2026-10-05 22:38,forecast,WL.RMT.01,6.6,0.0,3.3,,30.0
2026-10-05 22:38,forecast,WL.KKS.04,4.1,0.0,1.9,,25.0
2026-10-05 22:38,forecast,WL.BNA.01,6.0,0.0,7.2,,21.0
2026-10-05 22:38,forecast,WL.WSI.01,0.0,0.0,1.7,,18.0
2026-10-05 22:38,forecast,WL.PSC.01,2.4,0.0,2.3,,15.0
2026-10-05 22:38,forecast,WL.JRN.01,1.3,0.0,1.4,,9.0
2026-10-05 22:38,forecast,WL.LPN.01,3.7,0.0,2.4,,9.0
2026-10-05 22:38,forecast,RW17,1.5,0.0,1.3,,9.0
2026-10-05 22:38,forecast,WL.RHN.01,2.6,0.0,2.8,,6.0
2026-10-05 22:38,forecast,RW19,1.0,0.0,1.5,,6.0
2026-10-05 22:38,forecast,RW29,0.7,0.0,1.0,,4.0
2026-10-05 22:38,forecast,RE21,0.3,0.0,0.9,,1.85
2026-10-05 22:38,extreme,RE44,9.8,51.0,51.0,0,60.0
2026-10-05 22:38,extreme,WL.BSU.01,7.0,25.5,25.5,0,51.0
2026-10-05 22:38,extreme,WL.KTY.01,4.9,25.5,25.5,0,30.0
2026-10-05 22:38,extreme,TN.PRM,4.9,21.3,25.5,0,30.0
2026-10-05 22:38,extreme,WL.KMN.01,5.4,13.0,13.0,0,24.0
2026-10-05 22:38,extreme,WL.BNA.01,6.0,9.9,11.6,0,21.0
2026-10-05 22:38,extreme,WL.BOA.01,0.7,3.0,7.5,0,18.0
2026-10-05 22:38,extreme,WL.LPN.01,3.7,7.6,7.6,0,9.0
2026-10-05 22:38,extreme,WL.SBT.01,1.0,5.1,5.1,0,6.0
2026-10-05 22:38,extreme,WL.RHN.01,2.6,3.8,3.8,0,6.0
2026-10-05 22:38,extreme,RW21,0.3,1.7,1.7,0,2.0
2026-10-05 22:38,extreme,TN.NBN,9.8,12.8,21.9,1,60.0
2026-10-05 22:38,extreme,RE01,1.5,0.0,7.6,1,9.0
2026-10-05 22:38,extreme,WL.PSC.01,2.4,0.0,12.8,2,15.0
2026-10-05 22:38,extreme,WL.RMT.01,6.6,0.8,19.2,4,30.0
2026-10-05 22:38,extreme,RW28,2.4,0.0,5.1,5,15.0
2026-10-05 22:38,extreme,WL.STR.01,0.1,0.0,4.3,5,12.0
2026-10-05 22:38,extreme,RE07,0.7,0.0,3.4,5,4.0
2026-10-05 22:38,extreme,RW29,0.7,0.0,3.4,5,4.0
2026-10-05 22:38,extreme,WL.WSI.01,0.0,0.0,6.3,6,18.0
2026-10-05 22:38,extreme,RE21,0.3,0.0,1.6,6,1.85
2026-10-05 22:38,extreme,WL.JRN.01,1.3,0.0,3.8,7,9.0
2026-10-05 22:38,extreme,RW19,1.0,0.0,3.7,7,6.0
2026-10-05 22:38,extreme,RW18,0.7,0.0,1.8,7,4.0
2026-10-05 22:38,extreme,WL.DKN.01,2.9,0.0,11.4,9,45.0
2026-10-05 22:38,extreme,WL.SNC.01,9.1,0.0,16.7,9,45.0
2026-10-05 22:38,extreme,WL.KKS.04,4.1,0.0,7.9,9,25.0
2026-10-05 22:38,extreme,RW17,1.5,0.0,3.3,9,9.0
2026-10-05 22:38,extreme,RW15,0.7,0.0,1.7,9,4.0
2026-10-05 22:38,extreme,RE34,28.5,8.2,44.5,,175.0
2026-10-05 22:38,extreme,WL.BKY.01,8.6,0.0,8.0,,54.0
2026-10-05 22:38,extreme,WL.SSN.01,8.6,0.0,5.6,,45.0
2026-10-05 22:38,extreme,WL.CPA.01,7.3,0.0,11.8,,45.0
2026-10-05 22:38,extreme,RE32,7.3,0.0,7.4,,45.0
2026-10-05 22:38,extreme,WL.BKA.01,9.3,0.0,8.5,,30.0
2026-10-05 22:38,extreme,WL.CNS.01,4.9,0.0,2.2,,30.0
2026-10-05 22:38,extreme,WL.KKS.01,0.3,0.0,1.1,,15.0
2026-10-05 22:38,extreme,RW08,2.4,0.0,0.7,,15.0
2026-10-05 22:38,extreme,WL.SRE.01,0.5,0.0,0.7,,12.0
2026-10-05 22:38,extreme,WL.BSK.01,0.9,0.0,0.9,,9.0
2026-10-05 22:38,extreme,RW04,1.5,0.0,0.6,,9.0
2026-10-05 22:38,extreme,RE37,1.3,0.0,0.7,,8.0
2026-10-05 22:38,extreme,RE18,1.1,0.0,1.0,,7.0
2026-10-05 22:38,extreme,RE19,1.0,0.0,0.7,,6.0
2026-10-05 22:38,extreme,RW05,1.0,0.0,0.7,,6.0
2026-10-05 22:38,extreme,RE26,0.2,0.0,0.9,,1.5
2026-10-05 22:38,extreme,RW09,0.2,0.0,0.7,,1.0
2026-10-05 23:26,forecast,RE44,9.8,41.3,51.0,0,60.0
2026-10-05 23:26,forecast,WL.BSU.01,7.0,25.4,25.5,0,51.0
2026-10-05 23:26,forecast,WL.KTY.01,4.9,25.5,25.5,0,30.0
2026-10-05 23:26,forecast,TN.PRM,4.9,21.1,24.4,0,30.0
2026-10-05 23:26,forecast,RW21,0.3,1.7,1.7,0,2.0
2026-10-05 23:26,forecast,TN.NBN,9.8,9.7,18.3,1,60.0
2026-10-05 23:26,forecast,WL.BOA.01,0.7,2.2,5.2,1,18.0
2026-10-05 23:26,forecast,WL.SBT.01,1.0,0.0,5.1,2,6.0
2026-10-05 23:26,forecast,WL.KMN.01,5.4,0.0,9.8,5,24.0
2026-10-05 23:26,forecast,RE01,1.5,0.0,6.8,6,9.0
2026-10-05 23:26,forecast,WL.STR.01,0.1,0.0,1.3,9,12.0
2026-10-05 23:26,forecast,RE34,28.5,0.0,30.2,,175.0
2026-10-05 23:26,forecast,WL.SSN.01,8.6,0.0,1.6,,45.0
2026-10-05 23:26,forecast,WL.CPA.01,7.3,0.0,2.2,,45.0
2026-10-05 23:26,forecast,WL.DKN.01,2.9,0.0,3.2,,45.0
2026-10-05 23:26,forecast,WL.SNC.01,9.1,0.0,4.5,,45.0
2026-10-05 23:26,forecast,RE32,7.3,0.0,2.0,,45.0
2026-10-05 23:26,forecast,WL.RMT.01,6.6,0.0,3.1,,30.0
2026-10-05 23:26,forecast,WL.KKS.04,4.1,0.0,1.8,,25.0
2026-10-05 23:26,forecast,WL.BNA.01,6.0,0.0,7.2,,21.0
2026-10-05 23:26,forecast,WL.WSI.01,0.0,0.0,1.6,,18.0
2026-10-05 23:26,forecast,WL.PSC.01,2.4,0.0,2.1,,15.0
2026-10-05 23:26,forecast,WL.JRN.01,1.3,0.0,1.3,,9.0
2026-10-05 23:26,forecast,WL.LPN.01,3.7,0.0,1.8,,9.0
2026-10-05 23:26,forecast,RW17,1.5,0.0,1.2,,9.0
2026-10-05 23:26,forecast,WL.RHN.01,2.6,0.0,2.8,,6.0
2026-10-05 23:26,forecast,RW19,1.0,0.0,1.4,,6.0
2026-10-05 23:26,forecast,RW15,0.7,0.0,0.5,,4.0
2026-10-05 23:26,forecast,RW18,0.7,0.0,0.8,,4.0
2026-10-05 23:26,forecast,RW29,0.7,0.0,0.9,,4.0
2026-10-05 23:26,forecast,RE21,0.3,0.0,0.8,,1.85
2026-10-05 23:26,extreme,RE44,9.8,51.0,51.0,0,60.0
2026-10-05 23:26,extreme,WL.BSU.01,7.0,25.5,25.5,0,51.0
2026-10-05 23:26,extreme,WL.KTY.01,4.9,25.5,25.5,0,30.0
2026-10-05 23:26,extreme,TN.PRM,4.9,21.9,25.5,0,30.0
2026-10-05 23:26,extreme,WL.KMN.01,5.4,13.0,13.0,0,24.0
2026-10-05 23:26,extreme,WL.BNA.01,6.0,9.9,11.6,0,21.0
2026-10-05 23:26,extreme,WL.BOA.01,0.7,3.4,7.4,0,18.0
2026-10-05 23:26,extreme,WL.LPN.01,3.7,7.6,7.6,0,9.0
2026-10-05 23:26,extreme,WL.SBT.01,1.0,5.1,5.1,0,6.0
2026-10-05 23:26,extreme,WL.RHN.01,2.6,3.8,3.8,0,6.0
2026-10-05 23:26,extreme,RW21,0.3,1.7,1.7,0,2.0
2026-10-05 23:26,extreme,TN.NBN,9.8,13.1,21.8,1,60.0
2026-10-05 23:26,extreme,WL.PSC.01,2.4,0.0,12.8,1,15.0
2026-10-05 23:26,extreme,RE01,1.5,0.0,7.6,1,9.0
2026-10-05 23:26,extreme,WL.RMT.01,6.6,1.0,19.2,3,30.0
2026-10-05 23:26,extreme,RE07,0.7,0.0,3.4,4,4.0
2026-10-05 23:26,extreme,RW29,0.7,0.0,3.4,4,4.0
2026-10-05 23:26,extreme,RW28,2.4,0.0,5.0,5,15.0
2026-10-05 23:26,extreme,WL.STR.01,0.1,0.0,3.8,5,12.0
2026-10-05 23:26,extreme,WL.DKN.01,2.9,0.0,10.4,6,45.0
2026-10-05 23:26,extreme,WL.WSI.01,0.0,0.0,6.0,6,18.0
2026-10-05 23:26,extreme,WL.JRN.01,1.3,0.0,3.5,6,9.0
2026-10-05 23:26,extreme,RW19,1.0,0.0,3.4,6,6.0
2026-10-05 23:26,extreme,RE21,0.3,0.0,1.6,6,1.85
2026-10-05 23:26,extreme,RW18,0.7,0.0,3.0,8,4.0
2026-10-05 23:26,extreme,WL.SNC.01,9.1,0.0,15.4,9,45.0
2026-10-05 23:26,extreme,WL.KKS.04,4.1,0.0,7.0,9,25.0
2026-10-05 23:26,extreme,RE34,28.5,8.9,42.4,,175.0
2026-10-05 23:26,extreme,WL.BKY.01,8.6,0.0,7.4,,54.0
2026-10-05 23:26,extreme,WL.SSN.01,8.6,0.0,4.9,,45.0
2026-10-05 23:26,extreme,WL.CPA.01,7.3,0.0,11.6,,45.0
2026-10-05 23:26,extreme,RE32,7.3,0.0,6.3,,45.0
2026-10-05 23:26,extreme,WL.BKA.01,9.3,0.0,8.5,,30.0
2026-10-05 23:26,extreme,WL.CNS.01,4.9,0.0,2.2,,30.0
2026-10-05 23:26,extreme,WL.KKS.01,0.3,0.0,0.8,,15.0
2026-10-05 23:26,extreme,RW08,2.4,0.0,0.7,,15.0
2026-10-05 23:26,extreme,WL.SRE.01,0.5,0.0,0.6,,12.0
2026-10-05 23:26,extreme,WL.BSK.01,0.9,0.0,0.7,,9.0
2026-10-05 23:26,extreme,RW04,1.5,0.0,0.6,,9.0
2026-10-05 23:26,extreme,RW17,1.5,0.0,2.0,,9.0
2026-10-05 23:26,extreme,RE37,1.3,0.0,0.6,,8.0
2026-10-05 23:26,extreme,RE18,1.1,0.0,0.9,,7.0
2026-10-05 23:26,extreme,RE19,1.0,0.0,0.6,,6.0
2026-10-05 23:26,extreme,RW05,1.0,0.0,0.7,,6.0
2026-10-05 23:26,extreme,RW15,0.7,0.0,1.5,,4.0
2026-10-05 23:26,extreme,RE26,0.2,0.0,0.7,,1.5
2026-10-05 23:26,extreme,RW09,0.2,0.0,0.6,,1.0
2026-10-05 23:34,forecast,RE44,9.8,41.3,51.0,0,60.0
2026-10-05 23:34,forecast,WL.BSU.01,7.0,25.4,25.5,0,51.0
2026-10-05 23:34,forecast,WL.KTY.01,4.9,25.5,25.5,0,30.0
2026-10-05 23:34,forecast,TN.PRM,4.9,21.1,24.4,0,30.0
2026-10-05 23:34,forecast,RW21,0.3,1.7,1.7,0,2.0
2026-10-05 23:34,forecast,TN.NBN,9.8,9.7,18.3,1,60.0
2026-10-05 23:34,forecast,WL.BOA.01,0.7,2.2,5.2,1,18.0
2026-10-05 23:34,forecast,WL.SBT.01,1.0,0.0,5.1,2,6.0
2026-10-05 23:34,forecast,WL.KMN.01,5.4,0.0,9.8,5,24.0
2026-10-05 23:34,forecast,RE01,1.5,0.0,6.8,6,9.0
2026-10-05 23:34,forecast,WL.STR.01,0.1,0.0,1.3,9,12.0
2026-10-05 23:34,forecast,RE34,28.5,0.0,30.2,,175.0
2026-10-05 23:34,forecast,WL.SSN.01,8.6,0.0,1.6,,45.0
2026-10-05 23:34,forecast,WL.CPA.01,7.3,0.0,2.2,,45.0
2026-10-05 23:34,forecast,WL.DKN.01,2.9,0.0,3.2,,45.0
2026-10-05 23:34,forecast,WL.SNC.01,9.1,0.0,4.5,,45.0
2026-10-05 23:34,forecast,RE32,7.3,0.0,2.0,,45.0
2026-10-05 23:34,forecast,WL.RMT.01,6.6,0.0,3.1,,30.0
2026-10-05 23:34,forecast,WL.KKS.04,4.1,0.0,1.8,,25.0
2026-10-05 23:34,forecast,WL.BNA.01,6.0,0.0,7.2,,21.0
2026-10-05 23:34,forecast,WL.WSI.01,0.0,0.0,1.6,,18.0
2026-10-05 23:34,forecast,WL.PSC.01,2.4,0.0,2.1,,15.0
2026-10-05 23:34,forecast,WL.JRN.01,1.3,0.0,1.3,,9.0
2026-10-05 23:34,forecast,WL.LPN.01,3.7,0.0,1.8,,9.0
2026-10-05 23:34,forecast,RW17,1.5,0.0,1.2,,9.0
2026-10-05 23:34,forecast,WL.RHN.01,2.6,0.0,2.8,,6.0
2026-10-05 23:34,forecast,RW19,1.0,0.0,1.4,,6.0
2026-10-05 23:34,forecast,RW15,0.7,0.0,0.5,,4.0
2026-10-05 23:34,forecast,RW18,0.7,0.0,0.8,,4.0
2026-10-05 23:34,forecast,RW29,0.7,0.0,0.9,,4.0
2026-10-05 23:34,forecast,RE21,0.3,0.0,0.8,,1.85
2026-10-05 23:34,extreme,RE44,9.8,51.0,51.0,0,60.0
2026-10-05 23:34,extreme,WL.BSU.01,7.0,25.5,25.5,0,51.0
2026-10-05 23:34,extreme,WL.KTY.01,4.9,25.5,25.5,0,30.0
2026-10-05 23:34,extreme,TN.PRM,4.9,21.9,25.5,0,30.0
2026-10-05 23:34,extreme,WL.KMN.01,5.4,13.0,13.0,0,24.0
2026-10-05 23:34,extreme,WL.BNA.01,6.0,9.9,11.6,0,21.0
2026-10-05 23:34,extreme,WL.BOA.01,0.7,3.4,7.4,0,18.0
2026-10-05 23:34,extreme,WL.LPN.01,3.7,7.6,7.6,0,9.0
2026-10-05 23:34,extreme,WL.SBT.01,1.0,5.1,5.1,0,6.0
2026-10-05 23:34,extreme,WL.RHN.01,2.6,3.8,3.8,0,6.0
2026-10-05 23:34,extreme,RW21,0.3,1.7,1.7,0,2.0
2026-10-05 23:34,extreme,TN.NBN,9.8,13.1,21.8,1,60.0
2026-10-05 23:34,extreme,WL.PSC.01,2.4,0.0,12.8,1,15.0
2026-10-05 23:34,extreme,RE01,1.5,0.0,7.6,1,9.0
2026-10-05 23:34,extreme,WL.RMT.01,6.6,1.0,19.2,3,30.0
2026-10-05 23:34,extreme,RE07,0.7,0.0,3.4,4,4.0
2026-10-05 23:34,extreme,RW29,0.7,0.0,3.4,4,4.0
2026-10-05 23:34,extreme,RW28,2.4,0.0,5.0,5,15.0
2026-10-05 23:34,extreme,WL.STR.01,0.1,0.0,3.8,5,12.0
2026-10-05 23:34,extreme,WL.DKN.01,2.9,0.0,10.4,6,45.0
2026-10-05 23:34,extreme,WL.WSI.01,0.0,0.0,6.0,6,18.0
2026-10-05 23:34,extreme,WL.JRN.01,1.3,0.0,3.5,6,9.0
2026-10-05 23:34,extreme,RW19,1.0,0.0,3.4,6,6.0
2026-10-05 23:34,extreme,RE21,0.3,0.0,1.6,6,1.85
2026-10-05 23:34,extreme,RW18,0.7,0.0,3.0,8,4.0
2026-10-05 23:34,extreme,WL.SNC.01,9.1,0.0,15.4,9,45.0
2026-10-05 23:34,extreme,WL.KKS.04,4.1,0.0,7.0,9,25.0
2026-10-05 23:34,extreme,RE34,28.5,8.9,42.4,,175.0
2026-10-05 23:34,extreme,WL.BKY.01,8.6,0.0,7.4,,54.0
2026-10-05 23:34,extreme,WL.SSN.01,8.6,0.0,4.9,,45.0
2026-10-05 23:34,extreme,WL.CPA.01,7.3,0.0,11.6,,45.0
2026-10-05 23:34,extreme,RE32,7.3,0.0,6.3,,45.0
2026-10-05 23:34,extreme,WL.BKA.01,9.3,0.0,8.5,,30.0
2026-10-05 23:34,extreme,WL.CNS.01,4.9,0.0,2.2,,30.0
2026-10-05 23:34,extreme,WL.KKS.01,0.3,0.0,0.8,,15.0
2026-10-05 23:34,extreme,RW08,2.4,0.0,0.7,,15.0
2026-10-05 23:34,extreme,WL.SRE.01,0.5,0.0,0.6,,12.0
2026-10-05 23:34,extreme,WL.BSK.01,0.9,0.0,0.7,,9.0
2026-10-05 23:34,extreme,RW04,1.5,0.0,0.6,,9.0
2026-10-05 23:34,extreme,RW17,1.5,0.0,2.0,,9.0
2026-10-05 23:34,extreme,RE37,1.3,0.0,0.6,,8.0
2026-10-05 23:34,extreme,RE18,1.1,0.0,0.9,,7.0
2026-10-05 23:34,extreme,RE19,1.0,0.0,0.6,,6.0
2026-10-05 23:34,extreme,RW05,1.0,0.0,0.7,,6.0
2026-10-05 23:34,extreme,RW15,0.7,0.0,1.5,,4.0
2026-10-05 23:34,extreme,RE26,0.2,0.0,0.7,,1.5
2026-10-05 23:34,extreme,RW09,0.2,0.0,0.6,,1.0
